cvss_score,exploitability,known_exploited,vulnerability_age_days,internet_exposed,asset_criticality,attack_path_reachable,attack_path_length,path_strength,control_coverage,control_maturity,threat_activity,incident
7.739560485559633,0.2181491845610315,0,347,0,9,1,0,0.7934994691509306,0.2688945114379946,0.2206033261276784,0.2556410052066954,1
4.388784397520523,0.6629277005606187,0,521,1,6,1,2,0.9373112487609581,0.6095385840156123,0.05925878012965646,0.6812106415214104,1
8.585979199113824,0.7668615203028132,0,1291,0,9,1,5,0.8722251453786994,0.3431577679631066,0.5273459298829638,0.11404793848848338,1
6.973680290593639,0.1666361430284744,0,154,0,3,0,3,0.7679787242241056,0.6564037147125029,0.10454916332790265,0.389455334537382,0
0.9417734788764953,0.04385828341791598,0,162,0,3,0,1,0.5793358196441493,0.5916265413624162,0.41524245257327996,0.46504847626573553,0
9.756223516367559,0.43958737530133873,0,453,0,1,0,7,0.8086245785124345,0.9977665226215087,0.7695619078813891,0.46844391768545757,0
7.61139701990353,0.7740240859924371,0,904,0,7,0,1,0.9753328700331001,0.31095599007540886,0.7723942732002042,0.2732365552776044,0
7.860643052769538,0.6507798355741427,1,1210,0,8,1,0,0.6373192487905629,0.3498073736878471,0.5621858849392142,0.5292029623166653,0
1.2811363267554587,0.7018817204145913,0,843,1,3,1,3,0.24260512333890427,0.1987675510460507,0.030781052794839114,0.277365974727361,0
4.503859378955672,0.4028393399933684,0,740,0,4,1,0,0.2478458699185283,0.4639081721435214,0.5366970241100796,0.1665333185732718,0
3.7079802423258124,0.23494554525306988,0,1306,1,6,0,4,0.7959872427431963,0.8373602118408281,0.2526600620035765,0.13334422421994296,0
9.267649888486018,0.5317788432846094,0,257,0,8,0,3,0.9894499563265311,0.21099803562700103,0.5684064974032454,0.8947109880253686,0
6.438651200806645,0.2043656937491969,0,1352,0,4,1,7,0.21031183450568236,0.9614098277203463,0.9084111515898425,0.130644483714368,0
8.227616132708299,0.7262286969850658,0,468,0,5,0,1,0.9700846966130755,0.01315728279463102,0.5988684176548705,0.39519227087133424,1
4.4341419882733115,0.19696645595947704,1,413,0,2,0,2,0.268289152657166,0.8051487301469052,0.9405847380303884,0.2519010904888296,0
2.272387217847769,0.29126326671434144,0,1430,0,9,1,5,0.41280292928349827,0.6916257417973615,0.2086121957978525,0.6160456413905204,0
5.545847870158348,0.5065447783230054,0,968,0,9,1,5,0.9081532774182286,0.905253473998943,0.26832279735137365,0.34575837214332117,1
0.6381725610417532,0.48670993414349495,0,647,0,8,0,2,0.9618144673655156,0.5218125114796617,0.14874010288318018,0.2863159051703632,0
8.27631171992582,0.6008493764070294,0,495,0,9,0,7,0.5669544097142252,0.6809643664063887,0.07833239678357584,0.9690112024943749,1
6.316643991220649,0.43744460049991696,0,662,1,8,1,6,0.950090469462406,0.049424062033852745,0.010500897647255925,0.9967462224514594,1
7.580877400853739,0.9194733085100913,0,1187,0,9,1,4,0.8424190785572176,0.39435519477869563,0.9279342617115052,0.13261989964021093,1
3.545259681298684,0.8399340941971882,0,229,0,5,0,5,0.8663955325996172,0.7706995567230701,0.4517326955590011,0.6927863174243043,0
9.706980243949033,0.8791134512366384,0,261,0,3,1,4,0.8682483361365654,0.10898168635308025,0.9388569206402619,0.8898375586294665,1
8.931211213221976,0.6295165714034375,1,456,0,10,0,3,0.386248808766542,0.7823974029589774,0.8640019909567169,0.9708385648782609,1
7.783834970737619,0.6350079158608064,0,723,1,1,1,4,0.030666069099766435,0.3082733188006329,0.7439114566635787,0.29809948506286865,0
1.9463870785196757,0.6091986837159487,0,1222,0,5,0,6,0.16465226679640355,0.35298910795926897,0.9178438371072929,0.7844332185642049,0
4.667210037270342,0.4348841544214562,1,316,1,8,1,0,0.07446836762475328,0.6473748579373649,0.2640098902570204,0.32773515378840823,1
0.43803765787228777,0.3221060010672626,0,1179,1,8,1,0,0.24239819548673525,0.07816397251941354,0.8563766531405875,0.621596111298471,1
1.5428949206754783,0.5920028874488703,1,1361,0,7,0,3,0.05529390281125801,0.6246261010526961,0.6799798568691372,0.5129631704435648,0
6.830489532424546,0.02553183713845031,0,653,0,5,0,4,0.2769407369718707,0.9137239250720531,0.5995412646505178,0.7074928416967561,0
7.447621559078171,0.007456431423803034,0,1441,0,10,1,1,0.5889600747634297,0.09376427778132679,0.618665363997289,0.9127029445355472,1
9.6750973243421,0.8516418262967486,0,1340,1,3,0,4,0.14105987090493588,0.25299729508178104,0.9061577641933029,0.11277581270813519,1
3.2582535813815197,0.046424044777622187,0,1195,0,2,1,0,0.31574281293747,0.013681488807220421,0.9289170698926749,0.22283772081881403,0
3.704597060348689,0.5247951503334181,0,570,0,7,0,1,0.2241360085776829,0.517989997140969,0.1769635131343097,0.5857512869413543,0
4.695558112758079,0.6149877629496451,1,450,0,4,0,3,0.0951022063374698,0.7309601999119122,0.08076521185098529,0.357215234464511,1
1.894713590842857,0.1981712296224356,1,1296,1,5,1,0,0.6760985883499703,0.9263982097923963,0.2726424226318268,0.5578577141941541,1
1.2992150533547164,0.8957308382651483,1,662,1,5,0,5,0.8930263385812547,0.3680296052247869,0.8101810741233518,0.7827870240790941,1
4.757049262259337,0.190095771748375,0,47,0,3,1,4,0.7159929299847089,0.1487512471907093,0.09706185307800297,0.6994877660725151,0
2.2690934905088413,0.8845149873666747,0,1075,0,10,0,4,0.6842142696325535,0.02908456569282858,0.6617608132942475,0.7665873238990072,0
6.698139946825103,0.7629902693330352,0,520,1,4,0,4,0.9830182466080598,0.32500621525374296,0.39921243262239914,0.1611867855619169,0
4.371519188723307,0.24074295352419395,0,1403,1,7,0,5,0.7312751038287044,0.5122278124886345,0.912326981420138,0.030363528999139078,0
8.326781960578375,0.15074416627609355,0,1282,0,2,0,5,0.04710261224914225,0.900773402914693,0.8200194708895641,0.8717273916440778,0
7.002651020022491,0.3162327101862351,0,156,0,10,1,5,0.218246450578637,0.21645153173023146,0.507794405341102,0.4515218634874326,0
3.123666413820411,0.3979505662702747,0,1351,0,10,0,1,0.6374621170143753,0.7812991236574159,0.3806669346720757,0.6356748774384634,0
8.32259801395201,0.24578467649892344,0,1424,0,1,0,5,0.6390443382812293,0.48091984822586165,0.8346111093532709,0.07294248652691371,0
8.047643574968019,0.9988915487544232,0,1134,0,7,1,1,0.8325984171717532,0.8675350159306906,0.24434626970382534,0.7077224957395825,0
3.874783790301745,0.22965233623958103,0,413,0,6,0,0,0.15883481316566983,0.8630651496556291,0.5433542457994361,0.1016578487142813,0
2.883281039302441,0.830634826982857,0,1004,1,2,0,7,0.9812168109641621,0.8576945926150895,0.9316639524713956,0.7873411978840037,0
6.824955039749755,0.15911774709047277,1,1302,0,8,1,1,0.5162909766008609,0.4013452249706534,0.6036988881060608,0.060718038316151635,1
1.397524836093098,0.9802446252759475,0,1223,0,8,1,0,0.9204124472917076,0.346209454148508,0.9300861791883117,0.08320060734725576,1
1.9990820247510832,0.22552345828308484,0,646,0,9,0,2,0.5293430246191989,0.20728863420430477,0.4420092961379489,0.3433003081789039,0
0.07362269751005512,0.42168855478359224,0,1061,0,7,1,7,0.18691480391457116,0.22842902519499364,0.6292970269430012,0.2120209513550806,0
7.869243775021384,0.5585640667679065,0,578,0,8,0,6,0.35101882814380736,0.6162292654815128,0.940395835913372,0.984448339309153,0
6.648508565920322,0.12028571515609332,0,381,0,8,0,5,0.2211663196722511,0.9619411783787651,0.7372775243137862,0.4513205803271719,0
7.051653786263351,0.8168200674791013,0,1009,0,8,0,1,0.26422551195963717,0.6059588560606095,0.9055969428635501,0.46884194108959687,0
7.807290310219679,0.27468553268082985,0,699,0,6,1,5,0.8903578416763093,0.41231748268040036,0.8320417724607688,0.046478188930265674,0
4.5891577553833995,0.5492699016016638,0,337,1,8,0,6,0.3773945933302577,0.24242200610142373,0.07780256356153148,0.49139103576119325,0
5.687411959528937,0.5496338106932469,0,991,1,1,1,2,0.18267095474966222,0.6519694932222345,0.2584675291315762,0.06395167003261126,0
1.3979699812765745,0.602640652325785,0,482,0,7,0,2,0.3645423351868414,0.21094538860603085,0.741482682691308,0.6281133107216718,0
1.1453007353597344,0.05548598652431469,1,881,0,3,0,6,0.6172576469916957,0.09337606511665508,0.8900404564728974,0.981558397659209,0
6.6840296179047165,0.16861876183156788,1,542,0,5,1,1,0.20088612009727302,0.09353998950407705,0.8023095401508884,0.32957917713843354,1
4.710962061431325,0.1611922429233642,0,1327,1,8,1,7,0.05098105062817382,0.8504593713023925,0.31315887668192544,0.808041886001498,0
5.652361064811888,0.30205125941585187,0,1275,1,2,0,3,0.8721200333468756,0.38225561702665634,0.6210446011281119,0.9655018406811737,0
7.649988574160256,0.14491415685833986,0,710,0,8,0,5,0.23922032287939154,0.9403401010245079,0.6613902018610426,0.9679661377095559,0
6.347183200005908,0.9219213207742897,0,1065,0,3,1,2,0.9363628632405262,0.496741779588298,0.43731302421499985,0.7459230998194999,1
5.535794006579958,0.5129544505113007,1,266,0,8,0,5,0.04714404682192519,0.6915060838285261,0.5876982911478897,0.8699819607789199,1
5.592071607454136,0.6235751477026844,0,1496,0,8,0,7,0.6508382101917022,0.8269517146477149,0.9859963223768281,0.35145608883685386,0
3.039500980626122,0.35748817539812083,1,321,0,1,0,3,0.6652425283094616,0.8744891729976344,0.5446853800308561,0.583855299665599,1
0.30817834567939406,0.27624614103391154,0,1300,0,3,1,1,0.15602818968002974,0.1625494755595832,0.19435938637283712,0.662886072691225,0
4.367173892323624,0.503177170232213,0,1269,0,9,0,0,0.6652320519007898,0.21667341741020552,0.5041050732068886,0.21737367722388667,0
2.145846728195292,0.2943229748348336,0,267,0,4,0,7,0.3876375774265941,0.1500916792149417,0.17575118996987016,0.31341182781277876,0
4.085286437246362,0.34364592572976427,1,13,0,5,0,7,0.3817689745759012,0.4455505905298658,0.6882081043791345,0.3614285843275864,1
8.53403073268166,0.45275087427085714,0,1105,0,1,0,5,0.877479505270697,0.15503454292007335,0.9019021436762592,0.06570543341003277,0
2.3393948586534075,0.5057336871843555,0,1303,1,7,0,0,0.9524145559191941,0.6508653750142246,0.6758670198018472,0.4565492361302812,0
0.5830274168906602,0.9843140117818387,0,1074,0,1,0,7,0.17011393245877515,0.36282693333933735,0.8776319766250303,0.7833485085689345,0
2.8138389202199656,0.2233225881619405,0,83,0,3,1,3,0.6840989951519546,0.9640715200591846,0.7276901388839586,0.6497815598706269,0
2.935937577666836,0.48797616488264717,0,968,1,5,0,1,0.15471015571926616,0.8165871862280782,0.43745675719769594,0.625134767262998,0
6.6191651472689506,0.14951173948933894,0,587,0,8,0,2,0.03500051097767887,0.7242801116381316,0.5381958907699724,0.6059174731028962,0
5.570321523412783,0.3499992327079726,0,1373,0,5,1,7,0.14953084560069674,0.68871267852973,0.5325598727508193,0.022528722504895904,1
7.8389820910641355,0.7173107187064043,0,1200,0,10,0,6,0.6346558521087087,0.03960521816735485,0.39249384499169115,0.003296011456382919,1
6.643135403273876,0.17446214376057456,0,1198,0,6,0,4,0.7264373768549346,0.08368559531676201,0.09292180323286525,0.16911997741952256,0
4.063868614400706,0.5813513075500432,0,611,1,3,0,5,0.5070366637838519,0.43211098828575545,0.7018156559742528,0.9132974115724388,0
8.140203846660347,0.4167010235680072,0,483,0,2,0,6,0.9516656496950707,0.9147001311628321,0.04716166717692338,0.8571199759020355,0
1.669729199077039,0.05157954440447299,1,1233,0,8,1,5,0.7641728716837937,0.09402818194241236,0.20404770499216274,0.5767931852406553,1
0.22712073133860478,0.9330752414784446,0,172,0,5,1,2,0.16161822369156664,0.42013947312787736,0.45387590867943794,0.3854042248176188,0
0.9004786077564175,0.41360314029288636,0,150,1,7,1,0,0.20793760700019337,0.7939149132691952,0.9870851907983986,0.9636174392700434,0
7.223593505964503,0.7839265357511662,0,93,1,4,0,0,0.5960819573450928,0.3197928002295143,0.30686488474305207,0.06598628584606958,1
4.618772302513873,0.4163134887318003,0,767,0,3,1,1,0.33330060358211056,0.9293823888051495,0.7947048282988197,0.09712009665814347,0
1.612717790336018,0.9373603215787846,0,113,0,6,0,6,0.0008930820490428149,0.9346998322993574,0.41947045877304745,0.6210137669630632,0
5.010447751033635,0.29047033442889747,0,873,0,3,0,0,0.02429429370656433,0.05697398553351096,0.22155552965209713,0.5475177600862162,0
1.5231210271316842,0.41223064968769685,0,251,1,10,0,1,0.4080989842371612,0.6164030372427944,0.02658188706908149,0.9812994105058486,1
6.96320375077736,0.7588642402592863,0,1336,0,8,0,7,0.5236153444920133,0.14557210405749277,0.08844769696294896,0.8025410511110349,1
4.461562755740307,0.3436673152808569,0,648,0,9,0,3,0.6533187457630338,0.44101072462808844,0.41673447932648255,0.9382190089688421,0
3.810212260964825,0.36435707133517936,0,140,0,3,0,1,0.7631398202107695,0.8978044341647407,0.40018456465651553,0.7216997021802803,0
3.015120891478765,0.9948231734142234,1,1040,1,1,1,6,0.968758873120742,0.07336705711901514,0.6263566120453816,0.9268501212942818,1
6.302825931188885,0.555614525690352,0,507,0,1,1,7,0.838865313726017,0.9373605837588372,0.06221884100623021,0.6868037119340685,0
3.6181261055339045,0.6893804536701481,0,392,0,9,1,4,0.3559403695096469,0.9944602217552688,0.28393308911732784,0.5256776442344124,0
0.87649919316101,0.6434622341536098,1,989,1,9,0,0,0.5346938373132545,0.6702456478501859,0.02342406851688128,0.5800342417233988,1
1.1800590212051532,0.8279241471565723,0,1433,0,7,0,5,0.2159200134290591,0.35627165702305064,0.8719120417022548,0.9012089756256164,0
9.618976645495145,0.861825099441743,0,1469,0,6,1,6,0.9687531312578934,0.2510126608877947,0.3975442521032668,0.10466479003486917,1
9.085806907076071,0.5632561324703096,1,653,0,3,0,7,0.5354429323294904,0.43260768907577274,0.5842858019559167,0.5653815869321401,1
6.997071338107496,0.29455607496639935,0,1272,0,8,0,4,0.24967025111122254,0.17982661637882236,0.7105574563907324,0.39226316229044766,0
2.6586996145951955,0.022800247574969457,1,314,0,6,0,7,0.7240437624964876,0.0200564974257863,0.2679692189464602,0.6629529136731086,1
9.69176377347724,0.6144032510643201,0,1269,0,7,0,6,0.48789032396847487,0.06273862611817704,0.13494896508530174,0.6037892802190377,1
7.787509039657946,0.8254688332656196,0,1413,0,1,0,1,0.9967250708549834,0.6635656019988428,0.5802711814154545,0.3996175001140826,0
7.168901891589956,0.4505398055116595,0,775,0,6,1,5,0.07471058679419751,0.020755515349490272,0.9033579249595041,0.6893104337078698,0
4.493615021437886,0.1647061404908643,0,784,1,7,1,5,0.3354721753429696,0.30146175406595843,0.8925796354903003,0.5359878629869594,0
2.72241561845159,0.2880820729356409,1,846,0,8,1,6,0.941851894523251,0.6763893883851917,0.30823964231984524,0.18747300385825794,1
0.9639096215349929,0.5099889295118646,1,109,1,2,0,4,0.46119993376115753,0.17477788614024037,0.2661601662241452,0.6380596011110917,0
9.026023965438416,0.8366812189776666,0,1287,0,1,0,5,0.3117945202687239,0.33227701651987507,0.35355714091990564,0.026678897071574004,1
4.557762898336111,0.17175314606842063,0,1106,0,9,1,4,0.6048722114096547,0.03144160122980366,0.24524696238438703,0.822986428163371,0
2.023633647952303,0.6121498757095142,0,1304,0,4,0,2,0.6644935498963291,0.11242249713100771,0.9645135375180348,0.9064859834291594,0
3.0595662415065252,0.7533686139505454,0,172,0,5,0,3,0.09280748694426066,0.2259252279613866,0.03466709044607508,0.07793859160872607,0
5.79219568941896,0.9360475203348232,1,1203,0,7,1,7,0.25938735764965193,0.126176894408496,0.19132598276438106,0.2567802102346708,0
1.767727829392317,0.11670369167885941,0,544,0,5,0,6,0.3089753084588224,0.4720599426608848,0.028298840085885568,0.12681723998766026,0
8.566142840923755,0.9263916341645574,0,1227,0,10,0,5,0.24581053234124084,0.12694747576923826,0.8539805943750876,0.7718273676258313,1
7.585195298352101,0.6014675351744795,1,1490,1,9,0,2,0.38287761563765454,0.30518203274449873,0.47150717233910855,0.07105106416379925,1
7.194629559509368,0.766701587432286,0,1319,0,4,0,1,0.3347084997408186,0.7235683146945461,0.2280520483381986,0.5411101522891959,1
4.320930397751037,0.05377470956855546,0,1373,1,2,0,2,0.7314216478290219,0.6538527394976348,0.3953939439073504,0.3882119692135183,0
6.2730884070244315,0.5061481556405951,0,170,0,10,0,2,0.5989345047722784,0.3829990823081414,0.10608403486350426,0.7508680385597816,0
5.840979689127356,0.6226296740807937,0,493,0,8,0,7,0.42919430815205406,0.931088057325205,0.10766949591096575,0.6391314025148523,0
6.4984660155482,0.3068338398728402,0,438,0,8,1,4,0.2000040222912015,0.7872225489811194,0.9468853479209106,0.5441879728223286,0
0.8444432113988909,0.43165020810125265,0,770,1,5,1,3,0.42063943505846757,0.6071765576567862,0.6960761666697188,0.5034963604828119,0
4.1580740217060965,0.554298135279598,0,1464,0,5,1,7,0.18048402670221408,0.43677870209338976,0.6386922266013403,0.7750213136648286,0
0.4161417386189248,0.5525479397729799,0,1028,1,2,1,2,0.9521458587753618,0.06003617908569581,0.472757004849214,0.477215700639426,0
4.9399081924451895,0.041861525406838074,0,817,1,5,0,6,0.17377363063204698,0.41285273232647934,0.4898190483577264,0.4198067473030961,0
3.298612123327853,0.4394817665788924,0,1207,0,6,0,5,0.8586773673044568,0.5452662504366936,0.772044663157639,0.02531732343749682,0
1.445241888660469,0.21381815479223087,1,264,1,2,0,2,0.6155807594732238,0.9910175143294473,0.052391196691928044,0.26855757477056164,1
1.0340296772255164,0.9166950780853498,0,990,1,7,0,7,0.8108178381495901,0.9516063069240625,0.6674416314974766,0.36986790897692023,0
5.87644572177712,0.9765799901233341,0,754,1,7,1,5,0.888561368087372,0.11221157996998654,0.5505026554833632,0.5787567982093127,1
1.705929685368861,0.2996468963520691,1,304,0,9,0,7,0.8039849479858042,0.9792661415838638,0.30669978085159966,0.6732033363673807,0
9.251201183767972,0.17518539725105875,0,968,1,1,1,0,0.5892948961307447,0.7546176298564561,0.21567159868940045,0.9626961439951431,1
5.8106113970039495,0.21950415094834308,0,1260,0,3,0,2,0.2669938623288597,0.6819356566773892,0.8617553056671858,0.2766938589933401,0
3.4686980453483707,0.47775225535295374,0,1242,1,5,0,2,0.6600058638019735,0.9035609664286015,0.9315574085524431,0.5444150760353851,1
5.9091549148141675,0.8745055991131784,0,1264,1,9,1,5,0.004843550906892924,0.32505547746244445,0.09582154540669241,0.7560390004677714,1
0.22803871029697498,0.5000362149376396,0,1218,0,3,0,6,0.37746629735917125,0.3993028234965632,0.16982936030648899,0.31052231606446734,0
9.585592132414453,0.05539206171529765,0,703,0,10,1,0,0.8579636879310745,0.8709469515282927,0.6671094015981612,0.5485275802755828,0
4.823034369429003,0.03988560271314401,0,73,0,10,1,1,0.5805361918497028,0.10399130072991469,0.7740134345875709,0.4185433958830024,0
7.827352272502862,0.22739094562284856,0,1447,1,1,1,5,0.2606236964282953,0.7091598472198466,0.4913397613661118,0.39724912329772577,0
0.8272999992243857,0.8427712776094288,0,680,1,4,1,2,0.8921808306904837,0.809822190492638,0.9268924766481107,0.0626816197702128,0
4.866583308381603,0.621480557535144,0,949,1,3,0,5,0.015269059960770992,0.8850629530438724,0.8730316949509983,0.02423644891295884,0
4.907069943545209,0.5629578537862915,0,30,1,5,0,0,0.8829250779417418,0.21917279132258594,0.12625402627654758,0.2953676794553536,0
9.37826454974983,0.3189695925826421,0,1333,0,10,1,4,0.7594542386202581,0.6792464912077797,0.1424465119168037,0.91228843601092,1
5.717280523760754,0.9294254050461873,0,1332,1,4,0,0,0.1463762465212295,0.08571796558783784,0.08589602444319222,0.1927722698679839,1
4.734894010569538,0.33117824496213244,0,1392,0,7,1,7,0.06290432137141422,0.8609623315819604,0.8754209807633758,0.0630008752247877,0
2.669756630918936,0.8349444126529467,1,260,0,2,0,1,0.9512353818825771,0.48179937317870025,0.55763027916985,0.6202103596914641,1
3.315689973425522,0.8959035179758841,0,1264,0,6,0,1,0.06703318302376504,0.6241649839313531,0.9413924433943005,0.9585423977434665,0
5.206724024715378,0.4833350132161367,0,937,0,4,0,0,0.9737616190427607,0.8513754069509892,0.7292339097714882,0.05716754474848551,0
4.389114603050467,0.8942892694807426,0,219,0,10,1,1,0.4206290386581657,0.5060237394825966,0.7320002008347898,0.7454567087109185,0
0.21612079880330426,0.2768032873910471,0,855,1,8,0,3,0.3535043234222145,0.5086585237920649,0.1251498895293619,0.10849979183304381,0
8.262919241943578,0.6584334261832758,0,714,0,3,0,4,0.650044014492085,0.4646561222796731,0.10952102848559508,0.13533317951700297,1
8.961607718397667,0.08796374852438626,1,938,1,7,0,7,0.49604674425972395,0.6006931236201671,0.930956892126729,0.9360833323985828,1
1.4024908899861077,0.4739342140923939,0,125,0,4,0,7,0.3900477977116027,0.7173232448075453,0.4826012598026763,0.7012098839229527,0
5.540361435390494,0.2173318021583479,0,845,1,5,0,0,0.6401617375201863,0.8051682351922134,0.9939271935459834,0.5593001176177886,0
1.0857574113544355,0.06276327793060288,0,1016,0,5,1,3,0.3500665349515101,0.02980348889101514,0.32303450523309896,0.16465101464573106,0
6.722400930398117,0.0037255080776207317,0,1073,1,9,0,6,0.03435369915140063,0.34807726954488594,0.6214163525001271,0.5590546712496888,0
2.812337838390083,0.32475211644080837,0,1153,0,3,0,1,0.824639386346025,0.43252752393605387,0.572808129103658,0.06227168002504857,0
6.594226346919018,0.5895305945367628,0,939,0,1,0,5,0.5146393501502596,0.09869339572502811,0.06807793396279671,0.39443049613225334,0
7.269946142868826,0.45523034765115733,0,1052,0,2,0,3,0.6866845012774525,0.7516213228836478,0.5188554728619793,0.7044505947227322,0
7.68647491917657,0.3017692985194961,0,135,0,9,1,1,0.5751738851726529,0.5228757178316474,0.9243823410296866,0.5683263850920369,1
1.0774094595589656,0.9912000307762511,0,1196,0,3,1,0,0.614192345813591,0.0018827823469366178,0.45386996024093007,0.6751650326230408,1
9.160118451376078,0.9395250399796778,0,550,0,1,1,2,0.21893973295530123,0.6313719432525183,0.47262915259992844,0.11584172877090804,0
2.302139908948808,0.12565330683749687,0,821,0,5,1,0,0.9346606277646188,0.3390219969909837,0.7008475419378015,0.7585981608193217,0
0.3741255617617978,0.41510742666849476,0,819,1,9,0,1,0.4477227201532361,0.7268543453136473,0.7807088519493294,0.9562824130770875,0
5.548524693914834,0.6488469339936108,0,1464,0,9,1,4,0.9200967814704778,0.1796951386455432,0.8279607725237146,0.907525695782795,0
3.7092228386243873,0.7334907975299367,1,487,0,10,0,6,0.8069180221918136,0.0012094969452912663,0.45196710974413257,0.08793468866936605,0
8.297897431324131,0.3663721549094904,1,576,0,7,1,4,0.7200818438061748,0.0868239201728519,0.44401385384853365,0.09859579806041507,1
8.082514720643019,0.7462818127353477,0,1140,0,9,1,5,0.46011786176365654,0.44040007604098264,0.4733562592708507,0.5133651957507622,1
3.1713889282271532,0.12415001291067829,1,951,0,8,0,0,0.022643644519567796,0.7480097448749862,0.9689880569360951,0.524060987295856,0
9.52899395069745,0.3318126252577047,0,476,0,1,0,2,0.31521214959827404,0.6039140349727535,0.9291828307680446,0.8571263217569871,0
2.909178381401186,0.716433175755905,0,516,0,5,0,5,0.6648575925606248,0.014966600512466677,0.6227488857958766,0.3688777350374045,0
5.150571292317146,0.6256827902603751,0,1243,0,6,0,0,0.33065333900222704,0.5916082923816323,0.28432949363515125,0.5144771361011781,0
2.5596509056760275,0.8372102148616549,1,1253,0,5,0,4,0.09912736927552779,0.48217352273807057,0.9004159154460931,0.20369765706086518,0
9.360435700489633,0.04685702266715508,0,220,0,9,1,1,0.5177588050443718,0.7965450225460828,0.17092962448241167,0.9465942637875603,1
1.6460781758201815,0.17439171782304852,0,599,1,10,0,3,0.15447954639773498,0.2566660944181641,0.10675055242795806,0.12092322850808601,0
0.4491061939232899,0.04849458227196646,0,1154,0,6,0,5,0.3062205118715611,0.7189313052814318,0.4145652871385185,0.9040731702349574,0
4.350970600030379,0.19211422424921132,0,177,1,1,0,7,0.5019130277122226,0.6317767535481437,0.6853035442606187,0.890684090137627,0
9.92375564055837,0.004282810632935008,0,275,0,4,0,0,0.11627982900100287,0.6229911252854059,0.052589561897775305,0.05048044558973164,0
8.916772662549139,0.5042103016788663,0,237,0,2,0,4,0.11252853830976062,0.40555543952883977,0.3128894326850311,0.7754174417324031,0
7.486080194569492,0.5283143955682554,0,792,0,5,0,4,0.21008882127639883,0.012848309122307056,0.784147672357275,0.3375237089343711,0
8.90792490878525,0.6578917814059948,1,676,1,3,0,0,0.5918056771446413,0.18764229178860936,0.6592193693919736,0.2247053490629337,1
8.934466396978632,0.38491244720104345,0,480,0,1,0,4,0.93319788783443,0.8442495197291002,0.08446706660432457,0.40243888501439595,0
5.18858360386449,0.003207690685184006,0,203,0,2,0,0,0.23903665441733912,0.6168442108887459,0.20181152965685867,0.9239326420800965,1
3.1592905183079303,0.6738911544076371,0,956,1,5,0,5,0.7198237118107547,0.5781407668342992,0.7251704229853688,0.3989046665487256,0
7.72012432110988,0.05429108774791258,0,1210,0,2,1,1,0.1893785044142583,0.5256910991971699,0.11664474083172993,0.24270475157755267,0
6.616612631677611,0.8661704308177439,0,319,0,1,1,1,0.6355149836533133,0.07693152126406666,0.00970440540640538,0.5245937165278272,1
3.7365772887371005,0.022653987707937362,0,999,0,3,0,0,0.13771937984291927,0.3476693083007718,0.9926809508396212,0.40962214795507557,0
0.9446666806151527,0.5304751232566325,0,1193,0,7,1,3,0.8453810833965169,0.6191498171601391,0.6139338212345506,0.019012523834616157,1
7.46789611349026,0.8949178823855207,0,835,1,7,1,1,0.7425089858114216,0.12555009140970608,0.4289531606172986,0.18629609344885745,1
2.624605159228647,0.5724895757887801,0,860,0,4,0,3,0.680726444658139,0.9209941051311178,0.5970780744982129,0.017231268814906442,0
9.368131505337793,0.60841674654393,1,250,0,7,0,7,0.014661776203388821,0.07264803377657858,0.6701835059406824,0.5221942187210762,1
2.4097057500568475,0.6816108483374057,0,1435,0,2,0,6,0.8364098516185701,0.6797860385434875,0.49550142925941243,0.6413269926752834,0
1.2275793241148603,0.12240884773046701,0,1434,1,8,0,6,0.15085051504055336,0.30124198493988796,0.6580680401576513,0.7183316705409643,0
8.311126721249062,0.6749271008105595,0,1067,0,1,1,3,0.5334890152910078,0.8636746147813341,0.7085699344746144,0.20790254530788033,0
1.5328431662449404,0.8803548820128152,0,1354,0,2,1,0,0.7766616381224039,0.8268370125444657,0.17945674149997093,0.8050140969203784,0
1.7926830815773909,0.9742208328353165,1,911,1,10,0,3,0.6316705168895291,0.333211334066676,0.4237092421648122,0.411036331455118,1
5.993827915208435,0.44305199935834705,0,991,0,5,0,0,0.8190247337193742,0.46211328319002865,0.30460932755426673,0.04918111991470453,0
8.745620408374645,0.34450485167754685,0,1243,1,6,1,0,0.7088521363213985,0.9591113982195408,0.7973488353733198,0.9276977283820216,0
1.9643466571457324,0.753309615596317,0,57,1,4,0,2,0.7560761254479127,0.6079016963543981,0.7699064586331147,0.6934439041274539,0
3.1032367290009475,0.5428742880953146,0,329,0,7,0,5,0.2987688158688546,0.006002330236535625,0.8106056926629949,0.5625546283073075,0
7.774048382411776,0.2573046544550305,0,305,1,8,0,6,0.3791058127707927,0.7772411411402442,0.43747927764398287,0.04021340463109002,0
9.718264260609674,0.17215788496970297,0,949,1,8,1,4,0.5014529306552323,0.36131397666074694,0.5753300731951471,0.013975616360012877,0
5.007411862023423,0.1702303005927437,0,363,0,3,1,2,0.586160745386969,0.2758407357387491,0.7056090969465537,0.5648349011602705,1
1.4389750255125078,0.45917703660615206,0,585,0,7,1,5,0.6916710131815671,0.8321409052628596,0.32211204342845556,0.8787870183034077,0
0.13936287708201545,0.17012440561565012,0,740,1,8,1,7,0.5555747323573258,0.9675271668582736,0.9776860871293387,0.6474606392811082,0
2.2965602999885526,0.019718944011485773,0,1115,0,5,0,5,0.7104572336206232,0.06204007495747221,0.37862380454851374,0.005541415127062299,0
1.3182221778652103,0.05208877496969,0,776,0,4,0,6,0.15075029760706726,0.39035622476837095,0.5370152795961458,0.6380195653361372,0
6.776586736128575,0.9298845439529657,0,36,0,7,1,7,0.3946466142214202,0.27971512769956464,0.8267931341731571,0.34860855996047735,1
1.2183250462853112,0.07296134116013575,0,1030,1,6,1,5,0.9133054443383485,0.897753931264707,0.7470872185975594,0.12203096352946907,0
5.06329931620633,0.07318069058095955,0,641,1,3,0,7,0.21695708618087972,0.8676949634696878,0.501577047638324,0.8115562508039282,0
6.9426243564288646,0.45118844553353243,0,170,1,10,0,2,0.14366086835675607,0.9011171349524765,0.40832668299961594,0.5764512717927909,0
5.811166092209024,0.24510028233503256,0,977,0,6,1,2,0.7448078382521905,0.04265962626790809,0.6370754721292533,0.7242293242405298,0
1.9977565166005762,0.9626938521724977,0,405,1,6,0,1,0.19442914512288023,0.05010974591185968,0.4357126732299994,0.16506583217874005,0
8.041245261822628,0.9109858394978042,0,690,0,3,0,1,0.45760952418316625,0.5514003846911474,0.5920083926537159,0.11612656292145418,0
7.154071296158016,0.4047432486712671,0,1451,0,7,0,4,0.7118316997951107,0.1669014948196632,0.7999800006488264,0.5145099658705151,0
7.389840039155418,0.4487315194162592,0,356,0,10,0,7,0.4848500854034449,0.11265857716514693,0.12178191084019774,0.5278691074451923,0
1.3105775155731325,0.3751136530755702,0,1327,0,8,1,1,0.9015109749123099,0.26035835485432623,0.697349025046231,0.5820536554968753,0
1.237538036503446,0.03786611664312822,0,696,0,6,1,5,0.8781484518000889,0.7094006048114666,0.053833525520217584,0.7442338373737764,0
9.275625510065076,0.29284683925470867,0,1398,0,7,0,0,0.5029505653099964,0.6716540746205996,0.7340102982745734,0.6635975429892668,0
3.9757819382494066,0.12267346961198411,0,1274,0,3,0,7,0.9608493645640394,0.7851921238534788,0.2091544258867929,0.6762561319418308,0
3.0094869178093973,0.10237033001512275,0,1248,1,1,0,4,0.2917738691141587,0.06275277995661754,0.49337489692593073,0.17499813049462065,0
4.885840453515334,0.5608615729363878,0,310,0,7,0,3,0.23389194087117604,0.7664132700177704,0.26699226422711986,0.4181079442742517,1
6.628642127635825,0.09876485771356225,0,1186,1,2,0,2,0.6702449154334353,0.49061752173393003,0.32190877594164014,0.5999775686683283,1
9.5562325704697,0.1029313237952636,0,550,0,1,0,7,0.5727820791649362,0.3129952135017948,0.6287241628948784,0.5186441340207015,0
2.8644622688205503,0.48051371481934857,0,1365,0,8,1,3,0.251106907779703,0.6102846150111396,0.4311741666884833,0.30423470686782406,0
9.248084293120272,0.44228236512263874,0,1485,0,5,1,0,0.3711314588500396,0.7995301384036989,0.4875698196970103,0.9442698104587417,0
0.24859491386256316,0.13763478513236937,0,917,0,9,0,4,0.23302700631496553,0.10387497259611234,0.9989409251011152,0.1401923746311483,0
5.551980423268247,0.004449024808863,0,1369,1,9,1,4,0.23697714578537554,0.8072924272984444,0.12161346744044055,0.974633167790897,0
6.339751116810851,0.19297444176784384,0,799,1,2,1,5,0.36757091818084797,0.5694398836357374,0.38427014421081807,0.7820620384564173,1
1.058974037507533,0.23589225418204074,0,50,0,8,0,3,0.9242196850080998,0.6200540282198224,0.5302096996408474,0.596178142485788,0
1.4033959706391264,0.8002484436088676,0,1310,0,4,1,2,0.8348978676382459,0.878952161892939,0.8137062849699801,0.1274717190832756,0
4.191143193163038,0.915438350527215,0,795,0,8,0,0,0.5124181851356127,0.7099875914808582,0.2823923987284229,0.5639075701193791,1
9.662319121431818,0.40594439748796973,0,66,1,1,0,7,0.4777695138776078,0.5835241641873906,0.39384694088908356,0.08793938854340977,0
5.960425532343728,0.4050267265009778,0,98,0,5,0,1,0.031478521622398836,0.3360226502696193,0.8212617734899368,0.9319276345214772,0
9.330232216002113,0.7124812837598667,0,1084,1,7,0,2,0.4622961651782408,0.510310161543248,0.5303710263085386,0.28560546571779644,0
8.043609156129708,0.626922015704689,0,1385,1,5,1,1,0.623776849231512,0.8365665885601204,0.856065730114254,0.3995156226979413,1
4.673816015552915,0.18414018669340915,0,1046,0,6,1,1,0.7785902070641265,0.9956072249239818,0.06434794005154876,0.6367740348896682,1
7.847634492521874,0.10768912229586136,0,662,0,1,0,0,0.3559796920134912,0.7561521154010431,0.287079668886827,0.018745396165627315,0
0.17836783976987736,0.4376118906550508,0,460,0,1,0,2,0.9193887639484477,0.7901625650335776,0.5577532601993226,0.5419390983322917,0
1.0914399676573494,0.564828363162763,0,627,0,7,1,7,0.8401927835153289,0.6994180509977496,0.1219861544490699,0.7148383619573055,1
8.294286148827364,0.13870760315880926,0,484,0,5,1,1,0.08223344225894569,0.766950489723654,0.48178713232689296,0.20726462265289258,0
7.968170883251617,0.29327349340844455,0,409,1,6,1,7,0.9029480546018064,0.24317965267470953,0.017635955847342344,0.1540105300724739,1
2.3264074196643367,0.3059429964305749,0,192,0,4,0,5,0.22282927768166794,0.42383297307742795,0.5046619397421217,0.487650582483489,0
5.307695905990535,0.261298201024164,0,853,1,1,0,7,0.923318028251675,0.5559959842656582,0.9203156143772512,0.5365583476976188,0
6.060158207000109,0.46076126629179104,0,327,0,8,0,4,0.6306798176588683,0.5494641303373318,0.9483181066387767,0.4390551819426032,0
8.677389537760112,0.6530635843197385,0,217,0,2,1,7,0.4119202455925465,0.5972677921803481,0.31911239551432635,0.29560710458547734,0
6.031071573387257,0.5093898836159924,0,413,1,8,1,4,0.4364511234943712,0.9735347929297427,0.003456364317587113,0.409831569132064,0
4.1257156927368035,0.2014565622473442,0,1198,1,1,1,6,0.5627886450437494,0.8552705359214411,0.9121487992076099,0.3122930292044447,0
3.741840434071827,0.10293904704739976,0,859,0,10,0,0,0.8438728661336246,0.8278331918064396,0.5671899081693482,0.24966142142224013,0
4.258820863735099,0.8218704628987004,1,736,0,3,1,7,0.8369225170336823,0.8303701441260827,0.5806217072029797,0.472114569370234,1
6.519310255799741,0.4793046827177857,0,887,0,9,1,0,0.414903056904124,0.7933332020312133,0.8150680393278279,0.3956443384828926,0
8.674906317523249,0.0621391841338772,1,849,0,1,1,1,0.8490272393880993,0.6792035097385722,0.3933518434118257,0.4353913708167422,1
4.538968820762998,0.258121499649558,1,746,1,5,1,5,0.4719541053644446,0.2565425172381697,0.4201168854886015,0.00023101024298965989,1
2.478395629513581,0.8040337783841548,0,1261,0,5,0,2,0.4175509276826447,0.8557665878555027,0.8514869670365635,0.6927034682085017,0
2.3666236299758117,0.75172632477355,0,1095,0,2,0,0,0.2432534300651661,0.2797308323725749,0.4915387535262101,0.04687443819303394,0
7.460142802434464,0.8758166328973778,0,277,1,5,0,6,0.8279300170143881,0.7248885772208093,0.7358082370783585,0.2067017522028971,1
8.165687634239104,0.6020878260016921,1,1225,0,3,0,4,0.6200635377891291,0.11098371264216811,0.905034871069638,0.8034517764804626,1
1.0527807985412496,0.422905934358055,0,262,1,5,0,3,0.43111780664891597,0.5472784925724106,0.3935919237213086,0.9841515613750568,0
0.6655885695517816,0.42663499755445067,0,117,0,4,1,2,0.6623766534785472,0.3188005857853379,0.8889326388302077,0.9914777131124267,0
5.944336637564518,0.19400004449294372,1,631,0,2,0,5,0.8610119888920778,0.7044572455846312,0.3273988024570519,0.5922303565433089,0
1.4617324419269828,0.6507989615178819,0,589,0,8,0,2,0.1978238356196943,0.8552867858379731,0.9295769916795718,0.25941446442563787,0
8.246641904563413,0.585068756092854,1,1179,0,6,0,4,0.39244206900031686,0.015527165642128304,0.3053702181186885,0.834833821242536,1
3.1033467392407443,0.1548644114288359,0,1042,1,9,1,1,0.3803003925486613,0.11432191651613877,0.2342250621055797,0.6503259883688163,0
1.4387193297114265,0.8856629200453748,0,87,0,9,1,2,0.07602185984940879,0.9255168239556865,0.720821412620069,0.9861942369240754,0
9.209704724874502,0.36846820331059704,0,748,0,3,0,0,0.3340682545769783,0.23927099621173908,0.9219985433163531,0.5491019428900115,0
1.6553172273527816,0.049738765521068484,0,1192,0,3,1,2,0.7617930042126623,0.730789413745202,0.7681478416803261,0.5261713497802686,0
2.8472008233793558,0.3278809207797838,0,1099,0,10,1,3,0.25334014009459294,0.812546705538397,0.7401218839133805,0.043795095752943713,0
1.5361339519205863,0.8698567147115758,0,751,0,4,1,5,0.8109150382401175,0.740550330863724,0.9730253885087837,0.19440231762830684,1
1.1549006366535497,0.9169565858617845,0,923,0,1,1,6,0.955253564405487,0.032107327357030147,0.5574430467881832,0.6669216737652865,0
0.21148016336440034,0.4903984172596335,0,842,0,6,1,4,0.22397045798853776,0.7354236406812185,0.8876192424699596,0.993772588650124,0
0.5539540916426011,0.9563399400734179,0,346,1,10,1,7,0.40966629452804937,0.9615712399895218,0.03709457025428775,0.4756258477262223,0
1.746414709358527,0.875241809211976,1,846,0,3,0,2,0.1313340382513425,0.3687931708237717,0.1321567255268633,0.029094743992046257,0
0.5338193262717539,0.8252307170992254,0,1012,0,7,1,3,0.6921440821124715,0.7102551175332874,0.27149168943873947,0.39953524057544176,0
5.911438161109713,0.859710064682206,0,84,0,4,0,4,0.4821999802956415,0.27646970417853256,0.9461249360123287,0.1263121970778831,0
6.807145267995064,0.3818754121688235,0,1042,1,4,0,1,0.588711275601967,0.99745536011552,0.19692958724013987,0.9597195103626761,0
3.936304568320282,0.7564689407555436,0,374,0,5,1,3,0.7786933398539819,0.2083400399926233,0.3830827787512311,0.14131208274661344,0
3.179910969520494,0.5773390030761493,0,11,0,2,1,7,0.7761791090034145,0.3055659796541321,0.035528369677987115,0.11786169921108958,1
5.045262370222301,0.7196840017403067,0,1132,0,4,1,3,0.5159756380117302,0.16790558797922506,0.07818869591160316,0.4577631414842912,0
8.750049422346086,0.17778610758077462,0,584,0,3,1,7,0.8823208157660565,0.9551772744650701,0.5826482056934079,0.5419132912667076,0
8.51131626822206,0.731393911774942,1,618,0,9,1,5,0.9319312779276233,0.5714263771883487,0.09773785486117748,0.717299405066576,1
0.43475062012791943,0.9575924341941717,0,936,0,3,0,1,0.6307133075353534,0.24698496011081128,0.8992035161770081,0.36798164582506787,0
1.8149840959652408,0.30266332238142957,0,840,1,9,1,3,0.03840640187431621,0.13450566576144252,0.8858006742236227,0.8969873571201404,0
2.36744871104396,0.9861613239556271,0,930,0,1,0,2,0.7759657080896254,0.8748068153120427,0.6222147153107283,0.5986025049825855,0
2.493875758322118,0.3783760148053711,1,1417,1,5,0,7,0.8919172102415908,0.06265958548664863,0.3962870400565055,0.04727393512310318,1
5.712326517427727,0.19972349702103287,0,976,0,3,0,2,0.5566386358427747,0.6432630158673487,0.8878218771386325,0.034166194092387414,0
4.162624257031923,0.11228622980023839,0,69,0,5,0,3,0.7003578648859919,0.6101287139436269,0.48781735137969484,0.46877250512645763,0
0.49254119927593987,0.7849619132881778,1,333,0,8,1,5,0.35604424004232205,0.7717949574519548,0.19061464517557947,0.43942783576066,1
3.736141384595716,0.5548254003765684,1,674,0,10,1,7,0.5021044068728678,0.6818462226876943,0.34565868016354084,0.45237273519629617,0
5.2375294871763725,0.30713129366202885,0,708,1,8,0,4,0.7981063836536784,0.8364751699572495,0.36314324078229676,0.05719026321377074,0
1.0167190290371597,0.6084503697937579,0,541,0,6,1,6,0.8759611629161659,0.038031418936921746,0.5798090319743155,0.05327252488510048,0
8.334585537885598,0.33210118784100473,0,276,1,6,1,0,0.11521626636043725,0.4302913371975009,0.4012063625974799,0.06076742721569339,0
0.5196186646510426,0.44835775732845873,0,159,0,10,1,7,0.017185925392267154,0.08096609838839697,0.8182795286328284,0.7339285624654003,0
9.248418690180621,0.8626641257530911,0,217,0,10,0,1,0.37359188225548623,0.40521731726144516,0.6265111348678514,0.6014573235474578,1
0.991131415798755,0.6681664768591647,0,1426,0,8,1,6,0.3909176161195622,0.5608257491744142,0.252124451785783,0.1364642377680776,0
8.435749515977527,0.7624018397047164,0,593,0,2,1,4,0.7733303754037117,0.5937748663777368,0.4020809001881499,0.43099084243991037,0
9.026531439276171,0.5834935514695763,0,1442,0,3,0,4,0.008597228154158087,0.9247682894237031,0.7232469973203964,0.9429383277639499,0
9.795706805865926,0.991398048885621,0,502,1,3,0,0,0.7640032503607427,0.9217221150930462,0.24224624860418364,0.0691393125188412,1
8.020258802735935,0.24141006629089268,0,467,0,3,0,4,0.5363264438004385,0.30978659702514943,0.09163383987687967,0.18915167345310702,0
7.794775407713289,0.26229116071881475,0,734,0,10,0,0,0.6978253888646258,0.6990687224099986,0.7111452244137969,0.3896145755745012,0
6.424832759955477,0.09255893873833287,1,1420,1,2,0,4,0.5092585924258954,0.7127073825007638,0.40665760826173547,0.23590558463758493,0
7.78996354578129,0.5540195020707105,0,844,0,9,1,3,0.7907249027428302,0.9571519883487187,0.12427867024155403,0.15853193055024617,0
1.3455220841314708,0.6133592364083679,0,52,1,9,0,1,0.43706938889390445,0.08393421459434225,0.4794694369499517,0.9733343645048083,0
5.360680359476373,0.7259615728988198,0,407,0,6,1,3,0.34584085955738064,0.6171515596199678,0.5603138987317671,0.7664347626177529,0
5.142228701904145,0.33544592594926104,0,1471,1,4,0,1,0.6365190517692084,0.40726356913638806,0.025757341893775987,0.7291739244314626,0
8.575721441225575,0.0122568018650272,1,231,0,3,0,0,0.44444495926131655,0.34732823158767123,0.7911201175582142,0.932305949754523,0
4.627993655935159,0.63222953708832,0,1253,1,7,1,0,0.30342643702403094,0.617494114186644,0.49151102421902526,0.18704422698030887,1
3.850894961003535,0.9986954925203827,0,1392,0,7,1,2,0.9135464022315022,0.2795369870540506,0.025549432270005057,0.8897280751950938,0
6.395632712371101,0.2945493537899925,0,321,1,6,1,5,0.7232736057115836,0.035866574685942454,0.861786255704409,0.9826743457331127,1
2.6646331750084604,0.18393445246901974,0,838,0,6,1,4,0.1968774405726742,0.7777926568142478,0.5852567325604379,0.58631689506546,0
1.3976841095395687,0.2817669578263532,0,899,1,9,1,0,0.7401059700504368,0.08679758845097996,0.9632524248613635,0.9032362904409608,1
4.778772740237458,0.4254154747770472,0,1190,1,8,1,3,0.2523968148557104,0.32819825866084507,0.281218240106868,0.8161216803904696,1
4.16889368594885,0.2509129289525647,0,1197,1,8,1,4,0.4312733133949127,0.5949259029462828,0.41260924064630744,0.31788501440436856,0
2.325699405288737,0.3469600253675299,0,90,0,3,0,1,0.21742203920806968,0.6237359316552902,0.6629378707547727,0.33234365122266696,0
3.67511810115128,0.6382067385793626,1,478,0,1,0,1,0.11329784535821874,0.6662650746758791,0.9139815312717202,0.6758150953505047,0
3.663924498262474,0.3450279868426147,0,1410,1,5,1,1,0.39906365580706016,0.9945035366888239,0.7911656499144558,0.5521363801929671,0
3.2749556441254546,0.39605894478365467,0,530,0,4,0,0,0.5550813952444252,0.4013871179669336,0.6430192072178348,0.38494145063253227,0
3.79464079726929,0.040031262799263945,0,368,0,4,0,1,0.30212169735956196,0.1374944309957966,0.7955173748696003,0.047052853270618256,0
6.8574334545594535,0.9179425016228697,0,943,0,6,0,4,0.07500299903086649,0.13794907313700056,0.09484214931030965,0.022948441248526685,0
2.968764745712853,0.40688595991485366,1,292,0,10,1,6,0.24963731093625008,0.5102486340934972,0.7241792390424527,0.09798791572999166,1
9.488579267153405,0.3281435160347943,0,220,0,9,0,6,0.24565738391260095,0.38373945734428183,0.5786281259278617,0.4041427630523309,0
9.16348019538178,0.0864841962453845,0,1196,0,7,1,5,0.5907522093551902,0.9131636853905548,0.2742526176864438,0.02740990075385974,0
4.809104283000786,0.6341832153951836,0,177,0,8,1,2,0.282148678847722,0.5109318028955862,0.23854916889517097,0.14817174751905182,1
3.283612050046888,0.8638249502637549,0,1336,0,5,1,7,0.5337758719094581,0.4519540612939037,0.2882700416836751,0.9680734576453065,1
5.354347898300031,0.04115320005240031,0,374,1,6,0,7,0.4703396311376683,0.8623569733223475,0.12287273670061494,0.4505784703063934,0
8.485604887736246,0.1452724673660355,0,160,0,5,1,2,0.2663577920500798,0.7961083429526311,0.27325489822165805,0.9332511100559471,1
6.52587340560102,0.14638982888620733,0,1111,1,9,1,0,0.7412171754625083,0.7138789226370744,0.07125292828341445,0.18995969332282903,1
8.043918279470773,0.6022748553477929,0,264,0,10,0,3,0.6675912207163829,0.5273545264123685,0.6727389236084531,0.35852815772181823,0
5.327222760657402,0.9212305027183688,0,549,0,5,1,3,0.6802729631291498,0.2346721291036542,0.512295018352256,0.6712102482168477,1
6.329176292676207,0.4377683670655096,0,526,0,8,0,5,0.43358118651855215,0.5674745715532731,0.1276810084578326,0.9898719515717794,0
2.881556141824617,0.34380644819385064,1,761,0,1,1,1,0.31659634571276185,0.11576517062214953,0.697195412487028,0.699841351397707,1
7.348931623102908,0.7658406855966913,0,710,0,5,1,4,0.5907409907029492,0.5368124166009023,0.17801166238440624,0.9022068134514601,0
2.0240459312571835,0.7425690617556514,0,293,0,9,0,2,0.9590903366514864,0.8514411522139269,0.49488573435206085,0.04911993468901066,0
6.947981288184982,0.24675613927720963,0,352,0,7,1,3,0.4339601825235455,0.515012911427401,0.9201058310102181,0.30382379789184377,0
8.60719068325894,0.16082636230788605,0,291,0,6,0,0,0.6652833708586291,0.06847628372227665,0.7609190923750276,0.8827932346457199,0
1.3210283730154393,0.35781003241535636,0,83,0,3,1,4,0.4423496688422721,0.03131793187129117,0.5841384776516181,0.5232158150863851,0
6.143797405419198,0.7756033922266312,1,975,1,9,1,0,0.9326016603399874,0.8604888349153831,0.5849192637882338,0.16986482338211184,1
0.9509574822993461,0.6950633899149783,0,706,0,10,0,6,0.26471668688007244,0.22428347583814645,0.06419253157710925,0.16980247060117493,0
7.257156282714269,0.6658537063562052,1,162,0,4,1,5,0.4583999450912841,0.525699016683765,0.4270103955232617,0.7586556580947141,1
0.8449321882352023,0.8294285601632039,0,496,0,9,1,7,0.4936522719986882,0.7767889594606857,0.3071217614871502,0.15795868054807138,1
9.35939822700626,0.27713031234139374,0,1001,1,6,0,5,0.7286479814540282,0.25321106461850384,0.47463574269802355,0.49767023706269387,0
1.3740793003780216,0.3396837254695101,0,427,0,4,1,7,0.7213088799787698,0.73744618205427,0.9514241638526009,0.1812904538644542,0
9.588802459090804,0.04233945060917599,1,601,0,4,0,1,0.7394418998846742,0.07529255093067655,0.786516842551517,0.2082844629777535,1
8.008841760850967,0.8687457758035334,0,1115,1,6,0,0,0.7329402452605882,0.7486132892719988,0.6099767400783178,0.3972842863568631,0
5.936820044663541,0.5824297349221781,1,1006,0,5,0,7,0.4697582656399978,0.06398995109213379,0.7046896832383602,0.11808396479802474,0
7.826241046295469,0.2981222918836933,0,1051,1,7,0,5,0.15556449743278278,0.2771395652808467,0.7305996275998285,0.659330009279355,0
7.951148389830859,0.06941653144936555,0,572,0,2,0,5,0.8704381108808287,0.256704224299947,0.45637311972883265,0.1661217842766859,0
9.460270628173303,0.7234095031624597,0,725,1,5,0,2,0.324833204208515,0.8914149513457883,0.8663572897847326,0.7520137162995802,0
2.533833538391872,0.7487375195490611,0,1269,0,8,1,2,0.11031806876438133,0.5344800066868486,0.6173059471521319,0.5213082515720934,1
5.900758953583091,0.6661786521150226,0,1308,0,9,0,5,0.1287819705475397,0.8430756175253634,0.7380338631698387,0.3464946626825164,0
0.9504919756440122,0.20378097094672953,0,83,0,3,1,3,0.49475877605475227,0.5822796163788259,0.011048731198406547,0.6142413926004612,0
6.161657000241213,0.9132160585086049,0,1257,0,7,0,0,0.4259339663241827,0.8069050881070965,0.537917479624231,0.40762179875547944,0
1.712913040927888,0.7531580190208763,0,1339,0,4,0,2,0.6635266442516616,0.5513417796855509,0.36418452059612316,0.08249721064572646,0
5.649506114724419,0.6577563235839703,0,1413,0,8,1,3,0.6118655255750748,0.44991353722205885,0.05540330751073397,0.3091060063102332,1
5.7243051403384975,0.6509439234217875,0,402,0,4,0,6,0.10741196061569935,0.6579770895775295,0.6461333945487173,0.5246720857328205,0
4.659851529812274,0.9043577000916412,0,751,1,7,0,2,0.2967487564949969,0.2864489178860308,0.9287602599857815,0.10424720031010792,0
5.226317755131228,0.9283071330971238,0,63,0,5,1,3,0.8962547981931245,0.9187371533984565,0.7327557301633951,0.7323501828887721,0
7.6392339000658795,0.59563741801024,0,164,1,3,0,4,0.7666826426836945,0.9081367236654002,0.07989121574936087,0.35645554512030586,0
7.992447165120666,0.4166694109625484,0,843,0,6,0,1,0.8705412025943691,0.07273287408211393,0.056690708184859995,0.20478809966531442,0
4.921532155754291,0.3637339795594162,0,309,0,7,1,4,0.02198762264360221,0.9167879101783033,0.34503214960556794,0.008051205395934957,0
5.995934415226123,0.8190788410807225,0,336,1,7,0,1,0.9120886956177368,0.18186497895098075,0.23854778842808722,0.08492957023269065,1
9.31236235690102,0.6446053398343335,0,445,1,8,1,7,0.8610780184858082,0.6812730276184147,0.027572113409151333,0.2372802679486804,1
1.1973358850112281,0.07726603025365364,0,688,1,7,0,2,0.45227712383692953,0.823104380731702,0.04007203288746419,0.3669690899599911,0
1.171035659001105,0.1421860130150272,0,229,0,9,0,2,0.673588037521129,0.241238588122753,0.34514647854265024,0.1533088397461445,0
0.8770901191076841,0.9001858951048464,0,1203,0,5,0,3,0.2719936131713513,0.11265532028204417,0.133538799812133,0.5449837989342119,0
6.5786328504052785,0.8844981481045009,0,1002,1,6,0,2,0.6585882140500087,0.7561787283714132,0.19466635483265737,0.19439436864832993,0
4.186083007903795,0.9518324486974689,0,1187,0,5,1,4,0.7987712592456803,0.44242884503260915,0.8695186893559265,0.9546638586007975,0
7.743214161418432,0.42785096732832373,0,1389,0,6,1,5,0.48355586960283303,0.4866834483528192,0.9936779127182765,0.5647991517785884,0
6.7123141330859255,0.7840609076407071,0,900,0,2,1,7,0.028273503058036997,0.7618611340796855,0.8045792314659806,0.7966222354121691,0
3.3363775832823817,0.8282250273143216,0,542,0,9,0,7,0.4163453826897562,0.2537959895013633,0.23276684770600709,0.4218225157683412,1
8.983665473615357,0.3156969058381931,1,1466,1,6,1,2,0.7249802479339604,0.09715182737153705,0.17584186475575958,0.20488149415559775,1
7.625321470706523,0.14533771122714223,0,848,1,6,1,4,0.7037561268313833,0.9577397240607896,0.5784756675400357,0.4495553501983357,0
2.705349409101757,0.9970263616391729,0,695,1,9,0,2,0.48630348238028087,0.6996591466802623,0.7839122703699261,0.4123194199546041,0
3.6419201777205403,0.0302192037513499,0,624,0,5,0,6,0.9857090754071995,0.652134578258515,0.6574430003680134,0.6236584869693589,0
3.1443998020426287,0.597335918711443,0,59,0,5,0,0,0.11704586951647455,0.3329421964229812,0.8037517706711093,0.9106201810754869,0
1.5761164862499966,0.6502122741817089,0,1433,0,6,0,7,0.1582881854233742,0.9957060207131381,0.4869971413548655,0.2372244890167653,0
1.4778337254219165,0.6817893419696484,0,1229,0,10,0,2,0.2583273492341608,0.22254413237497217,0.9877680084100704,0.09654801847260153,0
9.361274633757441,0.2556277439690897,0,1049,0,3,0,5,0.8035449249750857,0.17809884297827516,0.786868091793141,0.7152980403739524,0
4.379040371987532,0.7215792442988508,0,331,1,2,1,5,0.7628182928971521,0.31828394491278567,0.050941394551425434,0.00039240055151323894,1
3.8331982277740986,0.21639956328126553,0,1392,0,2,0,2,0.7727618398394509,0.7389545403738147,0.3640548488348956,0.7946025790059378,0
7.296857086773779,0.8290382557516824,0,264,0,8,0,7,0.8796228491473754,0.23701035426622885,0.5596209162845339,0.7278880303120548,1
5.529930652528999,0.21911667408463453,0,362,0,1,1,2,0.4429108066885379,0.3127614717291993,0.22419769824127422,0.8258044951764497,1
9.361399868384622,0.6967060290760775,0,105,0,8,0,5,0.3185729699426407,0.529627285358484,0.4033509148214498,0.09062420613584654,0
7.803014939093922,0.7834134858339759,0,432,0,9,0,7,0.6003821037274231,0.6499464835348275,0.629610700234577,0.20370971554104023,0
4.793695641245403,0.18894575046218876,0,491,0,7,0,0,0.4098717338468879,0.14921612627033076,0.552167964765181,0.5516513013702862,0
3.763594734808262,0.23798648763260277,0,1192,0,2,1,7,0.5238406140648755,0.6546392087129879,0.8614498641369286,0.32729825132088897,0
9.86631544924322,0.7791037387343669,0,489,0,7,0,7,0.14021732123075836,0.3810551813880373,0.2625112990561205,0.8458310662696155,0
7.177602360036435,0.08599897163495285,0,1433,1,5,1,3,0.3963825091093772,0.3461552388082477,0.921143262411531,0.45833739833273757,0
9.511946600038412,0.19076095246666414,0,454,1,1,1,6,0.47263404255094643,0.07901802819305281,0.32214434803345704,0.42948513498613616,1
1.1847857721704136,0.4555309061899152,0,786,1,2,1,0,0.08744043447698746,0.9739612822827052,0.9203957518906375,0.18475193555528446,0
8.505336791907826,0.9301819287447706,0,889,0,8,1,1,0.9944952565853343,0.6931205466072101,0.24828716715518728,0.5620258937751208,1
6.370738839912075,0.5618778348930105,0,1243,0,6,1,6,0.0377859258701172,0.09988121622671142,0.5075430572530674,0.3459481043748124,1
1.2192167833511258,0.3876778482082255,1,1127,0,5,1,7,0.9195156147363284,0.36623680869098374,0.9322400256475559,0.4505308440027407,0
5.882579999692207,0.9783702222224766,0,1301,1,8,0,1,0.08019816519507472,0.08006790966019295,0.2774986297247214,0.27129464700729433,1
6.8609636510544885,0.46371130622128853,0,1406,0,6,0,5,0.8592976442140563,0.5415320957684475,0.8487523151496436,0.6088504035640236,0
0.12302685888602838,0.43373497368748204,0,176,0,10,0,0,0.5482417769495761,0.7001464144339649,0.5012309022577829,0.8380628069673798,0
4.543179618417465,0.4116443168877235,0,141,1,1,0,6,0.19633486804619205,0.05655212021296496,0.4197952642088669,0.020555380034291693,0
8.253995111963212,0.31218007260679626,0,673,1,3,0,7,0.23132838887627927,0.9221682988503864,0.6636890119570608,0.2309162288055614,0
2.9535902534408986,0.32569480973758436,0,225,0,2,1,3,0.3516083624174461,0.3741351441883799,0.1985511102433538,0.6773479946481636,0
4.585480817985511,0.6878370599294981,1,740,1,5,0,0,0.7940227239423482,0.23479322650624868,0.658829999691024,0.7066392956702975,1
4.423141270678932,0.040835597341881136,0,884,0,10,0,1,0.14714621509253045,0.12985601921126844,0.17662636115629138,0.2942757234291906,0
3.019273914424916,0.6818167256463189,1,414,0,5,0,4,0.2422314242663396,0.14562693889381617,0.7108664521330071,0.28618273494980917,0
9.184418955155543,0.20120449812587282,0,147,0,4,1,6,0.6926779306234606,0.8497965544822267,0.6106497162480736,0.7468120040432693,1
7.812940354315159,0.3842080032044929,0,1446,1,1,0,4,0.6139913224948899,0.4800497743524085,0.13985966714133258,0.5583590318665411,1
1.105884109961105,0.146538972560332,0,556,0,4,1,3,0.42082457162067943,0.7984488433172942,0.10068406703270782,0.38894787814615517,0
9.97034657837573,0.5527510440724698,0,1258,1,3,1,4,0.060536228785776136,0.22707810975871046,0.6073532371035023,0.05542460297761875,1
8.792000243077453,0.7293504449521396,0,936,0,2,0,7,0.558498789259774,0.3179527188534529,0.1214858314822832,0.6530183742154777,0
2.83908437864039,0.35465557605636466,0,993,0,2,1,6,0.2292212637277553,0.41261476945900244,0.6250939040200285,0.2929438734056927,0
8.368965796609382,0.16341657754026295,0,1170,0,7,1,1,0.6121003269598905,0.4545181278354019,0.9990216772845782,0.5770926294409604,0
1.0641953187138287,0.22650558193117554,0,397,1,8,1,1,0.2745159099938269,0.09767929837231826,0.12297588935768078,0.7223822206016985,1
9.991047304742386,0.8181129185255726,0,326,1,8,1,2,0.9803309620780761,0.045002633292962835,0.4738108830911256,0.46327327274402064,1
6.656847361065369,0.2676487350598524,0,1495,1,1,0,2,0.5905939703120465,0.995895612477844,0.9244034285049235,0.25327475056146787,0
6.50125015558797,0.7747025930112271,0,1001,1,10,1,5,0.5713055467045615,0.6665429960668037,0.9371022192836502,0.21415233313154003,1
0.9044072698413275,0.33119940680621107,0,438,0,6,1,7,0.8367683844159722,0.054769606575441276,0.029911069203776064,0.7049195664784405,0
8.970333988966253,0.18873255434296254,0,968,1,6,1,4,0.9931647836212527,0.772565137968609,0.808007756343819,0.8915425843720521,1
0.28999503204469423,0.727308559627431,0,590,0,9,1,7,0.779171992778172,0.3611139647963557,0.23854581507074335,0.9799748916167188,1
2.4082805804114704,0.4685450294752067,1,1289,0,3,1,3,0.5938954959857716,0.7964604151012628,0.74656839488038,0.8032697848941,1
1.43021875166635,0.031277251274806406,0,762,0,6,0,5,0.8635247917627549,0.9498020722858508,0.35500314291264057,0.6027045762328364,0
7.767679406922186,0.9599424193443986,0,470,0,1,0,5,0.18120906404430148,0.026573210325476437,0.22488897039028743,0.8643253921261398,1
1.9820422721289788,0.14775344507210741,0,1035,0,5,0,2,0.7642293713073771,0.9642927441257968,0.4707217356863842,0.38965963158395023,0
9.106382271308853,0.3534069764530914,0,1125,0,3,1,5,0.6798988739318119,0.16576082317197438,0.17591868443031877,0.8821874771384401,0
6.5626903932749014,0.3847946349957073,0,558,0,2,0,4,0.563251080540544,0.29723256760076855,0.42419544281139654,0.43023862004550484,1
0.36162710494696215,0.4894298992584133,0,1127,1,7,1,4,0.8667561607244438,0.6269453469509698,0.39481907017104534,0.5953377475531488,1
0.054298341287004614,0.7854440223341707,0,351,1,2,0,2,0.7096571382991508,0.7159285493423776,0.9628621010912565,0.1699235030928582,0
0.5165791701439892,0.006090279675126764,0,358,0,10,0,2,0.7167334605499457,0.1702313386464568,0.5421234738186913,0.4971988367328526,0
6.059251776477277,0.9324720513360747,0,1239,1,3,0,6,0.9097414613091063,0.13682614777967728,0.6970701402288593,0.3414934036368238,0
8.014818108594152,0.6459894602030112,0,931,0,1,0,4,0.6994120621350592,0.28654609306474,0.17493906097639456,0.36650548455909226,1
2.385528206273885,0.9506488791489356,0,52,0,5,1,1,0.25542391479630333,0.32559931714349855,0.9973021507144342,0.5981838385568204,0
8.494088429230729,0.8173895374164858,0,1012,1,4,0,4,0.18362521562686362,0.31822210878609547,0.49768066667812094,0.8818819409260741,1
0.5723194015326039,0.9278382180832169,0,458,0,7,0,4,0.5131968259579262,0.17131181017043284,0.07523082515027335,0.8259498987239531,0
8.009638536416762,0.6010005509356781,0,411,1,7,0,6,0.2349121569345224,0.9708075929602634,0.609285828546032,0.3489633637002848,0
9.277954301722804,0.35730898287717483,0,636,0,6,0,6,0.6996358328053092,0.79807206597258,0.31814630412133826,0.7338419836641851,0
7.721083991043805,0.4429140631136037,0,677,0,6,0,5,0.8427095847978184,0.9800206521806503,0.2939324248128323,0.5476237264109731,0
6.9812078397863715,0.6580323103841129,0,1337,0,8,0,0,0.2918160087345718,0.10365769325766572,0.3170185667719644,0.34829975370337674,0
8.379802186553832,0.4269318597663363,0,653,1,7,1,3,0.9134744109043786,0.07557790363446637,0.4504166990174734,0.9080578040490817,1
0.4015129954706642,0.7316727834677892,0,445,0,2,1,1,0.7469036273115917,0.5359745501125973,0.28712541968230954,0.16125930470536431,1
2.017821107190554,0.09184801608002957,1,1160,0,5,1,0,0.9881409117284955,0.6144678776385287,0.7786776431687339,0.8051496292780471,1
1.2492367930564308,0.8299866489848887,0,814,0,7,0,7,0.1987043140317578,0.6351570897653527,0.17895923220167864,0.21223017185911208,0
5.0453099019298655,0.20418863964200418,1,1,0,3,0,1,0.4615470669036096,0.093257056373247,0.14193927683400986,0.8924532689187791,1
7.451881283288445,0.9439476095247226,1,948,0,9,0,1,0.6403079163734795,0.84379583311588,0.10447215449330238,0.7213381564393048,1
6.300118445763987,0.15554579993726791,0,751,1,5,1,2,0.7629175518759505,0.48971361075815545,0.41036068512537627,0.4649428106973341,1
8.51131099761935,0.12916419610239782,0,861,0,4,0,3,0.9119326868876935,0.3681389439054603,0.1128753615045961,0.07731989033919784,0
1.5521299244109088,0.8118761105873928,0,276,0,4,0,4,0.8912700319290705,0.5044380747643101,0.025058516577622147,0.18016676490369132,0
7.346210919351615,0.8187018277030144,1,717,0,7,0,2,0.23612191648762404,0.04046014437262935,0.2944053934224421,0.1649593392590346,1
1.930414908689041,0.7387594198812473,0,970,0,8,0,6,0.42247111776710833,0.21507657187817486,0.980029800974017,0.761555792363161,0
2.7075875131780025,0.9605304639047046,0,1015,1,3,0,1,0.7183048890549307,0.9984900290417646,0.010917108719419644,0.6220136920479923,0
7.0990469728130385,0.27053962868541603,0,1020,1,2,1,7,0.13231424315163076,0.5525591375893073,0.06386860178490816,0.21761813469264335,0
9.802047848986819,0.8266487389902876,0,1496,0,1,1,6,0.9593652384366985,0.07854090915467449,0.5831352473673054,0.3676726485805182,1
6.115436059770696,0.35204053004342084,0,751,0,5,0,4,0.7469527663309546,0.29283539740893394,0.4978789197324446,0.30933151330604414,0
0.545003149912956,0.5373986255693407,0,644,0,10,0,0,0.8288418838367411,0.18477473695564717,0.10431171433693198,0.6524907901000739,0
6.163089699275329,0.4456000297013287,0,813,1,10,0,5,0.9074443854508608,0.9247005671929347,0.8947248522773872,0.33038871191484054,0
0.42350551580167095,0.005850022673607236,0,493,1,6,0,5,0.1779518666378278,0.8062103917680701,0.6744316170367288,0.7686027922412657,0
8.841457113668172,0.5744621935391577,1,472,1,6,0,4,0.4221309867925649,0.5469035686480375,0.4946846631510501,0.6949672123335504,1
7.0957828510062075,0.747505887763953,0,1035,0,6,0,2,0.6516697814236887,0.9517816677224781,0.5437319360438827,0.24260453313789787,0
1.7312784642250323,0.17455238357527125,0,469,0,3,0,3,0.8224611236529222,0.3728694537675158,0.7961724182457041,0.3238276952561614,0
0.9172100582419807,0.9316558618930374,0,1123,1,5,0,3,0.7380044085796028,0.8649677002031603,0.09808016167620648,0.5494609674279658,1
1.8353322888031898,0.5303995394185038,0,1117,0,10,1,4,0.12153109997286082,0.4675420090447566,0.9331669384549617,0.9078601896285747,0
9.800271795541924,0.1782460031510935,0,1430,0,7,1,2,0.6456719566101466,0.8486319679709424,0.1126345761620614,0.11148261800871506,1
4.585606424584898,0.6459475709168853,0,197,1,3,0,3,0.29405368955852296,0.9006882674169515,0.4585479926164885,0.3585901274389264,0
7.84080948341408,0.191922708515344,0,544,1,1,0,7,0.4064978094507574,0.4629644716303555,0.24758212701854798,0.5991769205849541,0
6.364083421077769,0.06353334829533641,0,1157,0,8,1,3,0.9942298681414092,0.17800139735391995,0.665212418282473,0.3245460266141639,1
5.724131499586374,0.6853152424192422,1,643,0,10,0,4,0.1570558114107209,0.19237385483474656,0.8398299932736506,0.2895523572187837,1
1.451302546650497,0.11069488330549448,0,982,1,2,1,7,0.10438053423171256,0.2888629641543722,0.6166715812696235,0.43194685807580735,0
9.460244535580951,0.10621744837643532,0,1102,0,4,0,7,0.40914412701427116,0.2229412342401761,0.22397784475762927,0.19261295549063373,0
3.0134263251471793,0.7399435631818133,0,1326,1,9,1,4,0.8641280514831386,0.38825364466399437,0.7793788837789141,0.6034379962390953,1
5.7801721580754215,0.05520223320807116,0,339,0,3,0,2,0.16220827211428612,0.5066811264305489,0.9426617561600461,0.878319084455656,0
6.997759445890662,0.8097691790479546,1,390,1,2,0,0,0.07995282495521594,0.08711361269957063,0.16098783630350877,0.9107567701337717,1
6.492331552453089,0.7961487586478276,0,706,1,4,1,6,0.4188489342674864,0.9096432186945209,0.2535106788152969,0.4714140247291032,0
9.405944096955185,0.141393428077766,0,759,0,4,1,4,0.6322980741966671,0.002431833645351489,0.5295979539338634,0.2934452445276404,0
1.48438989920058,0.5183806472769689,0,1357,0,5,0,4,0.15469250977940674,0.13829034581553945,0.7397724501034352,0.38239650459987906,0
5.083527384469421,0.09662549096894235,0,58,0,10,1,7,0.8045888490247038,0.008410276038481102,0.1269863547039466,0.2283556840985168,1
4.04034390740766,0.6325712197859872,0,367,1,10,1,2,0.8459158898665003,0.986528256385624,0.050650828533856385,0.5985466431071206,1
4.741687294826181,0.06293001297054657,0,1368,0,6,0,0,0.5225959258624907,0.4106502819627481,0.5669587840714778,0.13471730083506128,0
1.1921752619774462,0.9444808563227473,0,921,0,1,0,5,0.030463857454404608,0.1960256912731856,0.7972264651539982,0.31817533836891654,0
1.3409460987276534,0.20773073536958164,0,1013,1,3,0,7,0.5161022805203865,0.1186715403554992,0.297629006522779,0.170591969047736,0
2.7807554578125737,0.6828946559486451,0,374,1,2,1,1,0.21418224705505484,0.37041188732814356,0.5829846551193456,0.2052712185663188,0
3.047046037608313,0.12829142437711005,0,934,1,1,0,7,0.44609700837238564,0.9758991108529684,0.8034516334713079,0.6714557453352885,0
4.2790321368135,0.20959644832677649,0,554,0,4,0,4,0.7597372283665177,0.5487251308268161,0.0288221473602982,0.9927397631803513,0
6.1098754703662825,0.45094964888337064,0,1099,1,1,0,4,0.05441886050368194,0.35421752396578376,0.336164050657233,0.6754188036350198,1
6.34629117418263,0.5730961413415162,0,135,1,6,0,7,0.00015202940505454343,0.3645408500931486,0.3031971591921391,0.24410768506919778,0
4.118108965855702,0.998863240391683,1,426,0,3,0,2,0.1334490835133928,0.11733655009969512,0.7230577601114022,0.40765774124431686,0
4.087831094286971,0.025926228090944137,1,966,1,8,0,5,0.04536932372943825,0.5170072169403105,0.6662190118124018,0.6279448785007518,0
2.1762852669696198,0.00031441964408696066,0,905,0,6,0,0,0.2604200777612833,0.4241922016997578,0.8268073008104561,0.8673908014501099,0
5.8830624840900825,0.350367094714948,0,1260,1,10,0,5,0.40426805629311946,0.7288511885620943,0.548644228202503,0.7142518511820412,0
3.170409113172379,0.3661563678024199,0,1201,1,5,0,0,0.7797084806413465,0.19194764463730263,0.22789000888750832,0.14537422772683695,0
0.360598342773637,0.8838372360986316,0,21,0,2,0,0,0.030327228686117258,0.1373375583620936,0.4331037407694417,0.6039238247875741,0
4.184000441568604,0.912582547697302,0,135,0,10,0,3,0.3509901540727116,0.5814606562143799,0.39605040450313966,0.19717631748082787,0
4.741326750901703,0.8805249763593188,0,531,0,4,1,2,0.9294440214377124,0.7420074640737003,0.6677481133832921,0.3743269605444225,0
2.25592868204211,0.14317875048604778,0,1438,0,8,0,6,0.5763801670754372,0.49750026070320497,0.9539230718828384,0.9648211820929699,0
5.724579331221157,0.41210483518107344,1,715,0,8,0,7,0.826763435346015,0.7900330752703348,0.457703101214186,0.8920815520986312,1
5.657719004319209,0.7458851622950232,0,1337,1,10,0,7,0.4835140964003667,0.8410864903677597,0.638843707134199,0.2567732490201523,0
7.020021811103714,0.3126110677842414,0,88,0,7,1,4,0.09724021781001191,0.9166296626544946,0.17769492142932009,0.7285413460086347,0
6.4794848220121,0.6632380285105512,0,1444,0,6,1,1,0.1869391131394479,0.3781790600333208,0.5743947714364824,0.329519359012577,1
6.524330565210316,0.237142863191092,1,91,0,4,1,5,0.7580823344389266,0.9043452233061865,0.7284131145566074,0.007858222058385045,0
3.162141518240431,0.32341925796080806,0,1212,0,5,0,3,0.8641075251416925,0.7090538777139193,0.76374547749469,0.8501160058845219,0
7.874322219859539,0.8604296493484839,1,1315,0,8,0,4,0.46754181246050164,0.624912465439063,0.9736254847412761,0.8224931484443645,1
5.491443835996794,0.2505090360889951,1,441,0,6,0,4,0.49245662467103435,0.5537742679064895,0.9875633324527978,0.2941597843257636,0
4.314181951798901,0.9643240868848629,0,451,0,1,0,7,0.4501222909953698,0.01971972509520903,0.5154616776336209,0.7720930898544726,0
6.260124809410571,0.3062595609368469,0,872,0,4,1,3,0.01836311261270085,0.5603304823292007,0.8605973745657259,0.03148732502933693,0
3.606573344502543,0.023528109823277354,0,1083,1,10,0,7,0.09550984267396512,0.7789912223191684,0.7371273818910178,0.539783977553516,0
5.127392446067582,0.25490090380257047,0,180,0,3,1,4,0.9918880759037373,0.9883676232589725,0.5245988967342309,0.9815837839663273,1
7.367056884822203,0.17120494224342575,0,355,0,5,1,5,0.042013634449819204,0.43311466822439804,0.030068436510271024,0.7884783837027304,0
8.864028867237078,0.5068269662175497,0,1131,1,9,1,7,0.34896905729571814,0.990157835227592,0.977016713875122,0.5755620853124711,0
9.210571972951916,0.11271606632786002,0,1211,1,3,0,6,0.6906862395400871,0.1710886360132302,0.9652265025339295,0.3658214184353542,0
5.036329251830992,0.6260488772454097,0,230,0,7,1,3,0.4248309440620265,0.9581999783046554,0.5181425542421358,0.7353427440630803,0
5.2027511474056904,0.8748990705564946,0,1334,1,8,0,1,0.9826638098526416,0.5896551057729121,0.34443656838862147,0.9754085139043486,1
7.998704107638365,0.3625188818037357,0,1300,1,4,0,1,0.03273868963399551,0.6625695922191113,0.11178474380562409,0.19212083415711223,0
3.144506917442013,0.16849271930540444,0,1301,1,9,0,2,0.8745589597672513,0.573680163695643,0.055132925478171724,0.04953340504304249,0
8.373823623450686,0.400024995784413,0,360,0,5,1,5,0.13474427066316275,0.9828463944377527,0.8034059223932107,0.37726727331683496,0
4.9414164651742345,0.785966821450627,0,1003,0,3,1,6,0.2048220908601074,0.04429732088770444,0.40943973138196865,0.5168733236005837,0
1.158567243352684,0.5914876740795956,0,240,0,3,0,0,0.5283037817907916,0.4104649690766713,0.5628308484377835,0.24521834996559833,0
0.720591470729437,0.10114321332760312,0,294,1,3,1,3,0.8714546742396002,0.8752323326176334,0.3014768118236161,0.6165606789539513,0
8.419932110394631,0.5371871543270333,0,106,1,6,0,7,0.414081068387826,0.16709282209723464,0.6139955746480001,0.3058681437871319,1
0.555679169068779,0.4680853814555932,0,739,0,3,1,6,0.29357387907478427,0.5695940125833069,0.75876914713495,0.9819192459248758,0
2.806114361336559,0.32711225602116145,0,1067,0,4,0,7,0.40167200591772445,0.5235776299250939,0.8928925567790963,0.26534701298680297,0
3.341300405015458,0.11016059605332329,1,298,0,8,0,7,0.09434332609389806,0.8074300764763596,0.4960843254077554,0.8029798030313146,0
1.729944451915938,0.9811119356202749,0,279,0,9,0,0,0.8382343237165585,0.9182529466963716,0.30018491354353827,0.9646367689432561,0
3.1389336980198923,0.1760433198932556,0,415,1,7,1,5,0.9152150989391706,0.2588350053969145,0.07680592175335421,0.4995448636850477,1
7.426925667250856,0.19274289079074547,0,296,0,6,1,4,0.6757746719487076,0.6931440556855187,0.8540132724606517,0.19925258261430212,0
0.14682843560070769,0.14558269210223584,0,1249,0,7,0,3,0.44466962739889715,0.5476879871671924,0.8535677226477708,0.8903800729117184,0
8.271734245206865,0.5701930386989381,1,254,0,5,0,6,0.6141507977388139,0.6627863479105236,0.3533839480344041,0.40234047214584745,0
8.565480235745582,0.4436695744827004,1,417,1,3,0,7,0.5518668073779501,0.20037781857800419,0.2072603730331808,0.5441244722125204,1
3.722615731915482,0.24955718202655597,0,458,1,8,1,3,0.05155515248287745,0.27267338990088363,0.673390230693344,0.049040068118892055,0
1.536128990606348,0.42942338302152816,0,304,0,2,0,5,0.39442133285224246,0.5498464282430584,0.7566595301119042,0.3481046723240315,0
6.008404079450809,0.6735218510617179,0,1411,0,10,0,3,0.6568286828091608,0.002945579707658408,0.7218219741021136,0.5559550871330039,0
1.1967255586489434,0.28170053149863017,1,314,1,5,0,5,0.8477990787291211,0.7164252739923055,0.07128253456661582,0.692985699741668,1
3.6491936107825254,0.9152457760303804,0,729,1,9,0,7,0.358972995611353,0.16156819659902244,0.9842287968677582,0.9511461964609855,1
9.584291809009724,0.3063462371777058,1,849,0,1,1,6,0.8192721114835667,0.9313018536569928,0.5445202884568935,0.5834965309635662,0
9.95464472583637,0.19817903082285326,0,391,0,5,0,1,0.7569159561453049,0.8606071868529577,0.6083456886527215,0.2713985166168402,0
7.7210489135458555,0.9545678468728145,0,706,0,5,0,6,0.9293101372302113,0.623351146388679,0.045324115485419036,0.5571687004820359,0
3.1096150992076623,0.8105606101181794,0,255,0,4,0,4,0.9894308746987579,0.8910576705438695,0.011803394257332678,0.07092147598173948,0
6.876650491660925,0.34313762484346555,0,724,0,6,0,4,0.0417322561719633,0.9872450568411707,0.12633341655747432,0.14809740688192297,0
7.054063654840127,0.841431851143876,0,28,1,7,0,0,0.4374706983247614,0.7749564952981048,0.39097913375526006,0.35184032146293887,0
3.8784169516364972,0.5188142491538,0,658,0,10,0,3,0.7735601922340698,0.6266324711931397,0.9447742220676633,0.022256855154266897,0
6.408886345861594,0.3467524982610628,0,547,1,9,1,2,0.82316656372244,0.4492817495099787,0.7280215989500577,0.07532422545689499,0
0.10727644975676243,0.8396115895392143,0,525,0,3,0,0,0.08285422296363798,0.8135623003080475,0.9992286998425328,0.007342962784665397,0
2.0905765860224146,0.7521650668644404,0,165,0,10,0,6,0.6065905981880756,0.7044357939464031,0.6798745267456152,0.18178955297277566,0
5.250883029672612,0.2978748426431058,0,1498,0,5,0,1,0.8984525662067743,0.4726399903744576,0.09975927010654173,0.8255405656783968,0
1.6375130425829587,0.6066785152579738,0,40,0,5,0,5,0.22705907123032865,0.500034677391457,0.6944963327286846,0.3514033869469455,0
1.6590686787653364,0.3693902235197972,0,219,1,1,0,5,0.3473590722304434,0.22893595979249914,0.6413300973860265,0.9024520522836503,0
8.363042905502379,0.001051972560388137,1,154,0,7,1,4,0.39484795220468705,0.7885900722987043,0.8863089996928715,0.8849376804510574,1
9.891330026836055,0.9618157414002794,1,1466,0,9,0,6,0.3945377531290005,0.8783307831067847,0.5442440987252205,0.8634562756272405,1
5.559694280284484,0.5496290760728367,0,477,1,3,1,0,0.5617062692972211,0.01648357773068898,0.24557344432238526,0.21186808395249246,1
8.390697308817135,0.5984326016657832,0,646,0,9,0,0,0.06080642534728009,0.1118989033410478,0.7327170900256459,0.34239293253702274,0
9.903216643262725,0.5998914256772949,0,1126,0,1,0,6,0.7791897743523201,0.9912357429329045,0.7534038330603936,0.46832982941299817,0
1.415958885687747,0.5506414608194028,0,75,1,10,0,1,0.12287707946892867,0.17810752836259602,0.5142058488258032,0.4315929939184425,0
4.482456132543511,0.29004784477359347,0,100,0,3,1,2,0.8133159660231615,0.7365284749734597,0.09482639311569929,0.07990022932551655,0
3.925727158419199,0.9715761249080562,0,273,0,5,0,5,0.017094361318076956,0.4808427237138604,0.41377551828392034,0.2388888505932819,0
0.8004928364618502,0.6216684125152849,0,1018,0,1,1,4,0.7870259810672217,0.521351208077826,0.8399229690438553,0.6202173162240183,0
7.553301727947445,0.6709213605539615,0,1467,0,9,0,1,0.35526712008668093,0.10837753424743901,0.30363037174246,0.6765398419832761,1
4.33779027322593,0.4547927573170498,0,930,0,6,1,1,0.6558582880659186,0.13784774108131348,0.7316532348789391,0.3646544938091719,1
4.693269341904013,0.28786140049078257,1,1308,1,10,0,6,0.17917202340015914,0.5779105172699847,0.2535094624075863,0.2969957116463262,1
1.5067297381324019,0.06434898217492935,0,1322,0,4,0,4,0.5370096215866286,0.3776297551746065,0.32870860099130617,0.5860660378459198,0
1.8092665223086812,0.35023019656788623,1,414,1,1,1,7,0.2991113627962917,0.7974620887506315,0.33704683959654524,0.6634672921347119,0
9.07103622156215,0.1760974292683921,0,275,0,7,0,4,0.003924667653007474,0.9719780958638804,0.1355348579120158,0.7109841958977854,0
0.44649088974278883,0.6620882682570118,0,240,0,2,0,5,0.725141014826536,0.8123168556787357,0.35116447268758344,0.8109614878538629,0
2.3285228494370624,0.8790038848027194,1,1191,0,7,0,2,0.13117588802257218,0.40591601711386605,0.7236162272983216,0.5838754613276652,1
2.9205933031452833,0.3027548582456523,0,1004,0,1,1,0,0.9397042163346365,0.4821806027331117,0.401310263720678,0.37887392819320675,0
4.901975424015864,0.33288262541404656,0,1297,0,2,1,4,0.5437245039664013,0.15668801593735493,0.2997359416544708,0.3478893420751985,1
5.864451730147959,0.6703645038290117,0,760,1,7,0,5,0.0016743163778879522,0.6956916553284236,0.7007097860760731,0.03434079539260426,1
4.932899758506666,0.14927143424123634,0,1464,1,7,0,3,0.9449229903817213,0.4473584379053197,0.515478785401187,0.4163593141110752,0
0.8411533455688203,0.9294374266776991,0,1341,1,2,0,6,0.1327836992090169,0.8573837232271239,0.435865184017196,0.8687805822706589,0
2.4366745405571355,0.36384678102548307,0,1212,0,2,0,5,0.8339411804987431,0.6520296256219366,0.7961559568433234,0.6276628297836157,0
8.435883847625412,0.10119944592677466,0,1204,1,9,0,4,0.32927783847059644,0.17054324115348096,0.3819448930975625,0.5930650520067882,0
6.375887004784591,0.1746840049206415,0,185,0,1,0,4,0.5680620304803031,0.410982953421102,0.5443478082659097,0.22381350855452053,0
6.491490501342744,0.9327460760074581,0,1117,1,3,0,1,0.8357252536523352,0.6769489930349238,0.03177484375858397,0.5960781057406342,1
6.70203255351355,0.24711928836901997,0,1420,1,10,0,7,0.05015815997760431,0.8579222854059189,0.3394161605947652,0.18041134884468202,0
7.629030190395291,0.6622688038312864,0,438,0,6,0,0,0.680058006373419,0.35080649357891003,0.23690333458628388,0.3410230622438818,1
0.5810848172144734,0.15616522353826512,0,1222,0,1,0,0,0.14858235671165276,0.6694942590274324,0.88574975581156,0.5844893121146228,0
3.6660838493261236,0.19410169234877772,0,525,1,9,0,6,0.7163959270953937,0.1735928285159345,0.021052663469281696,0.045382857054250714,0
5.395274352616787,0.8792382188999776,1,318,0,4,0,0,0.16070400824885567,0.9047127157463136,0.700045391077444,0.31141337572522254,0
3.3845648329732603,0.1480332201025618,0,1095,1,8,1,4,0.021943665774399768,0.5751698032986348,0.756198874925561,0.08852396142811403,0
8.444788732871865,0.018750586736279162,0,247,1,7,0,1,0.15543813356723546,0.7686002219551558,0.3325012591023083,0.16395136743495342,0
4.825725085872939,0.5012331895262763,0,721,0,4,0,5,0.6257377882096221,0.3968514478219616,0.2570981223440112,0.35214645948224477,0
7.686275894593791,0.8627268132629347,0,1404,0,4,1,0,0.985726792115105,0.9405411848555426,0.16483469184263821,0.6928206983358479,1
8.52015516881169,0.32599104541562474,0,235,0,6,0,2,0.9701219913802828,0.7201068179975473,0.2771041130958546,0.2674255193203441,0
5.047914829034981,0.1281622706457105,0,233,1,4,0,4,0.7456912554588746,0.15365743685915434,0.9139402060244346,0.0200804495946878,0
9.095522438713498,0.9822308295656378,0,1414,0,2,1,3,0.8245804557073466,0.5501855398660749,0.04333699728008622,0.3990501883019494,1
5.871239405369806,0.6767386294894133,0,1165,0,8,1,1,0.8739645295658137,0.2717519718277037,0.45671535874938163,0.22101894193942817,0
8.502742988337218,0.8506906319481564,0,692,0,7,1,0,0.5283537634047373,0.8333595611108927,0.264381107407373,0.778281826494924,1
3.405907955915243,0.7521382723289237,0,607,1,7,1,0,0.22860249072327343,0.7828244020250879,0.6958709397725394,0.8219667080413687,1
4.988169585314852,0.6982422739891901,0,1445,1,8,1,1,0.6610957364354674,0.4945452001762526,0.3339025412448614,0.6709713466263395,1
5.314110410045777,0.3845640671309203,0,1085,0,6,0,2,0.14159284954427664,0.30192662469991816,0.34596130131990066,0.6129925222575031,0
1.0497971589607058,0.3243399932036394,0,1362,1,10,0,0,0.8323606602911214,0.8526869657647371,0.058294581815765856,0.7306246755907343,1
3.9855250670154065,0.7169585958944741,0,137,0,9,0,4,0.4120910315199633,0.8504843284587379,0.9104965266297639,0.37598936308801456,0
9.17337672551676,0.7167130081772302,0,795,1,10,0,7,0.2664917758570977,0.5052358907735345,0.5215873218248055,0.6511475529638047,1
6.3083224036474235,0.9505883840490933,0,1087,0,2,1,5,0.8434580048468198,0.7172569101951687,0.06898672618823376,0.4197271602125091,1
1.7750658243696749,0.5686598178483223,0,53,0,2,0,2,0.111192515706248,0.2855006461755436,0.7517237625257122,0.42982874005233995,0
3.38855635609605,0.29462110578767353,1,767,1,5,1,3,0.9748264081345088,0.3488498937617003,0.7800336353578738,0.7887314549252353,1
1.9160300966269983,0.48952879933047744,0,83,0,7,0,6,0.9504118174804869,0.9440560118201518,0.461139854561583,0.7910774389957983,0
0.2482313179857254,0.6137138167259192,0,1350,0,3,0,7,0.6087880762014963,0.7362768375988873,0.9791282640383745,0.40044873243922674,0
9.274604585040267,0.4267297995769125,0,1021,1,2,1,4,0.7121272911638017,0.07212053298020216,0.22600008222714152,0.9371510634185931,1
4.482073282568715,0.7911331233595482,0,282,0,1,0,1,0.03714943387766845,0.4577334205577319,0.8442139952272115,0.5415412458648915,0
3.0753507242078615,0.5846132122158377,0,782,0,6,0,6,0.4370830328778966,0.39574488036468525,0.8464312527245847,0.48717322513518047,0
5.984771915577366,0.009435727627650548,0,164,0,10,0,4,0.8846166206042426,0.23098925739534237,0.5212264926277926,0.5015473327028218,0
0.07314456293015636,0.5698398882320085,0,1205,0,5,0,0,0.011522154654476813,0.9949418007228595,0.540107882442045,0.7793649707510379,0
2.7802210660081386,0.633603785941861,0,294,0,8,0,2,0.29061992749259713,0.1357910007822064,0.11227884844456903,0.9675421728966569,0
7.030334656988925,0.9152612515440707,0,910,0,1,1,4,0.3538406610715922,0.3142669815156258,0.13321284392628419,0.6900569613536598,0
6.337697730692629,0.41372167366418855,0,117,0,3,1,6,0.6750796376622932,0.8487185934615462,0.42278421119085774,0.3412897563611236,0
9.818059475425354,0.5744676592713583,0,236,1,7,1,6,0.7048389807322624,0.13227466799106402,0.9181022876848131,0.5168021072050236,1
6.203577096580441,0.47499745071437394,1,1470,0,5,1,1,0.06518961723349714,0.376138892537331,0.21452511003494001,0.30720343334865097,1
4.775058736277328,0.5316564284688854,0,578,0,1,1,5,0.2175152931931581,0.6341925605334479,0.4750032111835014,0.6536767589135244,1
7.614325631840076,0.06730407066899646,0,184,0,3,0,7,0.8254972997674195,0.33689575893234114,0.06424400667325325,0.9992192209522014,0
9.033278719640531,0.8972836675331015,1,1049,0,8,1,6,0.19181775031347137,0.40882071955421495,0.2992335560410204,0.8649377039523354,1
7.206959467183516,0.9104123398316256,0,301,0,7,1,5,0.2865338348781905,0.5501134209599237,0.3720052258765264,0.47274547686619794,0
9.632112235493796,0.5480596098426327,0,884,0,9,0,6,0.16224431937068418,0.9526868945295621,0.9628803931151017,0.3421845097533007,0
7.820051707381772,0.5565555157209455,0,1214,0,4,0,4,0.754316385174645,0.8709069082260456,0.1930393880874437,0.4527350963999951,0
8.668014382619265,0.05755603594395453,0,1025,0,10,1,4,0.027106458297427416,0.11196290077527449,0.10071825971548787,0.316239656244264,1
1.141040711836372,0.5979505131197568,1,370,0,10,1,4,0.3019130269473044,0.5694295164283117,0.05375282721901875,0.9916361161342838,1
7.324135029937877,0.42915178987916247,1,355,0,4,1,7,0.5323151447777883,0.6532967424857992,0.5220434903691424,0.2019086892995161,1
4.400886995273686,0.7090436302344373,0,333,1,3,0,2,0.006020425298665644,0.32576183039517526,0.5194520716756257,0.8097605206269909,1
5.531038024112752,0.047124916595572386,0,947,1,10,1,6,0.9539861134620733,0.2641970206265324,0.1958497513406936,0.41434619352732993,0
6.541024094823568,0.7108876827294898,0,1008,1,4,0,0,0.8692891535267542,0.5977331600997418,0.2475180109030226,0.6516805145904803,1
9.698151167055695,0.2868938238323139,1,781,0,5,1,3,0.6473162318855455,0.41497813765959635,0.31885075236934834,0.922828990060086,1
9.845780814316246,0.651705330453108,0,598,0,10,1,7,0.43913083695150357,0.9050648900256837,0.009449971067530427,0.5920869750840556,0
2.8822824548790527,0.627125975312123,0,93,0,3,1,1,0.15530690846755135,0.16355444079804216,0.8170557545311161,0.6168300591065479,0
7.337534974379162,0.22684148463223253,0,1253,0,9,1,6,0.5536393468138309,0.041083862619646916,0.7727720111935392,0.03600812123743313,0
7.499835379352686,0.44045234521626675,0,990,0,2,0,4,0.23920797239059288,0.8996162992822653,0.32025394927075446,0.1288260286571774,0
3.464928613130488,0.8356332590533245,0,957,0,3,1,1,0.6380173624595816,0.8961248728004539,0.5742982168641982,0.5405158746864066,0
1.2386977486422102,0.6055916435947739,1,155,0,4,1,0,0.145586092272332,0.41677017889454837,0.32817989595749875,0.37064342462515465,1
0.4094696028571976,0.06873830197841146,0,432,1,5,0,0,0.7171192521316858,0.7538891331871175,0.02679175800789646,0.6091380727341225,0
7.773431275291785,0.4429088313208297,0,455,0,3,0,3,0.32290515818684107,0.8457151407341307,0.5897889264335824,0.38424563823096436,0
4.896997418169059,0.311771458777917,0,896,0,9,1,2,0.5019817229066817,0.25489024703924124,0.721619955855141,0.1749614197603664,0
9.855401694949261,0.6416456789116327,1,1180,0,7,0,7,0.16182560780568067,0.6544440606452684,0.3338497561621413,0.7967571217894784,1
4.649734561936531,0.6145639412952608,0,1299,0,7,0,6,0.2562768280786166,0.7371499218973545,0.24137186929677468,0.8451416085162523,0
9.779169790738402,0.010398101510140534,0,783,0,8,0,1,0.4502117603665531,0.35749223881500025,0.2642289460658632,0.9680321996715276,0
4.1157600219405985,0.607695509418463,0,546,0,7,0,4,0.4581812891417414,0.9459947910443862,0.349096130048006,0.20072428734940362,0
7.936821505599726,0.7348496539849367,0,612,0,7,0,6,0.9997777897962373,0.9671526068979318,0.46755944708537023,0.3114669881555996,0
0.8481927231183206,0.7687300324015754,0,1104,0,7,1,5,0.33542145259557465,0.4867278755817924,0.7549189096762488,0.28079529412064974,0
5.554617101377639,0.05897577038996116,1,477,1,8,0,0,0.08437783259682663,0.07599989179677247,0.19900886693577624,0.930110655227472,1
8.020597869857243,0.30365841710986896,0,623,0,10,1,0,0.5242186179358299,0.9189686323367625,0.7063475250690298,0.5974069442426665,1
9.247016672198887,0.4212735605515239,0,1179,0,2,0,4,0.3218257382271008,0.522974423716,0.9645476264983966,0.9224323644730743,0
8.225830906174316,0.1797717077949118,0,814,0,6,1,7,0.8777766587891788,0.13882713241728062,0.18027395803110502,0.8903330509830933,1
0.36970727201174225,0.4207338711650098,1,701,0,2,0,0,0.21029817489409708,0.7320972662898184,0.5075992120494147,0.2452834211517514,0
3.727023413067342,0.07112953582559234,0,1100,0,2,1,1,0.8556630813246628,0.6871536118054661,0.36127631052187426,0.42782488098102434,0
0.4869847231385127,0.11321728300705158,0,432,1,10,1,1,0.6635772983295811,0.13985830645662156,0.6004550718316182,0.41362288940007363,0
1.09282291114558,0.6686947628434194,0,90,0,5,1,2,0.18798945948104306,0.27485543340357366,0.8808465107349454,0.4869019285794861,0
6.753056286674841,0.262572461160155,1,1182,0,8,0,7,0.4052471608665983,0.8642613132128556,0.8863426812634736,0.9976999366087056,1
7.132581963116982,0.7114058474795725,1,682,1,8,0,7,0.49243252008004434,0.9695852307365098,0.4430501651527786,0.17377356739452188,1
7.737206827516263,0.048108528016667984,0,488,0,1,0,2,0.5217990570288087,0.40525207002578234,0.7573500747558125,0.7724367105060778,0
8.654565480556629,0.5627030530435029,0,142,0,5,0,5,0.39709491109176676,0.13458622472527537,0.5113046872161346,0.22762378895498436,0
7.3943146847650985,0.3914486635868403,0,1389,0,2,0,0,0.5846278114950768,0.35198009499745286,0.7720070611874708,0.7393890460927016,0
8.00871592106632,0.7969713919154653,0,1087,0,4,1,4,0.716741315872853,0.5076172974589086,0.8843611909900939,0.2027121566371214,1
0.48963709823279244,0.7839515802055619,0,411,1,2,0,5,0.5061838033415136,0.300423926922192,0.7118070141459715,0.527083505781749,0
2.345351504412986,0.37555964245750817,1,911,0,7,0,6,0.6024331068946918,0.6113002547388061,0.060756693209592316,0.667774605990717,0
6.218977733752458,0.6227140140877143,0,696,1,2,0,6,0.8595953309018478,0.007923533373147662,0.2452943118825418,0.43187894039096597,0
8.581253046248232,0.2275488688194881,0,490,0,5,0,0,0.4977518091982679,0.8164764174744514,0.7857790123607984,0.9661630429257115,0
0.045001249396591225,0.5804068361804202,0,467,1,4,1,3,0.4162992254519644,0.8446561692596175,0.019644459520239632,0.7055499316064198,0
5.146293421163498,0.08126469394752245,0,114,1,10,0,0,0.247750890491384,0.7835050983490257,0.5179389971122159,0.15732863414466314,1
6.772873993643972,0.4346042841186101,0,1462,1,8,0,0,0.13136489755537695,0.3034346688968076,0.6104195936874142,0.37214147335848113,0
0.2960728912861321,0.18272768153810914,0,1388,1,4,0,1,0.2922570730351941,0.6323718774883411,0.8199960955679787,0.31398483439559544,0
4.013555575533879,0.8833811820915227,0,1305,1,3,1,7,0.4061636445140633,0.3652151053701955,0.8066166793508229,0.295501733152561,1
8.956348813836968,0.4449008179668318,0,472,0,8,1,2,0.7642576925211392,0.3892746154716612,0.07318026106078135,0.21175234115188513,0
6.7161280885585875,0.5907737486375348,0,1495,0,7,0,5,0.2174287884889754,0.7091002643318384,0.6796952951194719,0.18571858461447266,0
2.376583633605973,0.3603818603300104,0,413,0,6,0,5,0.7021460709565385,0.8435406399418169,0.790300479337295,0.8701604563812347,0
8.527811296319127,0.2887410352398029,0,1236,0,1,1,6,0.07903390067543448,0.8309916367454123,0.10543981472395814,0.9893342569408464,0
3.480314234095143,0.20291978306153358,0,151,0,1,1,4,0.1583912326320629,0.23108757692734538,0.4854134752650031,0.16002931209905535,0
8.533446711440595,0.9118715826670196,0,465,1,7,0,7,0.3263285513543682,0.658028736903871,0.6493582571594149,0.7912570556169028,1
2.989436511189055,0.7994657824269527,0,866,1,5,0,3,0.4698219635825849,0.26706949669732294,0.3423987668023477,0.22754801267551994,0
5.90320250883149,0.13326114443103088,0,1451,1,9,0,6,0.1809284070040751,0.6284406903318862,0.3705322929014586,0.5216698014901333,0
3.969400677478341,0.7467248762917983,0,398,0,1,1,6,0.11203093868171887,0.36720484327676206,0.10287726891162619,0.19713660498002683,0
2.7482505075506705,0.4185307770366532,0,648,1,2,0,4,0.5658254632674838,0.7899587095735309,0.7743655576279135,0.27111033521902916,0
8.865575621718692,0.015396654960569855,0,1264,1,8,1,2,0.4119879322274719,0.9374682745845505,0.2371189881221205,0.4106940565496169,0
1.8759368193949133,0.528367320376222,1,708,1,10,1,1,0.4158923294694048,0.28998111373376767,0.43492166234706764,0.7050442998572152,1
0.848115912357631,0.1300464400848661,0,1024,1,8,1,0,0.307946689442649,0.868814326021008,0.5163815869121214,0.4740317796966418,0
3.4192693854566034,0.20993431309359467,0,627,0,1,1,3,0.3712475339219875,0.7400005470353311,0.08724985459644441,0.8100545369214317,1
7.1763914764156755,0.696040961424093,0,5,0,1,0,3,0.18407459638331203,0.5660231865009603,0.43113151145533724,0.09659243685264596,0
8.074316059762817,0.2571420371411961,0,424,1,9,1,1,0.27058383566954836,0.52496993852771,0.15236402775455882,0.5718494933673033,1
9.987433700667648,0.8918882018418166,0,848,1,5,1,6,0.5422729174299503,0.31930541964999803,0.23252309403592786,0.10670606530805649,0
2.963620570111649,0.6571697584241699,0,29,1,5,1,1,0.5222918499207767,0.20328506334786423,0.35628671087870945,0.11780216040069325,0
4.079419511312822,0.8322834849108091,0,347,1,10,0,3,0.9059274147293807,0.08338621036663518,0.4897304734060145,0.3089035682481436,1
1.368212780296263,0.6151895383301841,0,1429,1,3,0,3,0.8325399186736215,0.7124489803924292,0.43420495172237417,0.10497677083805834,0
5.748719296230336,0.8688495910220159,0,23,1,3,1,7,0.0071014291144749775,0.222441219286587,0.07157948608091036,0.7754586729243301,0
9.975800372629172,0.3616846750221502,0,371,1,7,0,0,0.229763914573474,0.4953877701255913,0.35036943882444505,0.5073919072620214,1
7.008810101206585,0.5491405768855797,0,929,1,10,1,6,0.8876951918392282,0.8898149116692463,0.039220702923732476,0.6445557883669198,1
5.952128404133718,0.5158904004443335,1,844,0,4,0,5,0.3147532286992285,0.6711063872699018,0.25078694970667437,0.056262637487973444,0
3.92369092921794,0.9037907080779705,0,307,0,2,0,6,0.47770564976503604,0.16923479380845052,0.08510993721754367,0.22480608666814395,0
9.152987602855548,0.16491540860861353,0,89,0,1,1,6,0.674984926071048,0.7344538323426281,0.16738755756478985,0.5232915869416065,1
4.969165961303494,0.5780607631866924,0,1349,0,1,1,6,0.5433571460472769,0.21483388095481826,0.5024905032420078,0.08201087476892122,1
1.343669133130615,0.7544311942269804,0,826,1,4,0,3,0.004867970757393425,0.7799094403906806,0.9273103935004581,0.1605850659935859,0
3.6537846319913347,0.37004976053366034,0,860,1,6,0,4,0.2065634654577695,0.07771221719307797,0.1947647213574527,0.021881505691161762,0
0.671666688477669,0.8675815246159764,0,86,0,5,0,2,0.10043967341061433,0.14170914993106054,0.7308064973242993,0.9114885280759042,0
2.0197903768878156,0.37301476707773407,0,313,0,3,0,7,0.1676452573516256,0.9341903772656687,0.0437018160028777,0.4312389275729216,0
0.17668780999912204,0.1733087598959161,0,109,0,7,0,1,0.14736869285085208,0.2802845726490284,0.33584919728787943,0.04502044022037077,0
4.532799165001634,0.5840483554050317,0,1468,1,9,0,4,0.6227788165949936,0.15063580301738366,0.401384975320055,0.46049182216046536,1
6.345402649517972,0.4205680100373125,0,1154,0,3,0,1,0.40656463281848776,0.2149078383890367,0.10835176927368684,0.8875471220934078,0
3.4329246237890776,0.015190104682004546,0,819,0,7,0,2,0.06655128227044216,0.361099732954954,0.6367732720024883,0.1899491172803106,0
4.203817715052772,0.06983859249350322,0,1021,0,6,1,7,0.0822904257601288,0.8376158836589982,0.1456733170595318,0.2378650638003572,0
9.59209272844576,0.19527718020659002,1,248,0,7,1,1,0.9503564005012547,0.1525212535619601,0.8006777838439088,0.9822332506670894,1
7.519631215749155,0.7693299595181523,0,1482,0,1,0,7,0.15476196998877811,0.01575071456567323,0.5915253374467603,0.8539096427534832,0
5.408566369449512,0.8920395160337483,1,775,1,7,1,6,0.25384010509308663,0.8649914784401495,0.7412930220405352,0.5485275988291242,1
2.8454087511182524,0.5456408740142225,1,774,1,8,0,2,0.5742949262141733,0.2996586856577368,0.1642331280828918,0.1860125599546648,1
8.969967987729952,0.10556546251412346,0,1439,0,7,0,2,0.1871058436700237,0.07691714163908636,0.31709999749933526,0.21952482146235597,0
2.350971168806595,0.534418952241846,0,143,0,9,0,0,0.19752939244031298,0.027766713950817756,0.7054750063403621,0.8614582273397102,0
3.2534273051667704,0.855605460596945,0,636,0,8,1,6,0.07258765858552696,0.8995773113605596,0.453345166395847,0.6755349424684512,0
9.090648144229485,0.7494776291225896,0,132,0,10,0,5,0.9808211468183533,0.5231403921762067,0.6323415127252937,0.35094402645862577,0
5.295420552850723,0.29109816369737496,0,638,0,7,0,7,0.6060505308552039,0.610499141783928,0.4134584223243526,0.025967863833741833,0
7.423179494179767,0.12389060928835782,0,400,0,5,1,2,0.5297439679133291,0.6160560784219361,0.6722117164987392,0.1360215052845264,0
5.9074479416376615,0.900681699762243,0,691,0,9,1,3,0.8886705775540708,0.5221938372427858,0.6415277232128712,0.7292293414476663,0
6.5343920900949515,0.854088746632211,1,1052,1,7,1,5,0.5944251646584606,0.7692612797249087,0.2995056800116501,0.6487483472141097,1
2.9938329151482557,0.05371536514522579,0,420,0,6,1,2,0.26308326412689,0.9060860022225268,0.8816802393057374,0.35878205276527064,0
2.4137206162666294,0.8236744898245643,0,76,1,6,1,2,0.47225830201360264,0.641077336469116,0.7323884732812229,0.5919586412443827,0
3.224923471686653,0.09721263778493949,0,242,0,4,0,1,0.47757867794362596,0.8438841401723299,0.06822096809511768,0.7551181382028489,0
1.5544156408342247,0.06328363340203702,0,1073,0,7,1,7,0.3980795878848813,0.009615817528010329,0.037703983253280726,0.6438266894069523,0
8.743143652908074,0.7586008971462594,0,868,0,5,0,3,0.7536304905727093,0.4801882139409195,0.7161229137563877,0.23951063319937937,1
2.832469332501141,0.536310621924958,0,1467,0,2,0,6,0.10968279697940209,0.6040475736256877,0.6320316956728846,0.9515043858087042,0
5.614893944143846,0.4145480240903189,0,1341,0,5,1,5,0.15921477397363903,0.20123154772141272,0.9244560337937093,0.023628401280146427,0
7.919744251413741,0.9038621959760219,1,241,1,10,0,4,0.372196266773028,0.16029690391134577,0.675468946613873,0.5562756192391327,1
7.838241093757135,0.8393035720677537,0,1103,1,4,0,2,0.07117300467915455,0.1362437224225539,0.20819237634203303,0.22330985471724185,1
4.3838625858419284,0.057623471547056604,0,135,0,7,0,2,0.9873955414795771,0.28482008621831867,0.04204121964694263,0.7075205793432444,1
4.762573085867256,0.6160872419411724,0,144,0,5,1,3,0.4957944024148433,0.8234110680829825,0.5324068100845376,0.5618054275114394,0
9.947017489350248,0.7722674032074582,0,1189,0,3,1,1,0.050106169345504936,0.027648759375107024,0.49629671461348646,0.19570321483016162,1
6.745974769790241,0.5504905797749521,0,601,1,4,0,4,0.6078961947026648,0.6024277762880353,0.9373792509161729,0.5058879874529016,0
8.146384431178827,0.9830054990761883,0,1496,0,10,0,0,0.781104577410681,0.0681538660378127,0.7083710698399108,0.5197393577284682,1
9.02553969219232,0.6860475046475483,0,7,0,2,1,2,0.407716250279923,0.5931963056508585,0.9000514276415003,0.42030159378677934,0
7.875898362293392,0.1041430126970253,0,753,1,7,1,5,0.480532211830223,0.2522078395079844,0.7565666627051698,0.042172244633507217,0
1.8517934495356758,0.19829801199995345,0,461,1,9,0,0,0.7006000025545202,0.15734245650442025,0.6606208084360723,0.20677724841400869,0
5.621707337375722,0.826245621199462,0,1478,0,2,0,0,0.23381778821050092,0.46583277346772467,0.5631320772817017,0.968816480674866,0
1.0189415731454488,0.9967566731443,0,1004,0,8,0,1,0.5976638869997256,0.2311063400811959,0.5800354818798051,0.18849023773288942,0
6.529221265639984,0.0983392668723897,0,1157,0,7,0,6,0.6309453258756416,0.3782670881933302,0.5074569150291166,0.4587630987067147,0
9.553494281878109,0.1003293178450484,0,435,0,4,1,6,0.8046436641647865,0.6330506759025707,0.8389695711629459,0.2940403466935978,0
5.127320643001113,0.7633870541432835,0,1341,0,2,0,0,0.8910716402791254,0.936229980365116,0.2346319516898181,0.7568476026976892,0
4.329724928677672,0.06435428171653956,0,1260,1,10,1,2,0.9408881423381407,0.6178214090084686,0.9151907960674788,0.578088367758345,1
0.35842751418163177,0.06856011606484747,0,1176,0,2,1,0,0.12632639149709157,0.507068217649553,0.5594929374771576,0.7154082823589561,0
9.597745223292204,0.8888164830096625,0,716,1,10,1,0,0.8162675803104066,0.5570000856272036,0.4374322314437935,0.6369767761699993,1
1.0300268413015878,0.8004498123184509,1,1382,0,7,1,7,0.6754307752723682,0.4720929834853195,0.21102659959729997,0.5036991191071858,1
0.41079093304846936,0.8815631998643823,1,1003,1,9,0,3,0.37072812999120397,0.5628106456278844,0.2760630946106386,0.9606227511743215,1
2.460666115049385,0.6505134021327537,0,98,0,3,0,6,0.9228111729848605,0.5701774032783086,0.5841545729160464,0.7031832582722075,0
0.6553043391838242,0.32253642193885845,0,1325,0,1,0,5,0.8601170154532343,0.4921950506023146,0.15172431764546557,0.6888257312930451,0
4.551178424117623,0.9063131903327911,0,31,0,7,1,3,0.774358853783522,0.7883720070583113,0.0033103321469913904,0.6904803028053305,1
5.160878012571124,0.2987235249744318,1,1024,1,4,1,6,0.05748432415792526,0.3907453160813321,0.25922579263277346,0.46679270303650156,1
3.1256994902858395,0.27551083945484933,0,374,0,6,0,1,0.1770068292225333,0.10854735151095685,0.3041042956624045,0.6426864703528535,0
0.5096048257488606,0.8864004191927712,0,1345,0,5,1,3,0.9183291856078198,0.6430521665751584,0.9413148942870815,0.6045036885785091,0
1.116003682492267,0.6808225924932079,0,1094,1,4,0,3,0.9822364219526405,0.7960963611160599,0.5818242007730752,0.8882908292077254,0
3.8450437798992807,0.8956720847092428,1,1212,1,8,0,4,0.27730399378303394,0.7800177693516182,0.4057651111715489,0.9788506703483486,1
0.6052845082653613,0.1559012892539724,0,1049,0,6,0,1,0.27738700445143916,0.2521316365491256,0.9830000161306436,0.4830390490913954,0
6.981897256099135,0.9522967977656314,0,850,0,7,1,5,0.6103048971685336,0.6470209668044333,0.3674044417223469,0.6008244971907345,1
2.07020541524812,0.6127421567003271,0,1295,0,7,0,6,0.07618168642350209,0.9985876415563546,0.9581389454087418,0.29026424248753424,0
3.020715687836385,0.6680350440934276,0,445,0,7,0,7,0.5953154699502338,0.10456507355369082,0.9414657134610829,0.845433340417355,0
3.941257771780975,0.9140605803264515,0,792,0,4,1,7,0.9686890902199639,0.5227553057386628,0.689896531324804,0.710678397241557,0
4.166096330691479,0.38075297469462865,0,447,0,8,0,5,0.296952870842758,0.30538744464673395,0.5252346397316204,0.9239854824204717,0
0.016607076748005323,0.7195749946958622,1,170,0,3,0,6,0.7427450445140544,0.7912232407563258,0.8217449385217203,0.605006515797621,0
1.1207037099869754,0.640340621124484,0,1312,0,10,0,5,0.524900742669062,0.3247276980371616,0.323910276578231,0.7086507747743277,0
8.627645637408781,0.7877527188659602,0,745,0,9,0,7,0.2873113315550937,0.7335834267712787,0.3678585305878812,0.09514607658781016,0
0.01233062511908134,0.8969427918333073,0,80,0,6,0,0,0.4124787475680377,0.1604542980937098,0.20688452128907386,0.6067287469090851,0
5.081673558128751,0.6800608554300946,0,1237,0,2,0,1,0.551081938487321,0.06696746348853944,0.2554012529041103,0.37678568418800595,0
4.895020065072081,0.06763955450306436,0,1412,1,10,1,3,0.7615908430547176,0.10410233085287379,0.13645751777373405,0.5080920533322121,1
3.330941610106378,0.18314034584978023,0,992,1,6,1,4,0.5407949943862344,0.26029181393524603,0.8506809822330924,0.3265724524515091,0
4.313270201464496,0.9539781822670841,0,490,0,9,1,7,0.925140286071245,0.8495142823524304,0.0012481361240375133,0.28724810523950894,1
7.805811375265844,0.9686504733772262,0,1289,1,1,0,0,0.11694870767134669,0.1504337818760315,0.42447582359136826,0.8207190481018736,0
8.412037062149565,0.9674133136983625,0,1108,0,4,0,1,0.9576976763311863,0.033390477995465906,0.3642175270137886,0.5576215632877793,1
2.6034854341525007,0.036799400400117976,0,427,0,3,0,6,0.5506514143367965,0.8534608306708414,0.3876744177948246,0.2532115686595555,0
3.2249044096772983,0.38244816794941827,0,495,0,9,0,2,0.3918152480942889,0.3748822567172382,0.8437617808834109,0.7667140666244839,0
2.4248285302833272,0.759672703987996,0,1481,0,5,1,0,0.07605106423231234,0.5887339763122547,0.8210619641472607,0.07480230434508339,0
4.798634005510651,0.7528858036578309,0,1429,0,2,0,5,0.2962482180956587,0.08379853944267046,0.6633970088918923,0.2931508321614832,0
6.83258357658813,0.08590890494995851,0,1014,1,7,1,7,0.4379345220911519,0.9073445435994871,0.6891093833740947,0.33630497689676886,0
2.2825287546342055,0.609488887089519,0,54,0,2,1,7,0.9370667113616342,0.5044431023244182,0.8035331024558782,0.1775868009695858,0
3.3073574205486667,0.14286961854085745,0,344,0,5,0,6,0.756425332391033,0.08956958946156623,0.3850449736320424,0.842690196196731,0
9.303846175891504,0.49320933286779334,0,529,0,10,1,0,0.05904494274596528,0.6338112485592057,0.450535152258119,0.6738985749021422,0
0.48569289846958075,0.2396857008411215,1,803,0,5,0,1,0.32789345071531995,0.3655657151490693,0.24473189512563265,0.6703041530859895,0
4.607696052395662,0.053161171734727675,1,1301,1,5,1,6,0.49143231704910006,0.3534070526369375,0.2380530886911557,0.5927073574799167,1
7.115580415967778,0.08001942552660957,0,1272,0,1,1,5,0.8500851722171872,0.4082185904565071,0.9346178338379226,0.3782923644266858,1
1.5045401155747407,0.9108929497299082,0,411,1,5,0,1,0.77642748804424,0.5081233258284493,0.7606489751422386,0.6590120906119236,1
0.47374020005481854,0.7446459642015341,0,163,0,10,0,3,0.2161377171142851,0.6193259655712052,0.45298848315948936,0.7362841486595305,1
1.3820537163853075,0.9318239817729504,0,413,0,10,0,6,0.05045956374039218,0.1464128836097628,0.038993853217534125,0.5384811268288471,0
9.18823193530683,0.4699899323335527,0,352,0,10,1,7,0.13237539511535457,0.754366296574226,0.7428009031591686,0.4707231505704217,0
0.09259781821123414,0.4132924989528043,0,1348,1,4,0,7,0.5032896798604204,0.02714346307284088,0.9485158118967896,0.22352441054413152,0
1.8832197481135182,0.3584072925020956,0,21,0,1,1,3,0.08987760556766677,0.6991728576891109,0.9267387746792286,0.08399771430243608,0
0.3128351290164455,0.61630709605209,0,1245,0,3,0,6,0.24975776312021047,0.18329747962368304,0.7141624889982655,0.04130210525028366,0
1.1062946756220327,0.3515593869713336,0,985,0,3,1,0,0.8213476998127742,0.4468240503495956,0.6477381754074208,0.7142448658562552,0
6.201492866282963,0.7462732339820062,0,158,0,1,0,7,0.401953100566823,0.5615510812591015,0.12084001335765981,0.34864720179489816,1
2.416389087390858,0.8013173262158622,0,1027,0,8,1,1,0.9961464945264302,0.6473798242016366,0.08566305262518681,0.7084082623686928,1
5.692120504306768,0.875844593429381,0,870,1,6,1,7,0.7559827539589256,0.7910353948969923,0.26520297364966705,0.5079062234740835,1
5.901953827661261,0.24280093024527727,0,5,0,8,0,0,0.26491826852635514,0.5161965112791062,0.563743007880126,0.44688641445879895,0
8.494353330897791,0.5270220492923754,0,335,0,2,0,7,0.007570342690037979,0.8801271518193752,0.9132139073331988,0.6289270200937834,0
0.047413929118739206,0.22344461672983884,0,522,0,7,0,4,0.5272074751296921,0.9550510958755302,0.871096707903596,0.18325987958245182,0
8.533694593423668,0.03755582342034114,0,322,0,1,1,4,0.7058557757065916,0.9760468599189573,0.30606270320091367,0.9796650545356846,0
6.19119086426974,0.7078253041698377,1,868,0,8,1,5,0.46968304578438214,0.3195614719822282,0.36624207733402425,0.33022635964146185,1
1.627434861049576,0.5489812739351246,0,923,1,9,0,3,0.9065046604808226,0.032174180450275314,0.3103440038950165,0.7691852230677828,0
7.72937388135284,0.7239272795530837,0,254,0,3,1,7,0.7679509270931563,0.7157967701039618,0.5301712838331253,0.24786763834091086,0
8.554915417905857,0.08762291140653711,0,185,0,4,1,0,0.5202691227337203,0.2518976981285722,0.8089251184323608,0.4679309640392749,0
2.542634837541573,0.995526179061942,0,983,0,5,1,5,0.018923913589773633,0.7676865137888744,0.783117729604986,0.4993095382489897,0
9.187936809026809,0.994348566947032,0,704,0,6,0,1,0.33824690912188926,0.005000545522235944,0.8863065149450058,0.3066584614929292,1
4.544574302986578,0.4649998255035127,0,397,1,6,0,0,0.4944081366392158,0.7771832024484356,0.5217199491821986,0.34862256519926027,0
6.034244543333215,0.866058715183836,0,383,0,2,1,5,0.25023434141198986,0.07014406685866825,0.6581551073599063,0.4352877869458287,1
9.846495336176437,0.2435685558055568,1,58,1,4,1,5,0.8376519214088094,0.8793470320821989,0.953905280011364,0.8361930015960196,1
3.615360786391993,0.737566161223297,1,1280,0,6,1,1,0.42447115751858255,0.6513122704510464,0.6755527678800386,0.5000504803886219,1
8.131593458201129,0.8792258568135658,0,1262,0,7,1,5,0.2038004976119393,0.16171215213341006,0.16706038126479406,0.08857523098896103,1
3.1839911782845967,0.8146662660807785,0,831,1,7,0,7,0.7790993953586698,0.5078219415760503,0.3268536899437736,0.21667682417182232,0
7.99213522241491,0.8117740782411574,0,524,0,7,1,5,0.6082837812012715,0.5052013698990461,0.07569447458086775,0.986023476589101,1
6.007339188626425,0.4630266320888651,0,322,1,5,1,1,0.19707844684327003,0.8790385809689091,0.11049641495480866,0.08987219892655596,0
2.163556952254014,0.8199899477787728,1,461,0,6,1,0,0.5327460481186428,0.5323367271155396,0.4918349007956482,0.6477287524830003,1
4.140260937892364,0.6907048130213005,0,1389,0,4,1,0,0.6945212374302653,0.55047692207986,0.7385698069946144,0.21115724283127313,0
3.176356343635617,0.13245139814420437,0,133,1,3,0,4,0.4484333253706594,0.3189998730760941,0.1889426062076771,0.4319304805574695,0
0.7810839308036388,0.11418440406452013,1,1234,0,4,0,1,0.30238204525212165,0.7285042873441314,0.32001539400488777,0.3570197300068142,0
0.29834770099697483,0.7719221359346399,0,456,1,5,1,2,0.6896686806811917,0.050298202157405214,0.33655121649012,0.9771774837104863,1
3.464786554071809,0.6254640887729238,0,397,1,2,1,0,0.6872660855801912,0.9679530854445342,0.8401226713857323,0.5512723296121684,0
0.1903414781748658,0.5193761171913774,0,1214,0,3,0,3,0.016937428560812928,0.6062508987793395,0.18403563762762176,0.24991369269846664,0
1.6548775758177503,0.9072617908488282,0,1441,0,2,1,1,0.23412530901467354,0.8456652899119128,0.034038000556708026,0.6035757401822138,0
7.251833208508688,0.6595903568712186,1,1487,1,5,0,3,0.6463160558587783,0.7810668805353146,0.6238414217760709,0.07139703273196896,1
7.080912356835879,0.39614674508830017,1,401,0,5,0,4,0.2241447841593709,0.2181524438741661,0.5268515556267865,0.926647553254019,1
7.385803864573827,0.4139318081761838,0,886,1,2,1,7,0.9626548517219389,0.2890760622567866,0.0027095606400937555,0.3442425595755676,1
3.171531711299788,0.6052443608175849,0,438,0,2,1,2,0.16279093664948685,0.2780112316442902,0.7646921591921586,0.8833705367719717,0
8.900194571176955,0.7602752846863484,0,290,0,6,1,2,0.7482160612671672,0.22551806056739854,0.42386313175842516,0.809205304690785,1
5.938305480284476,0.5643533069491241,0,578,0,3,1,6,0.9983226268779684,0.01590729218278475,0.5478216974485266,0.186788717195005,0
1.2602634174662652,0.5087608822191797,0,93,1,9,0,7,0.3465784668145948,0.8269514508519049,0.6708132695180797,0.9622992094511911,0
1.4371866145553414,0.7269007026541818,0,247,1,2,0,3,0.6031273789567931,0.5378524802073715,0.05134535823185471,0.9916772129908331,0
6.930954269297015,0.7052645499070364,0,893,0,5,1,2,0.10571196979431507,0.5911840550739538,0.17254396420567863,0.8052909146233742,1
1.7294393644207806,0.830346840613561,0,1030,0,9,0,5,0.6218234908255517,0.4917033930694379,0.46314190246116627,0.45149381516383924,0
5.072927015820433,0.06255178627729441,0,405,0,2,0,6,0.9875227799336301,0.12436358945458836,0.1719005269622511,0.6725444186998258,0
9.917744759287107,0.7549521320819789,1,836,0,5,0,5,0.9728591692970591,0.43610288865536284,0.11658261482306076,0.08065193018488581,1
0.04007604733339498,0.51376045095169,0,1146,0,5,0,5,0.4117781896969359,0.2936332118453704,0.3249642181426883,0.9211189868843332,0
0.16579801897556923,0.07469312003315187,0,1341,0,6,0,1,0.8206204552293567,0.8920585466474369,0.42666141885686004,0.22175785762609812,0
9.930845819305066,0.6790100281695197,0,852,0,9,1,2,0.8265997022268218,0.7012081208599346,0.8498709790844903,0.7167082096241085,1
5.846388341341655,0.7165401940019428,0,361,0,6,1,0,0.3272666222898484,0.16265739042239313,0.5949378549249333,0.8015315741789922,1
1.2690997551851313,0.5236271695446845,0,1068,0,4,0,3,0.8227476362205827,0.7019173316168182,0.9293969651953015,0.9695755897719479,0
8.973021997540936,0.7937989776497628,0,255,0,4,0,6,0.162404581235442,0.5483677587079797,0.4571965577409981,0.823808523102654,0
8.803803001276922,0.3002481086293015,0,208,0,7,0,1,0.9788791965199434,0.0816773187597829,0.4724177873992892,0.8180430037582271,0
5.3620041311137525,0.20190721853143612,0,537,1,3,1,5,0.8641700706021397,0.06955110423957667,0.31144929248993436,0.7053836623757535,1
6.217920298607566,0.3507339517432785,0,493,0,7,0,3,0.5105932451215064,0.14743733157439487,0.0815612251830693,0.5766466401776832,0
2.7318719150087634,0.4100505132959775,0,219,0,4,0,1,0.3853220569374617,0.8104974262045241,0.17200801125177168,0.04188339084157788,0
0.5051969637200515,0.6959336024021688,1,78,1,1,1,1,0.9459486324070229,0.8299490432618261,0.06770798740362949,0.9727030267469842,1
5.945676088908644,0.8455199378782277,0,1419,0,6,0,5,0.07112612545914321,0.6081807100313379,0.7034491366000208,0.4489708849140682,0
2.94755193202763,0.7209181900786765,0,1016,1,3,1,6,0.49838956840353354,0.01562631808151216,0.3490007146695693,0.796788268323727,1
6.6362104666035195,0.1739875590696015,0,1076,0,4,1,2,0.4869469004426301,0.3171216359221375,0.03151716246650438,0.3772852979473845,0
8.362451768426013,0.3662170848002574,0,99,0,4,0,7,0.3813246978540936,0.40090870390563105,0.7521991794776736,0.4560601214170332,0
0.18160543914364058,0.158413713447778,0,1194,0,2,0,0,0.1126275792898539,0.28438528702436994,0.2548416583766894,0.46235029437416086,0
5.957137746857274,0.6867241995580513,0,546,0,3,0,4,0.25138131683529397,0.5811276138608497,0.8935213984693163,0.9900083361957738,0
2.3128053968685225,0.24817187821689413,0,1122,0,10,1,1,0.9831182441654887,0.062211264811037226,0.8230834930804687,0.21134818841401914,0
8.738884979038014,0.5253869328518468,0,735,0,4,1,7,0.8079513885249995,0.01996994222856363,0.3037593760179732,0.5017657041445256,1
2.536645065618285,0.7918298431946843,0,364,0,8,1,6,0.8382831570507472,0.5878668155804522,0.23571661108463604,0.1546904163960109,1
6.107701332354183,0.6709392749216151,0,393,0,5,1,0,0.5095315951699286,0.26453036118877893,0.9930800954399323,0.4941219950825141,1
5.535408400896115,0.2983739906651327,0,210,1,1,1,3,0.661825431068817,0.6865292293109323,0.8196461550721725,0.545965066115144,0
3.961665000592489,0.33286675061634086,0,1244,0,9,0,5,0.505005930734575,0.777592837364148,0.9266247147101122,0.13665054686792555,0
6.776207635997941,0.6533642866030318,0,644,1,10,0,4,0.6773594047780074,0.6110571670364802,0.017037105345662718,0.6982551712882816,1
7.257696347154338,0.5494677493399441,0,1170,0,3,1,3,0.8634684243298999,0.9896954719937888,0.59833018678779,0.8279874901438916,0
5.669377953193868,0.09639348747004439,0,1243,0,2,1,1,0.24259470355583457,0.6429268337695672,0.2666421659254098,0.8160276401190755,0
7.584222371847541,0.8739915892735461,0,250,0,10,0,4,0.9508932713168251,0.7727503322963373,0.3747302703158706,0.729222284974795,1
9.834170759929377,0.5126132480536286,0,495,0,1,0,0,0.9136118167355519,0.6410173336922713,0.09107541169513189,0.14088397273355702,0
4.192723879008051,0.4733610131974654,0,186,1,9,0,2,0.41929129421576483,0.8054417084553416,0.7483656061519645,0.6214673710020625,1
5.145830518855309,0.19843933663226232,0,14,0,2,0,1,0.976814215802197,0.39060190176500986,0.5256440479234893,0.6983573485137876,0
0.12469877941213237,0.3769938189705373,0,1479,0,9,1,5,0.8825241479790874,0.4343576494327446,0.7920230086310429,0.7593541318409944,0
7.960285563103784,0.3328248623150991,0,990,1,10,1,3,0.04007739458030801,0.33518748832871126,0.11648623003172398,0.7094013212078183,1
5.202300670459938,0.27073568282942684,0,677,0,3,1,3,0.04211416689967007,0.5764779333231616,0.9972731317532062,0.6288022740788569,0
4.079614303605652,0.5674065746467731,0,300,0,3,0,6,0.7072845791801631,0.37464295505158285,0.348556188891775,0.7277427021123304,0
0.940719630893958,0.46227536028028204,0,886,1,2,1,3,0.7836719682646048,0.9878619591743735,0.9514434656259271,0.8523233975450089,1
8.896564216753973,0.8891976853146673,1,814,0,8,0,6,0.24868691971103507,0.6030037351070743,0.6764562096148161,0.5693188725274342,1
3.9500724004055643,0.9413439770471609,0,334,0,4,0,7,0.49873664885759394,0.3357008554240736,0.10883396782726584,0.14529676460713337,0
6.8258159820922035,0.21947342922809088,0,22,1,7,1,1,0.5392484165253694,0.5081660309926719,0.7819891049273017,0.8159569572573078,1
1.4937415636815077,0.10010542876721051,0,703,0,7,1,5,0.4455957606325628,0.7806128966795417,0.5606634283032866,0.6610167566719669,0
9.615496295410326,0.7853375514877494,0,763,0,6,1,0,0.06912242918397082,0.8061172531351917,0.1887030943372554,0.6866111678514195,0
1.7844176182183091,0.994861403638609,0,1197,0,3,0,5,0.21889610211066768,0.6371015108089543,0.1872367378248755,0.29420705775136136,1
1.9954199289949037,0.8636000698541542,0,590,1,4,0,1,0.8145107391449705,0.0023305198248867454,0.9531547383084784,0.14965988563692967,0
8.589828605577138,0.023697402118734723,0,145,0,6,1,2,0.07308688467534952,0.8686130970522099,0.9985629794602784,0.7807216105512728,0
9.125827441419311,0.251263550706466,0,1320,0,1,1,6,0.6221406521240891,0.9098020141156706,0.5761157205464529,0.04941995221112272,0
2.121474075233014,0.04334227704126392,1,620,0,5,0,1,0.6341581999648843,0.871649108141548,0.18715337269508958,0.4023474673426466,0
4.6980088817482795,0.8207793770411665,0,1082,0,8,0,4,0.956490132683685,0.6711160076505488,0.34025877297022167,0.508861603334201,1
7.334949045628298,0.5814069762923163,0,64,0,5,0,6,0.9874512398145048,0.027099451865780444,0.21195820844901525,0.017430551497709446,0
8.783657338108016,0.5137185411670538,0,54,0,4,0,6,0.9450425259416589,0.9507802574551256,0.607491077570687,0.5970063552362002,0
3.790526950373052,0.5544498819965276,0,34,0,9,0,1,0.5413214352779907,0.06780752061457829,0.400277909458268,0.11962643740430201,0
5.170194868494292,0.25245125869659113,0,1184,0,6,1,2,0.041775722213280186,0.14948424429030172,0.3780680884528793,0.24144820075446205,0
7.417164105197349,0.6016383691388628,0,361,0,8,0,4,0.2773006119401238,0.6279011008845119,0.8014180592198049,0.9935685725002547,0
7.3113597665279535,0.030666978464029993,0,1186,0,1,1,4,0.47549554352080703,0.46180936928535377,0.963568296326342,0.5602724867010346,0
7.829601300260849,0.6460117239708396,0,1417,0,10,1,1,0.039119842253617865,0.7547580698750986,0.19702581117322637,0.9682723350164116,0
5.699338186415264,0.7344338301788308,0,995,0,8,0,4,0.03709733230613255,0.633144279492083,0.4144237856031584,0.49263447382353864,0
1.046150968047752,0.6730262637118272,0,1478,0,9,0,0,0.3240230557241006,0.004189976635800008,0.5365299124150953,0.8034247604769099,1
9.039732908780401,0.33211751831222025,0,1393,0,7,1,5,0.3873447240815874,0.6428149468543811,0.2458725933474215,0.037990039596491054,0
8.655725393210282,0.8262629151275427,0,1084,1,6,0,5,0.5808443712157535,0.8582199334306958,0.4019000590143068,0.2912604816120905,0
7.98097435818333,0.7155439971174821,0,1204,0,6,1,3,0.932857649516768,0.852146401947533,0.0557967500127069,0.28322405597369593,1
0.9986247716072949,0.12829732292427787,0,905,0,7,0,1,0.39117693257846375,0.15740804970419486,0.04122143177523152,0.06979943529860733,0
2.043973670814292,0.19514422053831504,1,328,0,5,0,1,0.04809057838564712,0.347361578729802,0.786360559119386,0.9521016684619885,0
7.436003651076519,0.6371084131782386,0,154,0,8,1,5,0.5400436233611018,0.11952940520251043,0.3390936020122254,0.504679155687256,0
0.23140094581946435,0.28941613355602613,0,572,0,4,0,3,0.3579624477770895,0.7514823349238862,0.7074246384899401,0.5929716183777028,0
9.792246337072797,0.11943294144623695,0,712,1,8,0,7,0.9011035760675142,0.6275604982325481,0.08291397820734847,0.5204611733216071,0
3.771446803556807,0.1549689931498922,0,524,0,4,1,7,0.43149806894320963,0.4844336377695525,0.6706668751541011,0.24856408663471052,0
7.193125336908236,0.16561718054040064,1,153,0,5,0,3,0.3217974205346785,0.2997589666390339,0.6533700454270183,0.9243030743046962,0
8.875710884880434,0.4777909068183822,0,757,0,1,0,2,0.723880256700617,0.7870981645492504,0.8214549021557923,0.6689937797900772,0
3.9462988815008226,0.6073854534294973,0,747,0,10,1,6,0.49325294811405596,0.7914334199167848,0.20460748148380203,0.12360103508793352,0
3.1913248859966603,0.17640227485441495,0,1430,0,7,0,5,0.5550990798278119,0.4911801076752045,0.55111726497296,0.46178906177191725,0
6.087411288982468,0.7124966103632211,0,1431,1,3,1,1,0.15206741544666502,0.1244207168469782,0.9011829424987111,0.0014737176506641747,0
5.8098937374805075,0.28101260750152846,0,923,1,1,1,7,0.3751927072871991,0.4653590262322487,0.21988312873155424,0.6747432002340873,1
4.091399776247972,0.31155813839396085,0,1275,0,9,1,1,0.04642406015361422,0.8960668132653556,0.12486469445537696,0.5235835295936259,0
6.017747558677085,0.22349862107410756,1,469,0,1,0,4,0.7548787995750461,0.5840853917741926,0.34476510347324474,0.904197121310225,1
9.353813695664947,0.785206135943191,0,1454,0,5,0,1,0.24558166279924443,0.7540007824300898,0.9653460676877502,0.947336674894272,1
4.676402566265965,0.959813832936877,1,1412,0,1,1,3,0.12051576085729543,0.29466796754338864,0.15739068327179662,0.09817722081735869,1
1.9674218075063132,0.4924998486780927,1,187,0,7,1,4,0.5895120307890962,0.3431634978432734,0.11933455139679605,0.08949655809425283,1
3.772059828830039,0.0420306414319922,0,1050,0,3,0,0,0.5794296547215414,0.1171208040115943,0.9977471963158865,0.8990908878613453,0
3.9410698259311863,0.26056931642547587,0,686,1,5,0,2,0.3157975695009747,0.34280507636890434,0.39315636104757823,0.5121018324971262,0
1.3110869302621986,0.15805029111884605,0,399,0,6,0,6,0.9623511779429232,0.1696135019368007,0.14924880131992135,0.46967787056916654,0
1.628715005545549,0.8427622848520179,0,617,1,4,0,7,0.6355213105780555,0.5389798341420103,0.5586195204047831,0.5707891000488372,1
6.845620733936773,0.08485398743320516,0,1359,1,7,1,7,0.9263938866405134,0.3938054912688346,0.01385746820517142,0.4664015692202178,1
3.394777542089027,0.9664762406883838,0,1386,0,6,1,6,0.3005956833084742,0.8357516876409096,0.4255749629795602,0.6142681342881491,0
9.548983918558076,0.588513776624626,0,516,0,5,0,7,0.5518030592775518,0.38272812054683214,0.036218735999029805,0.9490692385639924,0
2.4359674535860742,0.5177397870741632,1,692,0,4,1,1,0.41352072886053903,0.21233836198360279,0.5653385717622291,0.6059827856935099,1
0.9892450510482231,0.8473506224191868,0,774,1,5,1,1,0.41328335179546294,0.0842348686135791,0.6247700607589326,0.3207351822708898,1
7.535045630002579,0.02754762129145616,0,1100,0,4,1,3,0.047767321958576026,0.2525713618981409,0.003527691083212159,0.21338396358325018,0
8.810360519178701,0.7771527494070096,1,718,1,6,1,7,0.21963638769397054,0.6973633133849287,0.5127052015274605,0.9661158793506467,1
2.7811335687148784,0.11660404556851656,0,593,0,8,0,6,0.8693254492248188,0.6262308671155271,0.9449539649719442,0.5793994970531812,0
2.02088101645478,0.8407780989404321,0,1385,0,6,1,2,0.8498553013486807,0.6199459401902017,0.3980891746684946,0.5666677824355126,1
1.8576613487108717,0.5291762192378618,0,559,1,1,0,0,0.10509800988543327,0.85817072285845,0.9545028388453759,0.03333035545779428,0
5.220123013665123,0.06112940236009179,0,398,0,9,0,4,0.018148047693066993,0.25280940196881796,0.9634711121337126,0.9183871601592488,0
4.684166412467709,0.8332450388013244,0,490,1,8,0,2,0.10204576964107259,0.4707925947824322,0.24024985912406904,0.4696029527000837,1
2.5943983985453425,0.027314117071251642,0,499,0,9,0,1,0.6388014005995408,0.1681844285666717,0.5773788571393565,0.9997500399402176,0
0.4517311698942639,0.1383706928936035,0,832,0,1,1,1,0.23982290573469567,0.21879484632297086,0.8303124270970701,0.167865314565393,0
4.814913403262807,0.7978245238266289,0,990,0,9,0,1,0.7626242120709735,0.37091846594904865,0.7091573016256942,0.32620510244791456,0
9.593323476356083,0.464871123857891,0,201,0,5,0,2,0.005829144762904526,0.7070798999905603,0.7601291251969927,0.21007540337307595,0
6.525192007526632,0.8813887043548337,0,1329,1,9,0,4,0.7157725852711321,0.8337093966186624,0.26092882201477563,0.37893175512734767,1
4.955065566286184,0.6354292727910835,0,380,0,8,0,1,0.8863907746669859,0.30721399711559016,0.9182135344552586,0.9766344363584883,0
1.1069207402961612,0.623528754370408,0,172,0,9,0,3,0.04480647447643693,0.397764297486614,0.2356441433929951,0.4147779077705286,0
2.524362905495873,0.29223510613201487,0,1002,0,2,0,7,0.8673949385993158,0.8876606622015639,0.6448076189808646,0.8271005428933453,0
2.9477394957454273,0.13368052355173354,1,314,0,6,1,7,0.9178688113383175,0.780240097606798,0.8847116964487732,0.7552682461102879,0
7.648035526072343,0.9611723908966826,0,1125,1,8,1,6,0.5358401500338991,0.6903350379749102,0.35949417573988784,0.29794922476066343,0
8.767107972646194,0.10479768914339516,0,1422,0,6,0,2,0.284528717522582,0.407143397701606,0.5521333294365098,0.5799040396418447,0
9.016418535664384,0.5290106000735676,0,1038,1,9,1,1,0.5628141490733582,0.3410590342164095,0.6905125870576319,0.8517082636349816,1
9.845686082507541,0.27256859083478024,0,1165,0,8,1,7,0.3105866776125117,0.7234296820253424,0.9284876911157565,0.6113289322973625,0
9.823666831045324,0.2641406635814547,1,742,0,1,0,3,0.9332099162264269,0.0933264734085194,0.4480366314709735,0.26492981639754276,1
9.529991327679815,0.5945862193028131,1,519,0,2,0,3,0.5436317464754129,0.5434663007892857,0.6032037956968276,0.8631704194169537,1
0.7182214050288438,0.7979341171788689,0,919,0,7,0,3,0.798704434371643,0.060805232373093876,0.14179410341230292,0.5561652928542695,0
1.3779353592780519,0.7771794828312787,0,536,0,4,0,1,0.6099702054055944,0.6233375984123564,0.06522278958565175,0.9800087912251138,1
3.044665264760329,0.8688016891935535,0,1314,1,4,1,5,0.28840724681661145,0.5684114311087646,0.021434538577945972,0.655625768538933,0
5.5289825406446145,0.2929027379123671,0,704,0,10,0,1,0.500129726434847,0.05979271055078239,0.47658391627730623,0.44885328463924434,0
0.969778887054793,0.4657513817150738,0,748,1,1,0,1,0.8798913313911636,0.4198651078026976,0.545719107805716,0.4359057378109641,0
8.457969578021425,0.009334573220024955,0,1010,0,6,0,6,0.3828729503655318,0.1924499205741167,0.08635726785875641,0.8801056408963149,1
6.167561790773091,0.7468576231363655,0,283,0,4,1,5,0.34133183616316,0.7981222143879998,0.18109666646610578,0.9805938042585642,0
5.4236440230220495,0.30234311214228304,0,841,0,1,1,6,0.9564304676618655,0.913282774356726,0.26630095643161245,0.4103530661595207,0
1.6531132336729115,0.5614935332701865,0,1130,0,4,0,5,0.33406097255583267,0.3146778503408548,0.8912747091684919,0.1630189854795212,0
2.5325547440019736,0.1693002820194507,0,1164,0,5,0,0,0.8595010767154644,0.02931894610608443,0.09926030852629797,0.03977660000427696,0
1.6031202498225805,0.8193995071343285,0,337,1,5,1,3,0.17828072015554564,0.8976545600261228,0.4896905679514336,0.3223723437891671,0
8.519331577947986,0.8172722192782778,1,81,1,2,0,3,0.791724962077415,0.8445223014881711,0.7890673263184544,0.34197882435008997,1
5.842278600612182,0.8774529147529555,1,291,0,8,0,2,0.6153016503442944,0.7968487366908455,0.87017331019612,0.4258631292122562,0
7.351294275196334,0.04593699710672283,0,1228,0,4,1,3,0.12019657873892531,0.35637883019804184,0.6931354374073118,0.14502581501976552,0
2.9603286291002573,0.9924587097750137,0,398,0,6,0,3,0.06394516559661934,0.07970657025732886,0.2655519321976416,0.4926616763472934,0
3.7125263708827716,0.24777941443969453,0,87,0,6,0,4,0.2983072945181947,0.9748710013407135,0.12141844771616017,0.9433651090824527,0
4.0485496442653375,0.30943368604734944,0,895,0,6,0,7,0.6574560108175462,0.49341059223467365,0.15789820345396177,0.23249419501268687,0
7.600149717440349,0.2493357291904461,0,1321,0,6,0,5,0.360113727051117,0.35661122689477187,0.7702751817703385,0.6847567210304178,0
7.723529876745681,0.2675326983665324,0,336,1,4,1,7,0.27115235733508347,0.7772105779939246,0.29653321324774995,0.03798244322511202,0
2.068135275140317,0.5526613561036466,0,64,0,5,0,6,0.5818640300722865,0.6707011011401496,0.33787201123315347,0.6438097468791006,0
9.41538856738099,0.23981054430377957,0,210,0,6,0,5,0.9525547848764815,0.041865579100023864,0.1755238398631518,0.937518319351549,0
1.206553374436864,0.3937713114004048,0,191,1,1,1,2,0.12185273208982228,0.9583976789737637,0.434645199618493,0.28234433473306,0
8.961220824236303,0.6556065824432153,0,306,0,8,1,4,0.6445813117997437,0.5560637263738846,0.3345420072758877,0.8162352895855151,1
1.003956456498093,0.8360262035777268,1,270,0,5,0,0,0.9124021544580698,0.1882385688534397,0.35701686159621393,0.08244894990897922,0
2.645398111513111,0.6927415002668795,0,955,1,3,1,7,0.541100459573246,0.01596965978028375,0.033790236252435935,0.35823563425897753,1
8.46478536067957,0.5943228447873232,1,334,0,1,1,1,0.964186280065267,0.552237567163248,0.46256936836858253,0.006701909660760008,1
1.7949207234608744,0.1477285625410687,0,822,0,4,0,1,0.5978945795272593,0.5940402478661123,0.11189121036306704,0.355109453422364,0
4.135679313099699,0.8161156015412826,0,602,0,5,0,7,0.6726020404666879,0.09962465252155484,0.5356769233989845,0.30983991976478154,0
4.498592999441263,0.037274887993038686,1,981,1,9,1,0,0.7912800286047221,0.5449280578686585,0.6691836668078742,0.6927556346688801,1
2.4525897302320967,0.2641916632353021,1,983,0,7,0,4,0.19972358187123274,0.4317235508493401,0.5461065370833104,0.29451033723110187,1
7.102452013359866,0.05705891693196119,1,889,0,5,0,4,0.5601921056963589,0.4376269338261528,0.1464701928268548,0.823094723542305,1
8.513346494022038,0.6674289755844626,0,1338,0,2,0,1,0.6142634289034246,0.9752616344162832,0.6164952222629265,0.29145659731976825,0
8.745751398555718,0.3683710825935145,0,294,0,3,0,3,0.12014766501367236,0.29588571573202305,0.4127983508727361,0.2233195252878728,0
3.3932214573656094,0.6520484832048667,0,786,0,10,0,6,0.45551179820821097,0.8841605669762539,0.35939304366085856,0.49452664415234604,0
5.308503942878144,0.3470309593035903,0,591,0,2,0,5,0.7706783707657671,0.34451919295812095,0.14877639590764713,0.6564579857956195,0
2.484064038656515,0.4557407307994942,1,798,1,7,1,4,0.04070623290278219,0.17950170365539675,0.9943308533289354,0.8887272901324399,1
2.4479650155014543,0.45796101016618085,0,209,0,6,1,4,0.41349200726325475,0.15226598881951026,0.3926723019209065,0.8135089241205852,0
1.6125406285192412,0.0455806536675446,0,478,1,3,0,2,0.14571764383126928,0.940638054607634,0.4563705983798786,0.5245039291417513,0
9.400190108075147,0.43022652634600356,1,1411,1,9,0,4,0.17574859754736383,0.02329194870742768,0.0943823675493507,0.9782913182520123,1
8.879888286055799,0.6410643631152027,1,1201,1,4,1,0,0.5125745145950548,0.219160638726139,0.6754731132711129,0.29651635873591653,1
7.773587133276923,0.5460522460754338,1,639,1,7,1,0,0.029481818845178198,0.34047397620800435,0.28265854743714813,0.999463209590204,1
5.17661521287729,0.07528376627828726,0,165,0,1,1,6,0.42495672118777295,0.6567999120583063,0.7401651069096928,0.38518479589805954,0
4.906079155118719,0.6680559856867488,0,972,1,10,0,1,0.02570516115571153,0.37580070802712406,0.06712711490463852,0.26240821597859265,1
5.297456661824979,0.30886275491526094,1,451,0,1,0,5,0.925560104106775,0.020413573557595766,0.29683733971713977,0.38279771235865234,1
5.3656801357708925,0.014434802779022093,0,494,0,4,0,0,0.8829539671994929,0.516959694889043,0.7456547214243457,0.5858176451895907,0
4.345630846976904,0.15559555708424522,0,145,0,10,1,2,0.21163822634090057,0.8844656891973672,0.39600736724124486,0.4739354200465775,0
1.3175483289206746,0.4975596573165595,1,433,0,7,1,7,0.06580436820374791,0.8865710336377329,0.034285604764334954,0.05018755546360876,0
1.2566385286853599,0.31040165903006867,0,321,0,7,0,2,0.2506356558820614,0.9915952454793991,0.7895423644021305,0.35600678082132087,0
9.522497158456833,0.6943830137535508,0,50,1,4,1,7,0.028391910406498022,0.3423925297611923,0.9655974881700093,0.4918200099079948,0
4.820307595863506,0.24065347556576444,0,879,0,8,1,2,0.7347887963823461,0.12246280048654523,0.37651392725299293,0.6632935078398454,1
9.53205524905189,0.7727961684751686,0,1454,0,10,1,5,0.5738944301084834,0.0695385330174868,0.621594984955744,0.9530500754702372,1
1.6357687771010998,0.28647718139397993,1,188,0,7,0,5,0.5438395625105262,0.8670916919633552,0.3726510253700831,0.9559038811532073,0
5.544165520399336,0.6208637075844157,0,78,1,3,0,5,0.8519722187513374,0.7482137898448121,0.5549825148406075,0.514033305201422,0
2.0771725335153923,0.7992163802511801,0,150,0,10,1,2,0.8093124587747507,0.6275736906054661,0.7385635780496481,0.5690910176073408,1
2.531846061266015,0.3855561286437489,0,818,0,1,0,6,0.4088815784679609,0.4967603497428351,0.6329125308373991,0.6980332163970788,0
0.30054578761178785,0.04680494181547046,1,1238,1,9,0,2,0.6103368920229567,0.45734066184564803,0.31471062652587867,0.8353268839935313,0
1.1895331074021132,0.5354455210588809,1,464,1,1,0,6,0.4418079332434445,0.4939518930174328,0.19518854940777408,0.7452272383587387,0
9.168484076291957,0.9954090615445003,0,177,0,1,0,3,0.6240096996902691,0.3638446381737259,0.5443342183972307,0.7205116295156084,0
3.215329914823317,0.9689918663769136,0,143,0,1,0,6,0.1515248546750937,0.47467716162863416,0.6594979065270699,0.4472748073435431,0
6.081292119145916,0.22102219394416822,0,912,0,2,0,7,0.3000802362566677,0.21032948336084045,0.5744962775122783,0.8689497431473209,0
4.65014131989273,0.7556965094242524,0,535,1,8,1,6,0.25188359179575637,0.11776795198206291,0.12814080341808431,0.6625471095866129,1
4.004512452452783,0.34495183182006595,0,528,0,4,0,3,0.1674670139022144,0.21129516483087207,0.35504625785099453,0.1591983175409133,0
5.318860913460681,0.16027248018309148,0,357,1,1,1,3,0.4138380882091063,0.970963982627384,0.7446486649626198,0.5983766532201554,0
1.8723894461534152,0.6659147006024932,0,1344,0,4,1,3,0.7264993976819009,0.9906864929181184,0.14674859944991958,0.3105590084419384,1
9.886038985195766,0.500868729526769,0,562,0,10,1,2,0.3960566728427932,0.7515114685203056,0.8833815078444015,0.2030667810191722,1
8.18307868703863,0.5392305576556773,0,1061,0,6,1,3,0.9826356393263647,0.8371912078828727,0.4665327147525724,0.6488492599107647,0
7.416146327315153,0.8273926622355084,0,1113,0,8,1,3,0.302090677631323,0.10356636120491236,0.7911624366345094,0.642250044969987,1
4.687592970139525,0.33654367588742307,0,89,0,3,0,5,0.9481297820427548,0.12302660768986007,0.34080562361933864,0.9547174282052087,0
1.5287712212633597,0.667094759555663,0,372,1,6,0,7,0.19355368537054274,0.09265464127348089,0.35921560061416,0.9762212016478063,1
9.206658582735677,0.3661914669626253,0,1343,0,8,1,7,0.3207745860906057,0.06319566790747466,0.9670283864027859,0.40878801545345345,0
3.4138706738172764,0.04272389658042919,0,1324,1,7,0,4,0.16408146898182174,0.7473415970789614,0.5673500700999831,0.17851885302928372,0
0.5010668969693377,0.3780151073363489,1,620,0,1,1,7,0.2379101506383774,0.05640307203913453,0.10190675753119294,0.14045821356566957,0
3.4240367681062867,0.9500344632041346,0,234,0,7,0,7,0.15711157042184454,0.949040563752366,0.9576658395764743,0.9742583920819264,0
7.944570304958844,0.48326248208841704,1,447,0,8,0,3,0.6248273111850091,0.6540370450750831,0.374850613577545,0.39588739146898555,0
6.227087449882082,0.10823043683686817,0,1423,0,2,1,3,0.2006151504894329,0.1708762667868997,0.7102237655435429,0.34278291860459154,0
7.508385847448596,0.6878268293762259,0,1009,1,4,1,3,0.08513215209104508,0.8175225791343337,0.12856168031913695,0.6211465327558524,0
7.936353838623774,0.9633793497185212,0,113,0,7,0,0,0.2664207288276742,0.8236937620328614,0.8553227317010489,0.05731382541994878,0
2.119546110805426,0.9079452465442571,0,1076,1,1,1,2,0.6784000682133879,0.5638887825464424,0.9590727653144291,0.6467573710653041,0
9.237833160931801,0.5719608378081387,0,220,0,8,0,3,0.4286313015421902,0.09098398736526814,0.38284834662953493,0.8757506649609613,0
4.379896029203726,0.3762807443485312,0,454,0,9,0,6,0.1561580843912379,0.40077813114059846,0.14471681045688467,0.7242693921522844,0
6.390136492641646,0.5806776685092404,0,722,0,6,1,2,0.06345018895545795,0.5485373126113261,0.5576466871449997,0.41745306108412306,0
0.023087725867420028,0.8159310621992495,0,527,0,5,0,5,0.7293547064325894,0.7437957340808994,0.1617871993772111,0.11614185796493337,0
9.93368498411178,0.8612373420184543,0,1047,1,1,0,2,0.7041096632007207,0.2985037348298458,0.4421396236587909,0.2412427009775059,1
2.808963859641551,0.8188438849424412,1,234,0,8,0,2,0.46152471311081067,0.8731571484673232,0.6226574072010451,0.2654248236902632,0
0.6206310654015523,0.4554763784417377,0,1315,0,10,0,0,0.5277489917124849,0.2507379710089648,0.13929878790726846,0.3849227620920287,0
4.58262041536514,0.11885798957022997,0,890,1,9,1,4,0.24049286051105156,0.9981984907965893,0.9480186720586558,0.1333469293781725,0
1.2903005718204175,0.5691734267387764,1,458,1,6,0,0,0.4853368280887522,0.11505530319758961,0.7055890091429395,0.5756539291128943,1
1.523267101575757,0.15642882803336522,1,1435,0,1,1,1,0.7286066143419342,0.8329495996251804,0.3612802667936197,0.3663113748173482,1
6.322828130302102,0.06095833389785599,0,717,0,3,1,4,0.7715326173584767,0.13221688113846197,0.4156877585844556,0.49637083210249844,0
3.929273915702333,0.4986678334288609,0,624,0,3,0,5,0.3404948713805157,0.7593130522257605,0.8481181719299327,0.28513644705819186,0
9.21852450154995,0.655373450046628,0,31,1,1,1,3,0.678850555848997,0.8623012285388406,0.4760042247396308,0.45386336121883364,0
3.1915649460807005,0.854147306406393,0,1494,0,2,0,2,0.48648442332772557,0.3129185304226877,0.9870806292785503,0.7126498795545566,1
7.261801283839011,0.7828355539543036,0,1269,0,6,0,7,0.7393358134106348,0.10133392716886291,0.062174274387304496,0.08822366676172377,1
4.610994301549076,0.8572405127565482,1,264,1,1,1,2,0.6907806523074379,0.9999091585229412,0.27133691699774143,0.5100942336387013,1
6.599513011292788,0.7600687708208905,0,1421,0,1,1,2,0.7503566988951722,0.9710522425927398,0.5184470452877973,0.618328348318656,0
5.996953567159904,0.7032393969061393,1,1194,0,10,0,0,0.16488337601509362,0.7568210920569203,0.13584484321276513,0.6676761018487981,1
4.727839727589982,0.010137569140699632,0,631,1,7,1,2,0.32212207399047144,0.3864903618574588,0.3562279144625904,0.9227922928218427,0
9.500610946244372,0.6261023118092105,0,1392,0,9,1,1,0.2649837441248837,0.13440064402297713,0.5199775980288238,0.7811215868043934,1
3.4271364275495584,0.12048180413911769,1,838,0,3,0,2,0.4470688541127982,0.4180502918111749,0.2609910522498573,0.7389947309491468,0
1.7723550124927256,0.05866713233254106,0,1032,1,4,1,1,0.46491245978860685,0.7203425775353184,0.16460730908871413,0.8679998788473634,0
6.780940608798282,0.1564121521056554,0,274,1,7,0,1,0.6673071985541632,0.1523639693106783,0.268345523536747,0.9144235036980259,1
8.460075613079088,0.8232921614417502,0,163,1,7,0,5,0.5696071340143589,0.016800375331881057,0.08257179348549837,0.8393491765557228,1
0.4025373993992376,0.7438493931000214,0,791,0,4,0,3,0.5798748730025354,0.9040352588026142,0.1959348187556733,0.6139949048822024,0
4.496326884226805,0.9487724052052123,0,489,0,10,0,5,0.6329848399730194,0.699989854912964,0.06101521223021189,0.8430972924303148,0
8.924876896873263,0.9789762586504105,0,1472,0,8,1,4,0.27288970574861937,0.693840128723291,0.9525312196446835,0.3264120828187147,1
7.496186189228675,0.8932839863739821,1,128,0,3,0,4,0.2261316197897062,0.9471857571553647,0.16101410226354584,0.9519769011840774,1
9.918077164976282,0.13292605097699917,1,1144,1,1,0,3,0.21518855411281002,0.5207053390055504,0.0012681204417029912,0.1734621140579342,1
5.314138115972438,0.8783827409249804,0,902,0,1,0,3,0.7794482385586976,0.3180769541946932,0.9573830765018189,0.22921481270283028,0
6.599957188011513,0.8386371347886453,0,1318,0,9,0,2,0.09726170930198341,0.9094256453182638,0.758581989768674,0.15852554334032165,0
3.0248028113792813,0.8710858598596973,0,1497,0,9,0,7,0.3160927058376565,0.9858115710541738,0.26702104098180834,0.7770135255366212,1
9.475355996659923,0.15168561711649142,0,1305,0,5,0,3,0.28027297337273904,0.02045992021777776,0.8789180338659811,0.4344949393082177,0
3.6633548855653633,0.11679182777331754,0,562,0,8,0,7,0.5919257539778845,0.33067287796331013,0.8716250184105147,0.738030394301617,0
7.385107126866286,0.9238088795840816,0,1043,0,9,0,6,0.9241915845531127,0.36240560529735244,0.7409941188504626,0.5100649357911144,0
4.03140204119082,0.17382664913450452,1,244,0,2,0,4,0.8785946504436563,0.11122780755831208,0.592223037103407,0.4032754742471274,1
5.618189300629993,0.3686217310426012,0,728,1,10,0,6,0.10538732145233576,0.22157325292093277,0.5847159289688377,0.8963767398134932,1
7.197825350215462,0.45598484949406026,0,402,1,5,0,5,0.5402102278406471,0.024457596784180025,0.968902523560753,0.43214447326504435,0
5.089341517513542,0.12444252782956444,1,375,0,5,1,6,0.037197390023720245,0.6964161569901497,0.4651478458621211,0.6183997461970397,0
9.070863269095085,0.02063428803254741,0,856,1,2,1,6,0.7924061734480113,0.10690515021082903,0.8085632612621717,0.8585978987519655,1
4.193009879278103,0.9940904697671161,1,190,0,7,0,5,0.37471820730515426,0.8876275791512833,0.11249117280585785,0.21259609112125633,1
6.470717981433252,0.8766572448349611,1,853,0,7,0,5,0.21486478605822834,0.5839754552650537,0.700827733012569,0.4027240256302562,1
3.423624333000541,0.9123379293506373,0,601,0,1,0,6,0.4841019213914195,0.35615904634581674,0.9895651420214543,0.14490527609452697,0
4.081566682310131,0.2845630692721185,0,344,1,7,0,1,0.43510332280165165,0.8088870455407862,0.009978067355828069,0.5426883975688331,0
4.4005010823355235,0.22010157274543907,0,843,0,2,0,7,0.9431283521553239,0.6506704164216678,0.2579018237068571,0.7895679268878053,0
1.2580701831228525,0.4258665581754266,0,1126,0,3,1,4,0.03318671278961116,0.7530228047152561,0.784945939637239,0.05503217253391468,0
0.9172367905900669,0.45331936897800684,1,915,1,7,0,0,0.9499841541966557,0.8777763687170718,0.7338114726988009,0.060330834734886984,1
6.674899231467579,0.005599438864240636,0,132,1,8,0,1,0.234371243837171,0.8076650328241012,0.7341957552818954,0.7411917209173954,0
6.5551773834305225,0.7792531125598329,0,843,1,2,1,6,0.1450321614097312,0.7791425832464434,0.982463755567825,0.7095917546323308,0
6.629097142100953,0.9966670381420173,0,934,0,5,1,6,0.7418238075664384,0.7298434463741637,0.0958552215129056,0.4021946667997899,1
0.19766445342691674,0.5286908701020894,0,1025,1,3,0,5,0.5225769292667015,0.3774884082534581,0.6750938988815559,0.36069308682909074,0
3.265468426717799,0.38825869501245125,0,638,0,8,0,5,0.8956474076625377,0.6518311409336055,0.6411867697897043,0.2820332340393532,0
1.9780984725919692,0.3927518932212033,1,142,0,9,0,6,0.5426371005265009,0.5656988833251341,0.20576162503106177,0.061761000045839065,1
7.781514225440124,0.09607713217210068,0,190,1,7,1,7,0.5054676114321435,0.9634458865043225,0.21292527784577442,0.5135492967925812,1
8.606304013961301,0.26616181836401176,0,497,0,8,0,6,0.2061618785868481,0.5009355334450116,0.6502122103765134,0.6160752527219168,1
2.466803772261473,0.5021327886346312,0,951,1,5,0,1,0.9497737873711638,0.22181782017773688,0.6545194688999985,0.8653639331763919,0
6.678491588479863,0.43184800113469735,0,1108,0,6,0,6,0.6644902183375012,0.45772835456968053,0.6000712927107704,0.5418613324949086,0
1.2936280345827444,0.5450347457431102,0,1009,0,3,0,4,0.6015687213678658,0.4146501113255018,0.461892744375067,0.15195636853278327,0
2.7515252560171333,0.8490656486374066,1,468,0,10,1,6,0.7900557483384061,0.4685163615523017,0.6872010648178133,0.3081781245235736,1
1.3865449623341952,0.22524230269961198,0,660,0,3,0,5,0.10127098690364511,0.5810304301115639,0.32188953263507447,0.7850236745162796,0
2.835207665992292,0.027664180906311953,0,70,1,10,0,5,0.8664134464678407,0.9480225050929492,0.23580260937366126,0.6181901187944066,0
6.7473654734927795,0.038225445282740744,0,1196,1,8,0,6,0.5004827108321135,0.28108032854905196,0.5954224112756222,0.7711114584226467,0
9.103269101852526,0.13416880530685837,0,530,0,10,1,1,0.8022130587667884,0.9691288153856668,0.6172807690812829,0.41348622921204903,0
2.02522407924186,0.5704829848044025,0,763,0,7,0,6,0.7126308203179267,0.77958262310476,0.812259127581679,0.06751723434259138,0
5.420790349507191,0.8081848100379248,1,674,0,4,1,2,0.4512599101129131,0.18292092676696337,0.41607464064702304,0.8921274142377037,1
7.013911012434323,0.8868059392806316,0,428,1,3,0,1,0.7697098238798941,0.28044060654042147,0.7641226084775746,0.3492167854836067,1
9.529224684855658,0.6351132019749712,0,252,0,2,0,5,0.7206911408919305,0.9093252497539652,0.9177116050943162,0.08338401907670057,0
6.100604828871738,0.40314325245089344,0,1430,1,10,0,7,0.0037218828656436775,0.8013430815993855,0.42566216045884453,0.5868878969824544,0
2.5510693102738067,0.15451470815614743,0,179,0,2,0,0,0.7092474381968816,0.1433607993488254,0.5425791678166649,0.7439618118857153,0
6.254781569139363,0.40141833944347904,0,1416,0,9,0,7,0.5087886985712659,0.584568586477003,0.9102621814869263,0.4780036928661704,0
3.2049116167801617,0.33241513390778354,0,169,0,7,0,2,0.8394708552829814,0.27699325760449467,0.3002501170425982,0.6138618344510445,0
9.761283906917077,0.8700258808571377,0,143,0,2,0,7,0.8096444611301552,0.6297503430753465,0.7226567347579024,0.4172581514381857,0
3.9967613516363687,0.4867193774106072,1,1354,0,10,0,0,0.17064851402005432,0.17358200746498376,0.5772204776100307,0.813681113241716,1
6.854277207610142,0.22619589995452882,0,1419,0,2,1,4,0.02175866762838763,0.35191291556191107,0.41399906713247814,0.7837160990710117,0
0.2322758234675848,0.2888010668157799,0,1342,1,2,0,4,0.19632542826127386,0.3885284726047572,0.864197367498,0.7199711380941054,0
4.000614461347554,0.136470164542689,0,1163,0,6,1,6,0.7411252711995522,0.5377087585082706,0.15672819985539022,0.019878719632632547,0
8.751076133225116,0.9185854490691312,1,738,1,2,1,3,0.8713513888277652,0.23931697570656907,0.03540061506691672,0.5163550992015546,1
6.102274444332458,0.05034584623646854,0,159,0,2,1,0,0.7005740162643568,0.7277463524380172,0.2071423675205899,0.7853462536131894,0
4.439428863959764,0.012846248555894224,1,887,0,7,0,1,0.820587695260441,0.8092667132220828,0.8762691867817535,0.24487280071895634,0
9.359374994357259,0.18298893352686874,0,778,0,10,0,2,0.5872408763647866,0.6399896908770958,0.3436001985193051,0.259201217214192,0
8.53984376147229,0.8108740179106257,1,1103,0,1,1,6,0.506520676739974,0.9030815053774952,0.6839685210630584,0.9042479125557378,1
3.2221567382293825,0.5234667866310813,0,52,0,7,0,0,0.9703640236057997,0.7904951927934453,0.2308394357601562,0.8417156910301468,0
5.445484020413396,0.6258432873769864,0,115,0,7,0,6,0.08059015850826978,0.04401442497305541,0.4908933437646349,0.9881339137363736,0
4.898242560924627,0.3577316754157348,0,883,0,1,0,4,0.42135426832000655,0.08472123156462463,0.5228565749096498,0.49742161393015316,0
6.322025001148623,0.06867798554917004,0,1282,1,2,0,4,0.2780572327088645,0.6599686242506794,0.24537481556075558,0.12423596139555115,0
3.341112669587556,0.8561581624921681,0,1399,0,5,0,7,0.1220509743197693,0.7218754803528913,0.38740320854000365,0.008253397456059464,0
2.4420500076588825,0.19189427212540744,0,853,0,7,0,6,0.6055769975981716,0.9679049408789626,0.2617715172251055,0.7061331653837352,0
9.126718352555361,0.033059200545114686,0,552,1,3,1,5,0.2632503770235989,0.003332542724965526,0.1006750555347048,0.8166725436455164,0
9.238744994985064,0.5727041359331937,0,708,0,5,0,6,0.4629645461871552,0.2369605093706093,0.43165291885151413,0.428286340685357,1
8.43322885761979,0.08328922038460107,0,762,1,5,0,3,0.13658860818782437,0.8317509534535537,0.5636271748156207,0.4257969505815916,0
9.782044307645613,0.09576185185983421,0,928,0,8,1,7,0.3899865110597138,0.891533573249534,0.09005874728436158,0.8402706418198288,0
7.449915257796885,0.8003770314825251,1,341,0,3,0,6,0.20025484428509854,0.4644321973065082,0.35789312695539366,0.1860483079149977,1
7.646672285619997,0.4916095893179955,0,583,0,7,0,7,0.8969370826070563,0.4837554648502552,0.4626987612797415,0.06344152398790359,0
7.625900919626407,0.241508452247143,0,811,0,9,0,4,0.5223961592740896,0.8536193417484642,0.9325262096435154,0.9656947217405766,0
4.806076309423065,0.34862642335951877,1,1276,0,6,0,5,0.7995435850654402,0.4599686800811341,0.6103221106153769,0.5423955583767085,0
4.564521945142717,0.7292409788431715,0,1203,0,8,0,3,0.48572633233707596,0.7874283132040486,0.9422655916175975,0.7723757943486399,0
2.4022627614900314,0.06635414475660184,0,1130,0,2,0,7,0.04238431094827899,0.9487301347863885,0.5243829303149996,0.9547430083123842,0
6.448191943592905,0.11648061593320991,0,322,0,10,1,5,0.694553559774293,0.2618462349908601,0.8032579391911321,0.8104199861507775,1
2.8932013610233454,0.6162620349905696,0,609,0,4,1,1,0.047823432056727344,0.2743999111122749,0.09625177882250291,0.46760879105412634,0
2.5780840970235444,0.6069717344671073,0,830,0,2,0,4,0.3950404285906909,0.9386027062204175,0.564417925030698,0.648119114043305,0
5.8596137409605475,0.9724621845353718,0,1451,0,6,1,1,0.5469393546589715,0.42429929228562524,0.3529352127404778,0.632245749698486,0
4.099823882250432,0.3745494812554496,0,531,0,4,0,5,0.7798283154915543,0.01572713634970546,0.7284301866487649,0.9255296179846939,0
2.188566087946322,0.06507762717751586,0,1377,0,5,1,5,0.8985997666054488,0.5024897330046606,0.8775951341593583,0.14107855782160106,0
8.160560167528311,0.5375374348496279,0,1121,0,9,0,6,0.2048137810604368,0.6167601484054881,0.712259102706202,0.6957134870645466,0
8.60569919294376,0.6383468117617903,0,950,0,6,1,1,0.663572148545963,0.24473776610006925,0.08828353237242492,0.8628225569703414,1
1.6769951967778096,0.13960278578624907,0,1053,0,4,0,3,0.4702287235607653,0.7274103852899679,0.621055103987367,0.359082317463601,0
0.07507032799999869,0.5528619735351967,1,1189,1,9,0,2,0.7675157086734011,0.23294264544450827,0.7441020291247636,0.7082974017008258,1
3.361299685293737,0.1977671216582646,0,1048,0,4,1,3,0.9398437523305537,0.1196493239518418,0.029841485580046734,0.24984622566729842,1
7.975108356807525,0.8447300578810684,0,1008,0,10,0,7,0.5329671141259,0.24936567551555022,0.16972803576531237,0.08803267651448987,0
8.391738662343244,0.8351614957838297,0,566,0,10,0,4,0.28677101486041434,0.5339098475735805,0.6802869340711066,0.02540559459674807,0
1.3832907011604922,0.4296290959984418,1,641,0,5,0,3,0.7985091972593257,0.8557881756717353,0.31491523697150603,0.5299287269225936,0
7.743359011830512,0.966743190512804,0,898,0,8,1,7,0.5267358805253436,0.5293321945661568,0.06218382331934735,0.051667992959067766,1
1.1570416730942945,0.9797738744497416,0,1265,1,8,0,4,0.8822783952578681,0.848985521358935,0.8894198581940664,0.5924274004019072,0
3.9006259015652924,0.1292510889476195,0,976,1,9,0,3,0.56607313943606,0.06418638914700703,0.9521753257609741,0.3755245120336559,0
9.986095150119159,0.36771380483246763,0,1481,1,5,1,4,0.9371229536058292,0.37258641482387045,0.373472554388231,0.006868403948100288,1
1.9259082323090981,0.6003214700466446,0,1021,1,5,0,6,0.01753661880234314,0.43517849510794415,0.9928765973025158,0.22647663987498357,0
1.5396358257762643,0.08483780958144438,0,611,0,3,0,3,0.7389588292709591,0.8017257278850539,0.8565792535765101,0.7384075428469418,0
4.228003325467935,0.38265550381413704,0,862,0,6,1,4,0.3465379583420106,0.6106468137753579,0.5558575910631796,0.378795990817516,0
6.196685259698614,0.26117208401659076,0,934,0,7,1,1,0.6686203741181019,0.7850366322809551,0.7472363628266752,0.7255551034203971,0
9.329007824132532,0.9520502209667041,0,1300,1,5,1,0,0.9423467686739211,0.33855674512975353,0.9362425006701557,0.8149730978523536,1
9.808211455330342,0.4115858228314705,0,383,0,4,0,0,0.6539111771619658,0.9340327725498192,0.7273205065705627,0.796943638307716,0
0.6964063659139463,0.7626708585475125,0,373,0,5,0,3,0.7449853759787763,0.8136565237322062,0.33748379637298476,0.6706044237061027,0
1.3799751734790533,0.38670536351217377,0,302,0,6,1,5,0.15805045063621392,0.9154855482734097,0.19302385774457342,0.7465889805455965,1
7.907379738959939,0.13181207041883547,0,83,0,2,0,1,0.17051804685769856,0.2627960684518874,0.431752330579142,0.5697955380470705,1
2.7063215227086044,0.8631515301608474,0,1012,0,7,1,7,0.5734263864465399,0.006569227765137908,0.18666673653557186,0.46475996943207065,0
8.848490595063605,0.00041691690310385887,0,1443,1,9,0,1,0.43060447322814577,0.6154811702863716,0.021523522372627113,0.061710339183597585,1
6.634532572290867,0.05594087397445002,1,920,0,4,1,5,0.11115054397689095,0.4925789214123797,0.4559451399017608,0.9751051048281658,1
1.1184480238067718,0.36438440589704324,0,91,1,4,0,1,0.7283353495056485,0.7789541603336331,0.3292554694042905,0.840243758632671,0
8.325292849240071,0.6868982555187365,0,547,0,1,1,0,0.6989566066520444,0.09749389900264938,0.09528039350197459,0.671925448280584,1
1.7635638000807585,0.34170429529077573,0,1354,0,6,0,5,0.09157577976188902,0.5954466197578403,0.8714610305179982,0.6440947066367213,0
4.234953946796538,0.06631281762097496,1,77,0,5,1,4,0.04865678698342779,0.19889837855129966,0.1229464050443485,0.576809200979656,1
5.5218492855933,0.3178400337341488,0,918,0,9,0,5,0.37881332202355567,0.5145988701709804,0.6303982396109056,0.09442008416089487,0
5.007661490802783,0.2449808589901623,0,660,0,10,0,7,0.6329341915393509,0.1583213365120545,0.569315760709593,0.3194040232994898,0
6.861629156151504,0.005419799818197957,0,1378,0,8,0,4,0.8935675180448024,0.9123425501477896,0.978990661974887,0.33961809745186367,0
6.526867348692552,0.5348019131804018,0,769,0,3,0,6,0.43450557311749793,0.1832771336100697,0.2538389650282987,0.7937030457456351,0
9.920420055280548,0.11664591474418606,0,847,1,2,0,3,0.08410298712626307,0.5750766755598441,0.235502225059806,0.6049592922223558,0
9.994219092241877,0.2874962887966661,0,1083,0,5,0,2,0.8404660548178111,0.005609660848688192,0.6271993566539871,0.3981468298797899,0
5.16459402635641,0.6411898302224145,0,1231,1,7,1,3,0.12489985534479553,0.15643851487552707,0.5582551737092806,0.32808867901995575,0
0.9519908696086399,0.7251156888229772,0,773,1,1,1,2,0.6373912902599024,0.499334195346937,0.8118088575927526,0.8538767304164551,0
7.278432989687183,0.26345562685602253,1,1081,0,5,1,7,0.4134533935880158,0.04096165385900419,0.1730657927240652,0.785635116502225,1
9.766640782165892,0.329193671065234,0,1208,1,1,0,4,0.9095701335786014,0.5427826566463866,0.30061775511179134,0.8130985037623214,1
3.1832638762902032,0.24690923812746524,1,787,1,3,0,7,0.7049109107077214,0.1843340279115122,0.005003200339225855,0.39541024278061654,0
4.6120888583757385,0.9568886003161919,1,1074,1,4,0,2,0.00014259604881772248,0.7265392314318706,0.7215826399764351,0.47924163528217834,1
4.247769248154559,0.19051972698740283,1,544,1,1,0,6,0.3727619386105401,0.8682914890846559,0.32546656673426055,0.5732775660699974,0
0.5141915455692936,0.18318060363367628,0,532,0,3,0,0,0.1803090778263602,0.7585459924674286,0.23608917614066405,0.19181447092763038,0
6.722644312234448,0.445035295831532,0,4,1,7,1,2,0.2835315015802299,0.06339034825324108,0.604931970066109,0.3622801887801427,1
3.533376950684678,0.18930635920056915,0,1004,0,10,0,0,0.39895576172330227,0.49634619843318306,0.25170398099688074,0.4911257793816506,0
7.874638746315022,0.15670845628560814,0,376,0,8,0,7,0.5413851011981128,0.11117687479151606,0.05674997717652708,0.6703752446109564,0
8.32120075281986,0.09587953770108548,0,1220,1,4,0,2,0.7983816847047679,0.4090575664572904,0.23625492706209605,0.4494998044229883,0
8.212307865978454,0.6401712481082494,0,1427,0,10,0,6,0.08642823504739694,0.8395470265053573,0.8497207599258131,0.15460439205949994,0
4.166659980398801,0.612082254901896,0,1313,0,5,0,3,0.44110336737647227,0.04116032075669984,0.5953654270345793,0.42510700271731805,0
3.215456822408995,0.6501628918779663,0,413,0,4,0,0,0.8507182183831897,0.2516520044014212,0.47116341859061095,0.5313693105667191,1
7.488207796670548,0.7733000080093962,0,977,0,9,0,2,0.4321802367474805,0.8265700267177315,0.4914114682947519,0.6507742682307738,0
8.01389433842723,0.3263580127925758,0,1127,1,4,0,2,0.5192950055843631,0.4059275588178791,0.9969634839947431,0.8538060273319311,1
4.9125744639136615,0.9184237336119215,0,759,0,8,1,4,0.7786059627648165,0.23535559512848558,0.031490921488314894,0.23249727972687284,1
8.930310195363031,0.733204611068756,0,762,0,2,1,2,0.7128944235274386,0.9494104400671667,0.1612156355440244,0.5597281350678797,1
1.4390869607855827,0.8047085885811869,0,656,0,4,0,5,0.509997739279503,0.15573031525962855,0.8655069828673815,0.4173745737545087,0
8.790687796589602,0.7209621638267112,0,462,1,10,0,5,0.9670930713904468,0.788607917809443,0.5348321046546181,0.6869497501005363,1
0.9609523297188127,0.3584556454325618,0,859,1,3,0,1,0.03621355145988214,0.17807760484284263,0.9950619516075422,0.8742689250215168,0
1.535255220546139,0.2830324880626349,0,1486,0,9,1,4,0.05451025804354759,0.9630520934193597,0.6839230684148478,0.4770923676535924,0
5.338400132739603,0.42251706957901414,0,328,1,5,0,4,0.42736248524917875,0.7860711971294448,0.7234251814556375,0.8441736663202702,0
0.6751848018741502,0.09703036053335845,0,70,0,10,0,2,0.15784931760293985,0.2764284987418555,0.5797667069463327,0.0020214248096329657,0
0.5280710140011036,0.4512805015659471,1,84,1,5,0,6,0.21650835290690296,0.9836142138367269,0.0173510904916917,0.9122241817484913,1
0.005187441657055203,0.04314098309523984,1,873,0,5,1,1,0.150082534193827,0.11445964118995611,0.9080100046745591,0.7884894634377253,1
4.363166596942632,0.003945960027194495,0,404,0,4,0,6,0.6923689464473933,0.859596882730051,0.5230032934328115,0.13383772870868327,0
7.746238812922298,0.9314989394746928,0,692,0,3,0,3,0.4212685075173994,0.6994293870240761,0.009053122710199424,0.6753025547567091,1
0.34838350279915664,0.6893368605878929,0,1425,0,9,0,2,0.834174733195335,0.17388436042744038,0.2098936424175626,0.5142308066355668,0
6.522576064658554,0.5618469470659689,0,114,0,6,0,5,0.2503842881127172,0.5463713959590973,0.35037993461755135,0.9707014442580365,0
8.231273174161865,0.34110203942305783,0,261,0,6,0,4,0.6234264005665889,0.011924811593198359,0.2861873398592646,0.3043477305332527,0
1.6800084857787112,0.5705380146850741,1,321,0,4,1,4,0.2134418285791132,0.5731276815533257,0.02776259522562663,0.6090069792435706,1
1.4686373482140425,0.8915757763383317,0,685,0,8,1,5,0.014484178878052645,0.5822035574340965,0.2802367001345014,0.522858640166359,0
8.60800973620536,0.6523801339438646,0,1041,0,4,1,2,0.6889183817702281,0.40852621526597543,0.8963061806482762,0.221127973913261,0
8.231246099500947,0.6024819979535042,0,274,0,3,1,6,0.14551993145066888,0.8244157854903138,0.5888373240451596,0.8136709912604931,0
5.389417662641868,0.46020450297167803,1,162,1,1,0,4,0.6938106553068392,0.9307470250295973,0.3269671717617513,0.7430223596803907,1
8.191998792939803,0.345697030650858,0,128,0,9,1,1,0.69067143272546,0.5337618670909116,0.08811068867099137,0.5441338185781014,0
0.9275607742449477,0.6985471139217118,0,1201,0,1,1,7,0.6681440142349153,0.6739535603611567,0.7512946328662687,0.944048948313187,0
3.944815179387544,0.9809809410158142,0,44,1,9,0,6,0.591959767806524,0.1458558747961476,0.7183562979696102,0.9266644113895102,1
7.377975561063729,0.4247576935205901,0,937,0,4,1,1,0.8849222742930335,0.9980980264357157,0.002367985855459276,0.8179903095380308,1
2.574519593239634,0.3922052040142008,0,867,0,1,1,6,0.07563666157079929,0.8579161329577102,0.9934106049294609,0.1523811787190148,0
7.523289144335528,0.4281134723650425,1,151,0,10,1,4,0.9318190021440429,0.9490277536470447,0.265655903105672,0.8941538073201379,1
5.041786043908139,0.4255439680497215,0,828,1,8,1,6,0.06596935361291312,0.7780642313393689,0.2624010647622682,0.3058108456790489,0
7.502659879482331,0.9906247733684951,0,430,0,8,0,3,0.4953233628047701,0.3229144105663796,0.30103332738618716,0.5700779828535937,1
4.6467963785732955,0.7067782575093406,0,772,0,6,1,1,0.9232329805122292,0.22168144992097416,0.961717084829166,0.9747459786923962,1
3.679043402218176,0.35918444921059167,0,205,0,8,0,1,0.268929281192013,0.5110476046173995,0.8411071862718639,0.23095941192997216,0
2.1918921647863234,0.3715023738267226,1,1001,1,2,1,0,0.8379045617097142,0.08259932628564393,0.6372886337233762,0.19975275885078414,1
2.08379341435015,0.43079692474405573,0,1196,0,3,1,7,0.5931891411101856,0.5518184867572871,0.4942639035852321,0.8519331920163752,0
7.51490810571396,0.036712187580449696,0,4,1,6,0,2,0.8611857431216952,0.36992000393400937,0.3270234914462268,0.013058669368320786,0
1.189103480339605,0.52781640202125,0,799,0,8,0,7,0.04856736762739444,0.7279339877169789,0.33506569905544814,0.17423155217982,0
0.8598235011094513,0.8113809515227647,0,971,0,6,1,1,0.5559413500296732,0.6256922150085614,0.32566276967031316,0.32732742129902337,0
1.7629136502213016,0.6605677932075106,1,4,0,5,0,2,0.18865107172885853,0.24652011615698854,0.8625996911663111,0.7382834708630622,0
1.7534651145392188,0.1984208467615416,0,1086,1,7,0,7,0.01806854566059335,0.733441874115238,0.6813136411061329,0.4804648289188752,0
8.231076228068998,0.7280342413783699,0,814,0,1,0,2,0.6889543417313908,0.31111292174071437,0.4068051776274917,0.39332856921065973,0
3.985066234742124,0.7194586063320303,1,459,0,6,1,6,0.7496839969587599,0.2485922490635668,0.9935499491467137,0.9187442669483502,1
9.903884573604824,0.26253921564899707,0,724,1,4,0,0,0.7362961774371019,0.4185535671815902,0.17748322129624627,0.7559105953323195,1
1.3721125779061238,0.6228746568569351,0,1023,0,5,0,7,0.7269753151757526,0.1578534155355541,0.07667753282589407,0.6328308278195865,0
6.535398256936434,0.6109490331219362,0,964,0,2,1,4,0.7999418267825459,0.32516006536819364,0.368142001278865,0.340032677974352,1
4.487295072012506,0.8397876238561816,0,1164,0,10,0,6,0.4695897634066253,0.2598486103946791,0.9818442509760206,0.8588839258978928,0
3.9291817669707396,0.13607231183344126,0,52,0,9,1,0,0.34757591017289224,0.021729916135627914,0.02401886800637143,0.25308994421549613,0
8.750841990540824,0.19483850451152274,0,1181,0,10,0,7,0.7709631173544854,0.30087628819501033,0.08100101201014787,0.9459185524381987,1
9.755956458283997,0.48596950376780523,0,53,0,9,0,3,0.666460578307248,0.4668334085904361,0.34144979737279557,0.26046871342029976,0
8.728589587741787,0.04414514889230703,0,975,0,7,1,1,0.20000636627154356,0.8297383781452424,0.9874254632638881,0.8200853985315886,0
1.9230067903513304,0.41559419760170657,0,524,1,3,0,1,0.43529319333224126,0.1804765218195633,0.3434490816016935,0.914211483988229,0
2.2079792120893407,0.7882190419997233,0,95,0,2,1,0,0.1821726597684309,0.32738904399588276,0.6780784171702781,0.22651135221460872,0
6.560738790950634,0.14871439398399822,0,1032,0,7,0,5,0.7789033764440102,0.029373826017385918,0.8640301375423504,0.22943105073708459,0
2.890835816381917,0.4599487369365248,0,828,0,10,1,1,0.24713094822075055,0.07510821214062624,0.6705581769945849,0.07859851482115243,0
7.347251307805799,0.9897692333824446,0,999,0,4,0,7,0.6226956113544438,0.35611490231714726,0.08981825396112697,0.34133195635879676,1
5.664206508096447,0.5059200134248644,0,563,0,10,1,1,0.7353673702178001,0.4999283725786844,0.14853430477767626,0.5002578533048019,0
5.50908768490403,0.49832382412209053,0,417,0,2,0,0,0.9916040189185912,0.7482619853098266,0.2588485882137821,0.0859582966645338,0
8.285469248387859,0.5587935837241681,0,936,1,3,1,6,0.43314255266158364,0.7631800808051099,0.7959717807667828,0.14633052739823582,0
7.105327717426778,0.1860043703327412,0,324,0,7,0,6,0.8724605134511318,0.913978723120577,0.8018893763349959,0.42215644257342844,0
0.265777649972917,0.14716388268594427,0,1218,0,5,1,4,0.6643539276248616,0.9077961112619152,0.1702505871771487,0.1801375977616082,0
0.49459137146015686,0.6773546291151085,0,1024,0,8,0,6,0.008448381515933634,0.10149968182650115,0.37910703099354126,0.7734926240806872,0
6.015584524560157,0.3957668099057702,0,1499,0,4,0,5,0.3912790898693519,0.11205249987099297,0.13980666854253132,0.322452093919952,0
4.861920756222755,0.28990662821547575,0,40,0,8,1,1,0.3941181080161291,0.49679130175348185,0.47309064627738573,0.04633951149462534,0
2.601846553429914,0.031391619919897584,0,878,1,4,0,3,0.11962515003750063,0.5894736842805361,0.3642905190219512,0.1545231545268223,0
4.186560873148016,0.8460504971784825,0,835,1,2,1,7,0.43708996176274617,0.5978902524448327,0.992100952447988,0.307240334792908,0
7.579103187328605,0.032328865844832744,0,1286,0,6,1,5,0.11645961209869327,0.4862762105298415,0.388709670448839,0.14579132869464762,0
8.266114846579299,0.7499831240833194,0,636,0,6,0,4,0.8353844891108739,0.9811992984392727,0.05003015506674369,0.21555120991051369,1
5.612230678900442,0.381988558998581,0,1404,0,6,1,1,0.36189721171738454,0.5089556944633017,0.5204880981676504,0.20659491587244505,0
3.8536948085710296,0.5986878105046501,0,358,0,1,0,4,0.183121732557594,0.9353109665228753,0.9071823190247289,0.4186844141894722,0
2.70696761495107,0.24767800069016233,0,1281,0,5,0,1,0.6018229030100603,0.9881913675637755,0.3694883694635661,0.5240789161026158,0
5.219184707692534,0.15539966623207313,0,780,1,1,0,5,0.8575821227903988,0.44402190259641827,0.8184968778779187,0.6225733674048975,0
3.14749618564381,0.5333880008349474,1,1415,0,9,0,1,0.9349275571071792,0.13376422832122314,0.4167319253210101,0.9093837217851137,1
5.640951370472229,0.6956176949541436,0,325,0,1,1,2,0.8942857194252295,0.3259180499744976,0.5683619108217828,0.6880703334744088,1
6.766523825096376,0.19549329494514656,0,390,0,10,1,4,0.8820526104219818,0.35853984170567343,0.5023428009872201,0.19858731279094932,1
0.6607921091939484,0.4363589474325642,0,846,0,1,1,0,0.3480514891295866,0.8883279652629706,0.8741643162479671,0.44919043101198386,0
0.010674650227472382,0.44465497029139567,0,827,1,7,1,5,0.5054214377767896,0.961697246818668,0.5680481793503502,0.7295100874412597,0
2.1227713884074295,0.2159791490794628,0,223,1,4,0,3,0.37130879871934164,0.16965411942142605,0.3790695208468319,0.555130091080129,1
8.94511497718781,0.565049446252131,0,977,1,2,0,4,0.9222616339871261,0.020073632624623805,0.7669952702759232,0.16935393500257545,1
6.462907632285591,0.14593568678170066,0,608,1,4,0,5,0.09282617536659732,0.830663062962654,0.050339005833752615,0.7875036517812092,1
1.7196035193702286,0.50974917331858,0,226,0,1,1,6,0.5543196746533962,0.5586461197073141,0.2725244309589404,0.19664656072512532,0
8.902639618236188,0.1134315113659995,0,765,1,7,0,7,0.24690578156468967,0.7511722463595911,0.2864325450561136,0.3443114441089312,0
4.6995594028734,0.48554240885513744,0,1046,1,9,1,1,0.850374247553776,0.33167111072500743,0.5689318929202074,0.7336608383901669,1
4.760917566786606,0.31159905487555684,0,47,0,4,0,3,0.3392183289622066,0.15851977333473444,0.8341722129535769,0.9693553320608356,0
9.355419438426551,0.452246292081535,0,1380,0,5,0,0,0.8636842221931,0.26466037815824683,0.553816271549983,0.890375655274931,1
0.5948669218334002,0.43374935944317417,0,916,0,2,1,2,0.9280429132716796,0.0484793366980425,0.45833076108640836,0.9698145599327529,0
2.1517827462871852,0.9079331228185928,0,390,1,5,0,4,0.1719676471829512,0.3858464249157715,0.06531022860736901,0.39674533701619874,1
5.857713251547224,0.48993559995646274,1,1125,0,10,0,1,0.7542526868494697,0.09922687843741851,0.9700521479631179,0.43584781340251244,0
1.9548650958200409,0.8184989038768744,0,1265,1,6,0,3,0.3499782594528251,0.4637715305365492,0.29554202416124675,0.16287070869344034,1
6.795270092089578,0.22565239291171524,0,1434,1,9,1,7,0.4032761705562512,0.799224462202173,0.12966665300556734,0.472619456569507,1
2.140922893367202,0.35208279463425884,0,1185,1,8,0,0,0.27438127676120005,0.04763031121817063,0.8328685444392643,0.7804321602753468,1
0.9915697059881434,0.07508938063319093,0,304,0,2,0,1,0.6166666554426752,0.8967124686884629,0.8903451023559747,0.06892432602564291,0
2.069851596408397,0.4207477948214936,0,245,0,1,0,2,0.3431671271629636,0.12315237308907923,0.2985926466801192,0.31901344920543195,0
4.227340342720622,0.668699887074931,0,313,0,4,0,7,0.7406158375617217,0.6559808213235564,0.5485791463450355,0.9255686845395339,0
1.7613829917307988,0.8381670341093962,0,1313,0,10,0,5,0.7784920263437733,0.240535745211918,0.7834539779132019,0.1825583806720502,0
1.346920249233473,0.5659149117991552,0,457,0,2,0,1,0.39513228094018205,0.8449182385958599,0.021701953396184748,0.2971252641915588,0
8.602818862189409,0.6400726695930785,0,495,1,1,0,5,0.004744029144360451,0.010352021586795601,0.9869225944684309,0.9350591800059732,0
3.203972035973078,0.17726707761694815,0,1336,0,10,1,0,0.06608132483176332,0.4213871927922481,0.32395219633075156,0.34479667469537745,0
3.607586865182536,0.037206038233439376,0,306,0,2,1,6,0.2738122248388569,0.9619020968852993,0.47976756379118257,0.8309131842417425,0
0.5527040950122764,0.791688145177316,0,610,1,4,1,1,0.9538731767171462,0.11289468507127454,0.05056812859104809,0.28709875071059454,1
3.5736962350205417,0.1670382074412864,0,444,0,8,0,5,0.39380933053028533,0.7606443477954004,0.046938359658809214,0.2570116577081881,0
2.6480717732157966,0.09116953553275242,0,452,1,1,0,3,0.744235278044123,0.7266179102301988,0.11165374133078265,0.1870905248741258,0
6.104850673417886,0.9375623209065953,0,893,0,2,0,5,0.9360779193464595,0.3191747824609904,0.3211208419056236,0.06266721171620859,0
2.053902976724067,0.9635213640591765,0,1111,0,8,0,2,0.3416787600431267,0.0604545959892705,0.9215312031070688,0.4153599295144784,1
8.883654530628405,0.6162572916024947,0,397,0,1,0,4,0.561289952125674,0.8330953750219312,0.5154346514158713,0.7134159572853673,0
9.296666209195552,0.3786372726872934,0,56,0,8,0,7,0.8523206409458789,0.9048786731403361,0.3257444989316084,0.5053439279994436,1
0.9983105717679019,0.833239540964052,0,959,0,6,0,6,0.6147978816760364,0.1278306908866591,0.45114220907128966,0.4073314387206951,1
1.0740295628857721,0.20471995933541243,0,823,1,3,0,4,0.11222060852345583,0.8478278006214758,0.2650481301842533,0.20443651872411306,0
1.1532643811098797,0.4293923274296819,0,988,1,7,0,7,0.7695769246910883,0.8332233584283645,0.6240192678331917,0.6835072285903868,0
6.19569256310312,0.35701729900060175,0,675,0,4,0,0,0.9040925515183841,0.5770228783159486,0.5071735734004167,0.2528562106215416,0
1.2196896420962289,0.9126999907416816,0,1165,0,10,1,5,0.7687758055886459,0.7835317476971181,0.37854758551978274,0.03207944814440178,0
8.523823179302664,0.9197774153622736,0,937,0,5,0,5,0.7525387781208366,0.03947888098790897,0.6861240885211659,0.9645402321786493,1
7.542715149378925,0.6508859263236664,0,1136,0,8,1,2,0.7556963216004112,0.4961769867694278,0.39168397002754074,0.9424904281758583,1
8.19808858238024,0.11074014027269186,0,1096,0,3,0,3,0.6125388773245524,0.9669918328754176,0.8065453676568544,0.21445915851831288,0
5.260605268860209,0.4821927896583025,0,745,0,9,1,3,0.24780993151837105,0.7752154651798759,0.5984156227444019,0.23858851377545953,0
9.966772115191535,0.24532836622405674,0,487,0,3,0,5,0.9108387465769688,0.26813439760919644,0.2021467663882779,0.5801030908953002,0
0.4417510294416127,0.8849156631844819,0,873,0,6,0,4,0.12890729147139446,0.6235311995663656,0.16318994578506807,0.4274165922069757,1
4.012649641861134,0.1384027990162019,1,954,0,9,1,6,0.8272957463923128,0.21254981642779647,0.2559562831484148,0.8877889657037286,1
3.2393666893763617,0.05431027586070736,0,857,1,10,0,5,0.3593742853287859,0.22212556847804732,0.9182403086927633,0.42690924940097164,0
9.486454987126411,0.7044290335500782,0,786,0,8,0,7,0.6738200902731379,0.18934585924523617,0.823413016148714,0.13582987516891332,0
5.768609584975929,0.4532860749681529,0,514,0,7,0,6,0.8050971109278391,0.1899815953745807,0.972216895201463,0.5466553341413197,0
8.061909654447252,0.8383648876030845,0,200,0,7,1,4,0.798589025708532,0.4992910598890916,0.744322996676584,0.11325130067246791,0
1.7034119365851885,0.07462963116931176,0,641,0,5,1,0,0.16114261139989972,0.3097984210360122,0.9144412539536834,0.44721002697689805,0
9.786341439004389,0.8010761326078425,0,1322,1,7,0,2,0.6109180827077572,0.777959415881618,0.35535345235746596,0.5772790934431694,0
4.986395468763152,0.037334752844158325,0,1075,0,6,1,1,0.21456264853659412,0.8941117426167393,0.6198883221983594,0.9453413004165739,0
4.936720762706458,0.02807001191395697,0,1131,1,6,0,3,0.11210428344897239,0.48759094913218204,0.39150386270108717,0.29335654029741964,0
9.708847285457377,0.4613157517310297,0,1105,0,4,0,7,0.5135613107741966,0.19131491999102035,0.8648672835475447,0.6494248406283282,0
3.8073236121714507,0.22129128968065181,0,1382,0,4,0,3,0.9875270511345401,0.9979990839683237,0.9969737697390788,0.00017863279996643833,0
3.9752502455499297,0.5937187070065306,1,339,0,2,0,6,0.9816639350590523,0.04703223822835445,0.745520107087374,0.8714448935344586,1
5.847527028049367,0.025816994211470434,0,1080,0,8,1,3,0.5734011814356403,0.5496440429942481,0.781536037062749,0.3170964793311376,0
1.2805261054778694,0.03538954236297853,0,104,0,1,1,4,0.7721741639116136,0.21964917640860437,0.8809441785223171,0.24082247891768827,0
3.210856264118549,0.7271484961719404,0,367,0,2,1,0,0.249677966536886,0.9376575909229863,0.09532957516092577,0.10250058166962706,1
1.9320832244513053,0.21016516249231165,0,44,0,3,1,5,0.2243621853935024,0.3249632373629031,0.4817957831926001,0.7852489514873014,0
1.032834791070496,0.6564171236607336,0,645,0,2,0,1,0.7065231425961704,0.9580431175616813,0.7324970455237046,0.05657095480508889,0
8.661446063310201,0.7499221615007585,0,211,0,8,1,3,0.7859995401243737,0.9728012533266398,0.6050388169581244,0.6178741174212603,1
5.89331166127476,0.05933116572496744,0,580,0,2,0,7,0.7418371238095108,0.942974839165653,0.5403261177521138,0.31553203555609133,0
3.586727915279112,0.7697539544642392,0,201,0,5,1,1,0.10450755319273608,0.7927247973414281,0.38581540375180723,0.711140695355761,0
4.086693773667128,0.26842121796128604,0,53,1,8,0,7,0.3562725529187206,0.7412156025204127,0.2204501199356561,0.9658045866168189,0
4.315190036873546,0.38954595819974824,0,716,0,6,1,6,0.04418016593435825,0.9527712200007927,0.9224048994851441,0.27486607146188125,0
6.331491821447094,0.08663919229531669,0,615,0,6,1,0,0.7861622645380679,0.22366994599526446,0.7341277858667903,0.6197145757981777,0
9.267693914889932,0.8386299833648527,1,625,0,4,0,2,0.3117463645439569,0.8099023305429631,0.6135345035636568,0.370536210193526,0
9.327796196569825,0.560728786325764,0,518,0,5,0,7,0.42973481472685815,0.11348786505132413,0.08537085054240334,0.5094326631065306,1
3.914919795306634,0.5046652778471722,1,613,0,8,0,3,0.5788883442561598,0.3618779659753071,0.11167185677111569,0.08329203718604761,0
3.2926245959776956,0.9685548109027556,1,5,0,5,0,6,0.0005525096436814758,0.4018318664975309,0.4323481185875694,0.20436225890678583,1
4.51046500185255,0.3345057599406708,0,717,1,7,1,7,0.354120210114085,0.9953264229643995,0.12572729326862975,0.7942357999647441,1
5.679342304284925,0.890779286476696,0,1270,1,9,0,0,0.7272831111660681,0.3209766652512821,0.14891754332765827,0.3449372736598604,1
4.618179114497483,0.7196878810646042,0,209,0,3,0,5,0.28606528465192727,0.554733574003576,0.08131862419864211,0.0010093365956734823,0
6.587534098167009,0.9285281358522389,0,215,1,2,0,7,0.5704774342138945,0.6334907282889799,0.29405483167507596,0.320850867757703,0
5.543990233797636,0.9078020527624597,0,1170,0,5,0,4,0.9771713707512691,0.6778389303593714,0.011111695205184735,0.6696819311746114,0
3.207155466940761,0.9910298050260696,0,751,1,4,0,7,0.1181562903914547,0.12015028336563682,0.7322688501591562,0.971588415756872,0
3.457308057626326,0.13167675203715756,0,385,0,2,1,5,0.268240957886664,0.559126327253664,0.5993422666584953,0.8541181433836591,0
3.7859278755973094,0.796016392091595,1,1177,1,8,1,5,0.683966516338098,0.6347216722008157,0.5076550603517804,0.7568656723744671,1
0.9463976824938869,0.8044943549475032,0,487,0,7,1,0,0.5983775165647924,0.9033485216756518,0.9868861580915389,0.9293162082345133,0
1.6606263241397312,0.6443735281784868,1,906,0,7,0,6,0.9780033831575194,0.9572933783400046,0.4818891588431271,0.6594291664198305,1
7.231138021453861,0.278860958238202,0,834,1,8,0,6,0.034602657445821694,0.23502720356332296,0.8696551877811108,0.5191765569460398,0
3.8909671152208003,0.9651482716283151,0,254,0,5,0,2,0.8779941376805641,0.21051885939483062,0.18937109219424042,0.5395935283326789,0
2.1453897256014365,0.20442213789020958,0,1132,0,6,0,1,0.4885450535543058,0.6837463107031403,0.26480654991494434,0.9442356899509342,0
5.626724105748573,0.499575378358439,1,927,0,3,0,4,0.22689900320882528,0.4894835918557703,0.3285289874742574,0.0021361698181373567,0
7.5553954247342725,0.5214871128191862,1,312,0,8,0,7,0.5033642716363806,0.7435668711104536,0.9903410792082092,0.5156625838958768,1
2.5742236234537144,0.16182934483603884,0,1136,0,10,1,5,0.41219620118217304,0.8484719447467516,0.9076105823292833,0.7690784858978861,0
8.267898819237445,0.7225288223332409,0,930,0,9,0,6,0.17933476653430946,0.010684652132672334,0.4485969622367685,0.0381092257503588,0
9.275048596250496,0.08886716418023977,0,1282,0,5,0,4,0.21939573536911416,0.8787305012148737,0.8444558569327142,0.823180146151873,0
5.973945290738407,0.693097778846711,0,1230,1,1,0,3,0.2881415794808031,0.2654348139756574,0.23320212061032186,0.8439738288816862,1
6.689476589915796,0.8486154962906369,1,477,0,9,1,2,0.5521988470097192,0.9693969273316548,0.5926093530297155,0.523591903231732,1
0.5257599032305538,0.34939642508239954,0,1405,1,6,0,6,0.08309936158027897,0.43026200757827693,0.16185855325822318,0.8287808049482743,0
9.455198910219064,0.7094208085992002,0,50,0,8,1,5,0.08884544487158552,0.8524474784916167,0.5752072766158696,0.14263473895930956,0
3.924847342649438,0.1567740081478498,0,501,1,4,0,5,0.3317461552381744,0.19993548189141797,0.22225776011135967,0.9430641055188774,0
9.239004005454298,0.8459490014528787,0,911,1,9,0,6,0.7072908901724053,0.5251569854780102,0.5857551504439489,0.04884427922255352,0
5.789775247502425,0.9520316985532247,0,802,1,9,0,7,0.9783051138577917,0.06328804925042186,0.4286741146245068,0.037251412851496246,1
0.046187988433276095,0.1526936934997769,0,338,0,1,0,6,0.012003279730553817,0.7348428918260427,0.5587692289103197,0.5240215465352018,0
0.38541999323435716,0.6918594739723322,0,299,0,6,0,3,0.9723406442673668,0.9420998374409792,0.16119378568964282,0.7352430158397574,0
6.8041880566992194,0.5058310965565258,0,1171,1,5,1,1,0.6860415220263874,0.8431230390982108,0.5064877233739442,0.7000554867252237,1
5.6266801383193314,0.5314993318323786,0,1314,1,7,1,4,0.9009858465612008,0.6803530744611009,0.3163687288285325,0.5502115512596853,1
0.26532437206074344,0.7064897186006882,0,1019,0,3,0,3,0.5363383579118911,0.11893809741683159,0.14394131322706294,0.7836205048873639,0
7.434599612223853,0.48874049933643726,0,795,0,1,0,7,0.4629392979949507,0.9839597891071996,0.5003941255922775,0.6077168850750697,0
8.521453370691818,0.6003263920177168,0,1159,1,3,0,0,0.7851596885670361,0.3439624506018496,0.13842917868860172,0.8502005921436901,0
4.9641748243930826,0.2309010194113772,0,360,0,6,1,6,0.5511108848080505,0.6327728576951723,0.4273047174662402,0.1157903863858194,0
4.65757440357255,0.3785065964886303,0,1451,0,3,0,5,0.8973654952792367,0.27298008752595826,0.32314337997885756,0.9814245528072308,0
0.054731088346274825,0.865240350071502,0,187,1,5,0,0,0.8930632189495301,0.8273221419591675,0.5430151055666862,0.8807261147830743,0
7.866497124935993,0.1099025116483856,1,876,0,4,0,1,0.5304554806582157,0.3784203165145267,0.48380188047959183,0.8952712062235001,0
3.307160667461054,0.5975752609336399,0,511,0,7,1,0,0.5737646412217488,0.3906775029264722,0.13457732932987065,0.36360822747976485,1
8.787636197825396,0.18428706223489022,0,1356,0,5,0,7,0.4562753721090571,0.004480027498900863,0.27901413842772116,0.9468656527966612,0
3.7306058755805305,0.846539597923372,0,367,0,2,0,5,0.6894061998777703,0.5753352690155177,0.5567408112181469,0.1415022610909611,0
5.650779106307056,0.5790439538535498,0,962,0,7,0,4,0.6823561130554439,0.25073156625604975,0.83391965343555,0.07788832261871659,0
2.7034178819932753,0.4030487826702711,0,234,0,3,1,4,0.6505932015983801,0.9218495763552341,0.059217954563286046,0.39871683761001053,1
1.6058831258491868,0.24982467365181793,1,272,0,4,0,3,0.06234991489426156,0.7831498989683462,0.0908656977040394,0.9330835782626171,1
7.749079033813279,0.4368446991896344,0,624,1,8,1,1,0.9635827266688368,0.9520720207788124,0.7969260678427392,0.9678659583091761,1
4.965904788462816,0.9576123259217423,1,1198,1,3,1,5,0.3356022480360791,0.3897452914934614,0.33982931679717576,0.4935270874649961,1
5.364879237522508,0.5092092897436206,0,417,1,1,0,1,0.24621659353271375,0.6617300595060174,0.2568587128420151,0.7519206929735193,0
9.654159534817355,0.4694895316998602,0,1040,0,4,1,1,0.21104941791206955,0.45180197232604613,0.22962923095765897,0.5382378112586502,1
9.635799122221536,0.7462738135003091,0,856,0,4,1,7,0.06928360408867762,0.9093374558660051,0.9707076778175322,0.11345546821654418,0
8.556421217024035,0.3790470708319067,0,1466,1,7,0,0,0.45703935313105737,0.32426117514409303,0.5107454823994697,0.6531365777335527,0
1.8760929276503358,0.427423949880794,0,451,0,8,1,7,0.04156663142664896,0.32852569814824617,0.16089433702312683,0.14686612609162886,0
5.942726943015799,0.33694773157161906,0,365,0,1,0,0,0.16090451305956677,0.36594352159161214,0.40600753645140764,0.6562023752148597,0
8.781474246555375,0.1509197553293914,0,1353,0,8,0,3,0.005275168134005193,0.49778921796129494,0.2606455018995235,0.24044253162410878,0
3.744639364489377,0.7138092142026506,0,499,0,8,0,4,0.17468130283637484,0.8877192683617289,0.16869344802085384,0.2633299686813838,0
1.0110616593558497,0.8730309138836237,0,321,0,2,1,0,0.9952454882491502,0.20746749209440596,0.9785835152733463,0.6749282837420935,1
8.109629022399218,0.9055926492427656,0,1232,0,4,1,7,0.5414537252881247,0.6513079035061575,0.4450992462269644,0.4649403065780313,0
4.817635513621717,0.8808029380377796,0,1219,0,8,0,7,0.06714859231369985,0.30595730082086614,0.691246348757025,0.8302375028220643,0
5.643926803591786,0.4517838024379929,0,94,0,6,1,1,0.5641467509703664,0.08266123945085957,0.8985630291840945,0.680275107148724,1
9.821442963178445,0.2840661922031963,0,1284,0,4,1,1,0.6007912968573301,0.9536569801331674,0.2056227604056784,0.29499974531850826,1
6.072114304940721,0.6379237496008234,0,949,0,8,1,6,0.547726849904338,0.7857791084751142,0.12801801424466897,0.7771166150022163,1
4.249793856661014,0.9547049119060317,0,418,1,7,0,2,0.3359879900898882,0.952018825414786,0.2602574896257569,0.06467732949600224,0
3.6998436784719777,0.727050648168605,0,803,1,6,0,0,0.6572412284905497,0.40026966980835954,0.7125649215451909,0.7348284576965679,1
4.176192926540456,0.49484856159015655,0,357,1,1,0,6,0.1426091931486494,0.7569802454528052,0.38198583273912357,0.38539079839227686,0
1.1839908317866876,0.6888085745134482,1,253,0,7,0,2,0.21956294155368816,0.6511448219625322,0.4890885941395703,0.3021112588879675,1
7.947505584175718,0.772537912454397,0,198,0,2,0,3,0.994720613339067,0.6190172048170028,0.020256053390011686,0.5226612957982815,0
8.37716858187041,0.9192692613280707,0,247,0,10,0,5,0.41558783648886344,0.04027035789032751,0.0042514171004292,0.9071192079453995,0
2.8439713457340887,0.7632157539721541,0,874,0,2,0,4,0.14779184751329844,0.07172912009148735,0.4070771513651906,0.2567499212106208,0
3.037966184099441,0.4331905556359056,0,1215,1,1,1,6,0.21702541121311536,0.19526279331214658,0.15036258433273086,0.9993863008431035,1
8.743342563348133,0.2736065184654841,0,729,1,4,0,6,0.7241321016400267,0.7496539587189831,0.7911001949012046,0.5888781670801743,0
0.23970355527955456,0.4998816647295913,0,23,0,4,0,7,0.11625018313978597,0.7983422352194502,0.9512851022729146,0.25211206793258334,0
5.204574437672277,0.3281779446054718,0,643,0,4,1,7,0.35397933430262785,0.647220863623007,0.9256995676748073,0.6911038757808027,0
4.63675714681501,0.942764592687814,1,1120,1,10,0,5,0.3283965237730869,0.19206870060150116,0.4655478002681821,0.7353916918621596,1
6.901267695784598,0.5079658434499622,0,1252,0,3,1,4,0.22798113419286492,0.7776172634809909,0.2868556014057624,0.5315180528854934,1
1.6339170014945448,0.4720563359640083,0,1099,1,9,1,3,0.47683797668314365,0.11346848896570083,0.48380874469067436,0.13058548817538507,0
6.6833074079515375,0.3481962181548629,0,554,1,2,0,5,0.1101279401244426,0.8940233984996057,0.10403173957426293,0.8151071082404805,0
3.7673400787487643,0.6394069902916003,0,974,0,7,0,0,0.45656714289038514,0.38477411384738436,0.9439307890595678,0.8102419424260242,0
6.187147781696421,0.5200512786209478,1,102,1,2,0,3,0.03262034295216387,0.7270876951809697,0.6713018998715493,0.7652302148757275,1
0.4009500987277592,0.12904892289825654,0,614,1,3,0,2,0.9703419187184831,0.169495056461901,0.2865483504226183,0.755706841784091,0
4.617271971845094,0.8692078108304946,0,805,1,2,0,4,0.6048738189300451,0.31428252721718686,0.759252378562853,0.3813259251949822,0
5.222508939823721,0.3590128321437984,1,42,0,4,0,7,0.0750701635066886,0.4952731640551836,0.24500372857975605,0.49272866858960684,0
2.143264028549866,0.4325784299581542,0,21,0,5,0,3,0.19072503388851436,0.49635498771127473,0.7514562013230978,0.6614608276958142,0
1.396236541791207,0.2056670566635791,0,1202,0,9,0,4,0.7364495962651996,0.09719975231374312,0.40182211293379333,0.16569558404052254,0
1.884743030123014,0.5533982076178892,0,330,0,8,0,3,0.7316716340767265,0.5483189168798788,0.8639261626710699,0.6042258304996679,0
3.4414107806334804,0.702055062428583,0,188,0,7,0,2,0.3649834029580067,0.07511791591169104,0.9897900737590731,0.1101982954492966,0
0.9681014930497145,0.8811653206259396,0,888,0,5,0,5,0.14843726073359564,0.923679981832325,0.3202053734507678,0.8478267979657792,0
9.473197957296044,0.05160766497226266,0,421,0,3,0,1,0.5359272815922365,0.4217674632530518,0.5511738701954456,0.11982703804531691,0
4.049940614958173,0.9733319096993783,0,1469,1,3,1,7,0.2763972604192295,0.43907901495284574,0.23793178572846307,0.7724147118289267,1
8.08969602506749,0.7038177420203567,1,1420,0,2,1,0,0.0968085700810064,0.5769935270855936,0.8003637252120158,0.2219990717084962,1
9.744171231088467,0.2842986844115174,0,1235,0,7,1,1,0.3459985420547941,0.7816747199430609,0.49194872500449716,0.9283663991526193,0
0.8073528000273911,0.20447475501396606,0,452,0,8,0,6,0.7510125764435616,0.0695348386361293,0.9837954106952603,0.6579627992404524,0
6.51669467934994,0.29608791865459794,1,1313,0,6,0,0,0.35414005987595965,0.7029780454121878,0.8868939726240901,0.4311444558840114,1
8.71409086741214,0.8757257516664424,0,382,0,6,1,3,0.04078019725343984,0.9105308449170165,0.2726923799734866,0.0436351115601169,0
6.342344339667283,0.2913901731959504,0,359,0,4,1,3,0.12039728513740589,0.43919673213956634,0.11949879919522832,0.6071709939227549,0
4.2902612135741265,0.4628211345572357,0,1460,0,10,1,7,0.5963460501013234,0.01326535876642243,0.6198540227500693,0.3780369439025326,1
4.310763576379383,0.7057380542422326,0,1011,0,9,0,1,0.5221528094831641,0.2473685231332753,0.31805014773331,0.7982963612559077,0
0.3589888600735891,0.8719898637238855,0,128,0,5,0,3,0.6748627095231857,0.9410459869682556,0.25370206687956964,0.7927200127848221,0
5.346007512892753,0.6585711623461041,0,1329,0,8,0,3,0.5717503071136336,0.11801954857254959,0.5451193759780449,0.6870331479044922,0
9.935429967868474,0.7531091965344227,0,241,0,4,1,6,0.4972287631691522,0.013613580552586102,0.5382023360052559,0.2678222158723621,1
9.587075259719342,0.1733267962959556,0,1021,0,2,1,4,0.475120160448133,0.9358600351673227,0.537601299760172,0.17295666924522057,0
0.4039922884216318,0.8774078276911388,0,657,1,3,1,1,0.9615377218815997,0.863025728238543,0.29423856402010273,0.4970592140301592,1
7.057970036294882,0.27571918361811065,0,26,0,9,1,6,0.8622901970327307,0.4603920479638055,0.15536805878586213,0.45235264241883766,0
3.017648666969308,0.1283781640565157,0,1181,0,5,1,1,0.38287851652613314,0.005395002014457306,0.1836624738108803,0.6729448577895311,1
9.029891534061367,0.9762442903406693,0,1029,0,9,0,5,0.6534712891931458,0.5837705317333322,0.7201435779279806,0.5328141887310566,0
0.45114745709278536,0.20163992545416098,0,1326,1,4,1,2,0.020432804918571246,0.8167618813689954,0.46804686260518447,0.4949328088175281,0
9.358741020110806,0.13665197007797647,0,917,0,5,1,0,0.020950784931630606,0.28607078453462687,0.469368190968377,0.4807948736825082,0
8.374757437877768,0.6260209001017866,0,1133,0,1,1,1,0.3185721847687749,0.1727354590013931,0.9767475355681733,0.5042448519679028,0
1.1750438225260151,0.3188631494960953,0,1359,1,8,1,7,0.754767002314133,0.9046587216225336,0.9179472710307411,0.8721621438584287,1
0.5982433731729919,0.1333492051804933,0,1464,0,4,0,7,0.9254585685654455,0.7679263105127677,0.06495426864738252,0.17086916512260486,0
8.347076643269359,0.601121117215876,1,840,1,1,1,4,0.6829758681307833,0.448081231052452,0.7976680152338023,0.01876246000696602,1
1.5575767097457938,0.7589852272222355,0,25,0,3,0,6,0.7063894608565284,0.9050147748769928,0.24791964926954313,0.22185152485658088,0
5.348981529758705,0.7931983742071566,0,518,1,7,1,7,0.03211837343806123,0.6081559789596763,0.722299268536105,0.3102843408218009,0
9.157448578787095,0.15551260101227238,0,929,1,9,1,2,0.9301593329681391,0.9440885940227356,0.1733449992720124,0.6124180049781112,1
5.674481135493234,0.5568670679399422,0,164,1,10,1,6,0.08679343179062982,0.10316100597730016,0.14537203206090987,0.8426317025686635,1
3.9723330147282407,0.8136783706814606,1,174,0,3,0,4,0.9469081572723697,0.4364149305299019,0.9392023196663551,0.7130558346364875,0
4.450160548539922,0.16108701142418524,0,592,1,6,1,1,0.14170629844226357,0.6792167535403906,0.5583049017072816,0.9982943398605185,0
0.6311717070387102,0.2076822517706749,0,1365,0,5,1,4,0.033384516273728515,0.40789739075866194,0.34964138442913884,0.0007088347437693709,0
9.687523213615988,0.00241139743167762,0,482,0,8,1,0,0.5636099503283345,0.34976593127714894,0.8911188281834406,0.19011978078158054,0
3.106541850810828,0.5246341563952881,0,1402,1,7,0,4,0.11364832703964822,0.6954238783967257,0.2898309398491268,0.08709422989237936,0
1.8936349167285382,0.19468169686195091,0,1204,0,1,1,2,0.02881514621122727,0.6056874515881852,0.06389318505219854,0.663590533065068,0
2.860473018403953,0.7242425757268991,0,454,1,2,1,0,0.6678274256329186,0.28253915360497817,0.3948019627722418,0.42696594690066614,1
9.64373194891479,0.9622138556176058,0,346,0,6,0,5,0.7382576337633693,0.44400191700311187,0.7072824967090494,0.31129830496998445,0
0.94286053488007,0.20875548899907026,0,1241,0,6,0,2,0.29294173093175735,0.7069012253228435,0.6620414131256114,0.31265633528699033,0
8.673030405011813,0.6490970117635326,0,1134,0,9,1,3,0.5335082234249166,0.6269058434266237,0.47370941858223203,0.8929770233443713,0
7.0784389440144775,0.21183446145851137,0,945,0,9,1,0,0.5860451657600089,0.4530263106995637,0.5101667459595993,0.07550867089628821,1
8.300191791590281,0.018006858979704,0,1467,0,1,0,0,0.16084747035127078,0.26000478519216974,0.5294683301509012,0.3134007220845336,0
9.758975403678964,0.7585541942145848,0,150,0,6,0,7,0.440063271498208,0.11458865046075029,0.374519126577908,0.4998902353081712,0
8.42154655516872,0.4340046766508928,0,578,1,5,1,4,0.6369689330234216,0.8401751453052164,0.08296434694625177,0.4115860061808595,1
9.43382351277853,0.9467868615146531,0,904,1,5,1,3,0.8856924488702859,0.8203135730051095,0.15781263350925034,0.6875244164866723,0
1.2693525679091977,0.5342858821434056,1,107,1,1,0,5,0.4188619613690936,0.6133026959508162,0.7242727620477848,0.6074881362384156,1
7.9578856516697005,0.15748286897568398,0,1464,0,9,1,5,0.6993334722668484,0.5713421494507273,0.8100545024297373,0.8004716625859839,0
5.456756940810478,0.4497744417972779,0,857,0,2,0,0,0.5016807424559446,0.136329781394522,0.3955141652203821,0.8441653600107758,1
5.4349559507986065,0.2028917948060165,0,462,0,10,0,7,0.7070851695826336,0.44673153842109636,0.32927221440747734,0.39993955146337756,0
8.989215763205136,0.8780292726865745,0,358,0,10,1,5,0.788985154608707,0.48386528814351615,0.6076874117910765,0.8660717520335788,1
9.718038186467112,0.6909031808875248,1,1,0,9,0,2,0.5305514686183325,0.4614149578459068,0.02177212062858358,0.6321673154799098,0
7.04838323043181,0.3412388046547036,0,888,1,2,0,2,0.061102970180295424,0.24209159204653097,0.5695265068489619,0.8603759865393688,1
4.829383894717839,0.5278203228071404,0,1465,0,5,1,0,0.8754040384449634,0.12381169148858873,0.4690369653937081,0.4653722101481239,1
4.564038579018454,0.6694801882130285,0,54,1,1,0,2,0.6009937720369655,0.9313781240110744,0.4419289986245538,0.025567206810327092,0
3.863414572231818,0.7828577166454253,0,620,0,7,0,2,0.6006428383382756,0.5563446488644427,0.0014430076601016362,0.6579735746935074,0
3.6159902957266263,0.08014720987054169,0,993,0,9,0,1,0.5094649969325086,0.8625693969861451,0.9428669062109816,0.96600675430606,0
3.915068416844314,0.022518841995246786,0,646,0,6,0,5,0.17397118704423853,0.6719850896219971,0.1733872331523686,0.9302854519550886,0
0.8975323525119527,0.11445269716988982,0,976,1,1,1,2,0.48617434000010085,0.8203087512169355,0.11299498006262076,0.15203986025520277,0
0.7743608526043821,0.394996310172563,0,1068,0,4,0,3,0.536823499232899,0.21599759411950614,0.3858342029783829,0.48955122062353296,0
7.798698438723117,0.466706610082092,0,1448,1,2,0,4,0.38376545937288264,0.10603419414839288,0.7787708543868386,0.872806539946949,1
4.460728929202261,0.13646163021384838,1,906,0,5,0,0,0.14910296916572618,0.6138702875071435,0.7649999122622895,0.4165312915873338,1
9.306844885446205,0.4111531378996053,0,1064,1,4,1,1,0.7622369098733979,0.549346510640151,0.5118094191378945,0.5181632177924249,1
6.122210085939525,0.4416227863618305,0,452,0,9,1,0,0.45658947369053804,0.09646313045136634,0.5491927877481593,0.9975987352795807,1
0.3517598218441975,0.10908996367748669,0,226,0,3,0,5,0.7006618996972422,0.6112953616398312,0.455209354699607,0.4826429710413874,0
1.5752334131747947,0.916659960195734,0,149,1,4,1,5,0.04698000663891011,0.1818991262948504,0.025294828824537596,0.19002853806015052,1
2.058197930130076,0.5991459275877076,0,164,1,3,1,1,0.5043782855084127,0.108167040843542,0.2778595612367204,0.038673437526039356,1
9.757360243896606,0.3885355304562821,0,1241,0,9,0,5,0.07377941299087487,0.9852285589701721,0.3889469671217274,0.4613665232389984,0
2.187042261516349,0.5069071834722066,0,60,0,3,0,6,0.7335382561900364,0.5557163566702449,0.5544519238490636,0.5146042745195027,0
5.157556762880513,0.31419748646880674,0,725,1,10,1,0,0.5809611445208185,0.3297672765778269,0.6590236459070401,0.9199335748608767,1
9.361769316401961,0.854331031644593,0,920,0,7,1,0,0.45139110646092895,0.098055819410094,0.9876371339761155,0.791987703783803,1
9.771927299143574,0.5750150415685037,0,1008,1,4,0,6,0.9728422773222499,0.9167224517342915,0.507369665340066,0.06286560833020383,0
2.363604353835446,0.49489581439354347,0,99,0,6,0,2,0.3260165957085158,0.9425791727244861,0.6719057053048885,0.8168140553877351,0
0.4911764375004013,0.9108854030955976,0,1290,0,2,1,2,0.4228896323226178,0.25695534364187367,0.9606436186964789,0.06953274380332952,0
1.536018325377585,0.8379796982340677,0,656,0,10,1,4,0.7375300567940697,0.43502508197370315,0.27868818018709585,0.014049286257462268,0
0.6332847870255809,0.8128018914258494,0,26,0,10,0,0,0.5250512985556336,0.6455475765083198,0.45373275036432037,0.5469602382975254,0
1.951242410923364,0.22560920423184416,0,199,0,3,0,3,0.6585211299487123,0.11115678907424287,0.720978374504497,0.5297918041160223,0
5.685697147037354,0.15312311146835678,0,1289,1,2,0,2,0.976279901275458,0.5369572668607633,0.5651674297763873,0.3164439996358055,0
9.124487962956419,0.6900965197127477,0,1414,0,5,1,6,0.6956768525633443,0.2186419920323407,0.8931686200045725,0.4605562195093519,0
5.3721888369434,0.4686422563413959,0,1127,0,8,1,5,0.15070870915185341,0.22526385465487908,0.5660797763065274,0.9203720459589243,1
6.259895566990807,0.6837127129568435,0,500,0,7,0,2,0.2093471716386005,0.6030616688150743,0.9223603188542083,0.6763882897584053,0
2.0186725160954113,0.7606272321111164,0,1420,1,1,1,5,0.8698564141027502,0.31007487770810416,0.14855882725117486,0.3424116782620168,1
8.0058362067385,0.2953135073447509,0,413,1,1,0,3,0.04797408471209896,0.5503529466426503,0.8035275008908261,0.9339516559546656,0
6.177889085055832,0.2846504331228087,1,350,0,3,1,3,0.5091765758873441,0.26230919785276063,0.2132693845403828,0.16297296245786408,1
8.641368291927249,0.4908315662581837,0,1147,1,8,0,5,0.905955542115481,0.48768942183803776,0.04912038849448941,0.17518490762593408,0
9.48843107005784,0.27354931352649736,0,483,0,3,0,2,0.7762278055225726,0.9322316024264107,0.11165075340030817,0.23300426238170857,0
3.479007757565923,0.6672952760161995,0,779,0,9,0,4,0.11566709267857433,0.4847253541469484,0.5807049201720871,0.232491005907693,0
0.9057905853543935,0.7467304458807168,0,992,1,3,0,3,0.7404650202548597,0.5013513149656068,0.29083920254264084,0.07099191732004473,0
2.2592895791678247,0.47203894605324437,0,249,0,9,1,5,0.3820684470575636,0.4928401045048586,0.1439584836944574,0.30966080980136146,1
4.3784156567583725,0.7237997655986432,0,1388,0,10,0,3,0.9012848057710634,0.8565624122842967,0.6290904040021243,0.5486526747287316,0
9.456936518244733,0.5104375690707762,1,249,0,8,0,7,0.5727955918078526,0.6817390853753277,0.48795779036853215,0.22278200792140657,1
3.783098223734153,0.7128717219670092,0,1489,0,2,1,3,0.5487727787046411,0.030625295618137538,0.38053607633985553,0.10683979864326842,1
7.7077321366537,0.22496824779572533,0,416,0,1,0,0,0.008711386565680823,0.11795411795516741,0.535710269847102,0.6504674278677705,0
5.40476692170755,0.738843045933042,0,625,0,2,0,3,0.24965615072794534,0.577887766315605,0.8614155163927713,0.4199882180335953,0
1.8280877043097654,0.7151240234570178,0,379,1,7,0,1,0.41275428098562383,0.760180881926915,0.7246906995205081,0.6533399315617012,0
3.207341189534516,0.26660570704917763,0,808,0,7,1,3,0.7239181693388901,0.11700706596743493,0.4951851308466645,0.24803803957303028,1
6.531918850228187,0.555970991040175,1,1,0,10,1,7,0.5200496728909488,0.5027846025624856,0.8225860197297501,0.756088178295468,0
6.728533946848935,0.8553116678744016,0,255,1,10,1,0,0.8525389373500678,0.6424952428860897,0.8625533297125585,0.9727739188744182,1
4.347597468090462,0.24952264697243898,0,779,1,4,1,0,0.03435025645952694,0.40080229418926516,0.3762847753989369,0.2612350032925552,0
2.2864560266211464,0.7359797840146763,0,1040,0,4,0,2,0.32288918687658763,0.6935071672115931,0.14978619847211194,0.6393675189062296,0
7.219067795126763,0.9539667171468871,0,1444,0,8,0,3,0.5975895923836139,0.3426263580519924,0.11504438156527119,0.76505850464157,0
1.6887304161271477,0.8662419197575649,0,1256,0,8,1,1,0.6587559969079366,0.6230187199540982,0.6388552485882749,0.5432753965271527,1
9.366696918651266,0.40152008268027617,0,1382,0,4,0,5,0.5024092405206465,0.765710327649026,0.936294980715491,0.29113710806890225,0
1.879035790364767,0.6072077329881385,0,1197,0,1,1,4,0.39885255166007727,0.9558168885397558,0.03854634117119504,0.21442686349289652,0
1.0731236283252044,0.9917701342527039,0,1164,0,1,0,5,0.07155592868685978,0.6388951609227534,0.4972559095376248,0.6465925172826544,0
4.976477023653788,0.5684374113757185,0,518,0,9,0,3,0.6962424293232821,0.35157943173926065,0.1942477057355695,0.4798930519018365,1
5.19549598109694,0.11502760243036658,0,1357,0,4,0,7,0.9037262483240258,0.7212406371137101,0.5315132342576749,0.8372877424579577,0
5.081929147782448,0.04543075477876091,0,1444,0,8,0,5,0.8088380376907298,0.8044795450081953,0.8566617149520281,0.08935391861758446,0
4.366674893388395,0.7903145097440284,0,770,0,9,1,7,0.7012299963904969,0.41463628507188444,0.7869380999775983,0.03272305642065665,0
9.948148928296083,0.42362832540184614,1,180,1,9,1,0,0.6341608916842121,0.3625670202116049,0.9712897962188887,0.370850240810912,1
4.862806126705818,0.24681289062919443,0,63,0,5,1,5,0.772040722498378,0.15246799483322493,0.48452954707580176,0.47436196375498285,1
4.77946580739831,0.347672030660947,0,740,1,7,1,2,0.7767316697554564,0.6768996465628226,0.6633983273061418,0.6395676268538161,1
4.217660627145613,0.7573728665464523,0,952,0,2,0,1,0.006940436990507393,0.4448692064852616,0.8985117849725889,0.11404940887425907,0
0.668257547014629,0.46524733563382914,0,831,0,10,0,1,0.35784843053262194,0.1329086761760191,0.6976175521491176,0.5872923941749973,0
5.929566311496161,0.8684994925258765,0,1344,0,9,1,1,0.8680536287247327,0.5614572531421199,0.9641971157192677,0.8130349807973896,1
2.279677722231824,0.7349255887776993,0,804,0,4,0,0,0.8507835658824611,0.9898787791413453,0.2455491791993244,0.9095495176237345,0
6.376089802290499,0.974014150445425,0,991,1,4,0,3,0.7099554247058829,0.051329667977365934,0.13497096877171288,0.8997603706363797,1
0.5083346194847715,0.8885037667898433,0,1136,0,8,0,6,0.309070458149041,0.5155183737788994,0.14912549076126236,0.5184703955601105,0
9.813871012530017,0.25454721178600914,1,1342,0,5,1,3,0.7979124231891934,0.9358256028664852,0.8524108061949205,0.8992470420146701,1
4.690050790126722,0.6590592328025533,1,914,0,8,1,1,0.23155473823854256,0.959127366591113,0.05283829270342766,0.5376103792375123,0
8.967553715906984,0.020543034528143878,0,836,0,1,0,5,0.22409905255465246,0.3417220640332227,0.8099184147452381,0.07335842455089314,0
4.755611732329347,0.9911067244295982,0,115,0,3,0,1,0.5357335775536682,0.1716061081298943,0.46410539810412244,0.9736719105694233,0
0.6033081857422173,0.26100610880259656,0,963,0,8,0,6,0.5713409802120147,0.4207268266008203,0.6912316507109406,0.0026051192245672983,1
8.22213546093807,0.664795093623584,0,269,0,10,0,2,0.3513281881053528,0.31852898736400037,0.7455515904300818,0.28579310104930467,1
6.481837296671343,0.8491536211995653,0,553,0,1,0,0,0.6037752031369611,0.48258585236584906,0.4243978369499758,0.0463801704890866,0
7.817570475739451,0.16046466272797144,0,798,1,8,1,2,0.7091122145182488,0.5959601272620221,0.14608381381895352,0.5436679188956137,1
4.281698635088733,0.8478793428104792,0,123,0,1,1,6,0.18021785295039672,0.7682402840502067,0.6169798666193826,0.5674321195687764,0
6.3793674424664495,0.012245665790822424,0,1041,1,9,1,7,0.2886152139581557,0.6341573902819228,0.9565244677005816,0.6379306946287177,0
8.562290037966076,0.4419771380854074,0,420,0,3,1,3,0.6998381179612646,0.8920543566586929,0.025546976286224043,0.14036011561619377,0
6.310654428718875,0.47203762253113846,1,771,0,4,1,7,0.9272511736436702,0.7357102506085222,0.22696223552232186,0.017423390486373425,1
3.476736348359033,0.3740907132587359,0,525,0,8,1,1,0.8844420799441607,0.5186474338754474,0.8744065443972294,0.265682048093566,1
6.625295943661999,0.5863847463004997,0,533,0,9,0,3,0.1296471594036107,0.11929924147291115,0.0697711030038266,0.051495983805110446,0
6.718541886140673,0.914842348702632,0,590,0,5,1,3,0.5697253543386156,0.8037527559601708,0.010132860939749855,0.03528469999417816,0
9.60586962506625,0.3269891143002891,0,76,1,4,0,1,0.8001755353878356,0.7141659678680711,0.8778035800022708,0.26394955848216517,0
3.709123215416692,0.5792598871664242,0,293,1,10,0,3,0.2373265526225431,0.3361692047363579,0.7681159859657591,0.9988351489019889,1
4.250817675141311,0.8774625257433228,0,1178,0,10,0,3,0.6431906851980128,0.2319572686373199,0.2538797881087721,0.8033902318132708,1
8.121229611870591,0.7729953951013782,1,182,0,6,1,5,0.4276379687037649,0.6580795465537328,0.9664595191304303,0.3617505026510053,0
5.057623147427412,0.040733264805495994,0,745,1,1,1,3,0.6627313606283617,0.08422570027949561,0.7124234965580548,0.3760944155082463,1
7.36573093115733,0.9427907641276623,0,210,1,10,1,0,0.03210627705268965,0.7872509495433521,0.11910141789644957,0.9298470697654186,1
4.597094644535921,0.04664690425861273,0,808,0,7,0,3,0.31295298754855216,0.22688469600184025,0.4605228174383632,0.6619787618392857,0
2.1549514181270046,0.5887584743743296,1,965,0,6,1,6,0.30732759718652214,0.5934752176769614,0.8650638764511753,0.8369682099071628,1
7.452038427810108,0.5753536203151648,0,703,0,2,1,0,0.4186731879444606,0.30356197944479135,0.6677386335773697,0.8644530766150585,1
1.3115516918470993,0.7863902307023161,0,1157,0,10,1,7,0.11453799389247432,0.47724010946117723,0.5858039647270791,0.16929091497939808,0
1.9858366353130807,0.14844305184897766,1,398,0,8,0,1,0.4366189496722648,0.8006294625307652,0.41699982740748376,0.016107926125274008,1
6.268249827842086,0.17937039206270378,0,836,0,3,0,0,0.5414982487679131,0.28702799767062526,0.24804415960140802,0.2682561829679091,0
7.472698001920698,0.7521069327383605,0,414,0,4,0,1,0.026658889980550327,0.03309069029065692,0.6135984877851517,0.5944103979899172,0
8.94687886867815,0.14950475241162509,0,763,0,4,1,2,0.30091508283602064,0.07739255916577548,0.15383954482863205,0.9085424379714876,0
2.7258649741589167,0.46944512706563957,0,95,0,9,0,2,0.1772911960267669,0.07447503520478527,0.8099136393106545,0.3086137119530875,1
1.1072425860055435,0.7316480902109319,1,403,0,5,1,6,0.9721626672628119,0.4590198317865567,0.20957541679102365,0.8501285321914556,1
9.560466595226291,0.6512419287826812,0,1061,0,9,0,4,0.13021621463054678,0.0832809274902746,0.12056395153594557,0.6621884171472779,1
1.5442308802214244,0.21060418611309517,0,1167,0,7,1,5,0.6274154415704354,0.4126692218402708,0.07202923052434729,0.6545131213088987,1
1.9766698225463952,0.30396025868608556,0,407,0,4,0,7,0.4018530288168026,0.6978553031775249,0.8149104270478179,0.716285370866483,0
2.913294535584657,0.968974903241041,0,387,1,5,1,1,0.28733126961331634,0.8798686551447349,0.4677990419705782,0.5115331986644946,1
5.293913540262874,0.4486706201548839,0,447,0,9,1,1,0.8540756416172741,0.2214317719525284,0.398661890746135,0.6735953836713826,0
8.82825566034078,0.04445747643638054,1,418,0,5,1,7,0.6640871796430152,0.8766679038001941,0.5211888553110788,0.7932765754453043,1
7.6054602272986696,0.21958489946633264,0,1490,0,7,1,6,0.6203019733680948,0.9780840626475553,0.5873117693044129,0.5893852122428912,0
7.0815755384263515,0.34243508966183767,1,976,1,2,0,0,0.09365758301953309,0.6257077767317899,0.8807221091890685,0.03922090742401241,1
1.7518056785600367,0.9994894042945859,0,578,0,5,0,1,0.2589693005001422,0.7372205722989572,0.3437974243393953,0.5105956573864185,0
3.5768263152597424,0.3026915474769186,0,692,0,6,0,2,0.2764922397495452,0.48303746988239404,0.1871014561452341,0.5969762231708147,1
4.784049260866779,0.026395848782544973,0,766,0,4,1,0,0.43437975148999697,0.07484797643622076,0.8690543591016152,0.8753556497998513,0
1.4742595348558585,0.512921577555336,0,829,0,9,1,4,0.9214681140506003,0.9599405650300129,0.4805781518205766,0.00522750596635424,0
2.734297021266725,0.08360538497397707,0,579,1,3,0,5,0.4036526972509532,0.945266606935556,0.5795027285393741,0.04857210924984168,0
3.0833320395284423,0.27406759869572184,0,1461,0,9,1,2,0.32802101166674813,0.322775020362028,0.1581580414673136,0.3679396515244425,0
1.2727619832903925,0.9923831760939391,0,435,1,1,0,1,0.07093685944401151,0.1957410488123782,0.8621391868047923,0.802967286173176,1
5.502396919082576,0.7046385189301544,0,640,1,5,0,3,0.38495788346769555,0.06548467647902012,0.9383712056925303,0.4843227806504522,0
7.050281965241929,0.05066662928287036,0,8,1,6,0,7,0.05235756763634902,0.4978188132402003,0.44757789840981643,0.3052544315978025,0
0.6993163147686121,0.448686718591796,0,737,1,3,1,5,0.3652044597760947,0.9247689345757604,0.020149015687771832,0.6932554207475066,0
4.811231017631497,0.1716375126288493,0,1282,0,6,0,7,0.9677843931219579,0.040941370658057585,0.027055884929301,0.5043623669969131,0
7.82211195267795,0.12294465640212127,0,1495,0,10,1,4,0.5560607533061848,0.61154783593305,0.30230088618018036,0.573717497203239,0
7.479901289524468,0.587065413348802,0,709,0,5,1,0,0.20887052066412515,0.8355620026951469,0.4918258214829051,0.428333086120804,1
8.150730962187541,0.5056558896402157,0,209,0,6,0,0,0.29921982044833506,0.37970250218547397,0.4328087810939698,0.7250532636647291,0
4.48240633170607,0.7428665843155082,0,1079,1,10,0,1,0.5710999814447006,0.6119767759575224,0.5688754149497945,0.01558430919086129,1
8.205570826398606,0.8923062282318597,0,960,0,10,1,4,0.019285444923395345,0.4438132337568479,0.2573860320786361,0.001680202566270328,1
2.4075307121426945,0.24668185743166193,0,1437,0,1,1,1,0.8995711696602523,0.06539958205401075,0.2097425928097063,0.6828300348768978,0
3.6081056141751535,0.9229919866553971,0,757,1,8,0,2,0.5781381109821754,0.5044609676242398,0.9741288203735904,0.026658189317119052,0
1.763555764178013,0.5179917725540955,0,4,0,9,0,7,0.49228395903707745,0.08905786762129142,0.2805906058232026,0.3371885078126017,0
4.674845394285718,0.25883491818511717,0,1351,0,10,0,0,0.7162338425065535,0.6849694692215903,0.9465250889000668,0.3663299811997416,1
3.920600224154432,0.8457858381026093,0,1012,1,9,0,0,0.20026110777423245,0.31009754270791623,0.5715154138507516,0.6138102418393642,1
2.4092711641431217,0.0355299180290225,0,1200,0,1,0,3,0.02164342250903195,0.8025029783644512,0.06999043086866064,0.7724293329016365,0
7.517807092307816,0.5595093774729606,0,177,0,8,1,6,0.6152218162448827,0.5870360733613599,0.5950113332419643,0.8218227771148553,1
3.1384677211164655,0.7216215350299666,0,685,0,9,0,6,0.16000241039923802,0.9350307391104692,0.9855459673511908,0.2801546389978379,0
2.7280433014583574,0.27997768715614324,0,686,0,6,1,2,0.012239958692540243,0.7377423632570542,0.8396749208859989,0.1623057893685489,0
1.3089033085049506,0.8634919175632179,0,401,0,1,0,2,0.9289167260860577,0.7248535220808451,0.3035450472168272,0.9808002097716981,0
4.388217018019487,0.24028456335798487,1,1270,0,2,1,4,0.7884187928886609,0.304612801084746,0.09550610996390019,0.04374594190767411,0
3.02964628837302,0.8398742827317391,0,282,0,3,1,6,0.11420109028343406,0.44191678717167293,0.46043956947883635,0.8138145706487113,0
3.692728413409686,0.07854496383245724,0,107,0,9,0,1,0.8963508665004243,0.7455686740265874,0.09869619522314821,0.020126202858037234,0
2.3599726262055265,0.1599275918684313,0,351,0,2,0,7,0.06757391773168187,0.7220083611263752,0.29767109109142675,0.48511686112038366,0
7.6315548981990045,0.38098458390190815,0,1484,0,8,0,6,0.8029897720240362,0.6922899375132888,0.9181127735799041,0.6414928371906615,0
9.300033473547174,0.8540555127981793,0,170,0,2,0,2,0.4144715737346031,0.007951073897152106,0.6535535445221688,0.4777160835670815,0
4.979318527888877,0.14458536512678244,1,871,0,9,1,5,0.5181810521299112,0.017321486230547967,0.7834373563793037,0.5647059167685925,1
6.429984233408326,0.8754382397942415,0,274,0,1,1,5,0.6683286246330312,0.06746685144237574,0.540584972326039,0.025365652307876463,0
8.67172276606706,0.22973152661279372,0,592,0,3,1,0,0.0987615638804683,0.03158347911188941,0.16812710675090792,0.1542232806780005,1
9.988296373336587,0.45250839859452874,0,827,0,2,1,3,0.9077564675649658,0.7728490586587068,0.15039609344834026,0.5532972363248778,1
6.135164847298321,0.35273440426033775,0,29,1,6,0,1,0.1436408747411737,0.5468946305877854,0.7657624390765244,0.8277090099936996,0
8.897794665398687,0.11812622661452354,0,361,0,8,0,0,0.9415842185788011,0.5048955528975548,0.4293091246280548,0.5484243918226995,0
9.08608246555642,0.9443097395191401,0,880,1,5,0,3,0.09148284420593134,0.08559941424921358,0.4999992725635426,0.4994827153781609,1
7.914514878076223,0.4381782907522135,0,21,0,6,1,5,0.17200836936765584,0.7746232796670197,0.1789132270209628,0.9881819418919805,1
4.609313910731102,0.6903312613561945,0,742,0,7,0,4,0.057555701767406875,0.09284434513390627,0.3616724511543823,0.38982390947775747,0
0.8115400042389931,0.5752676766640311,0,905,0,5,0,0,0.3977849357679477,0.22181371697437124,0.13222862024782778,0.3854797513383754,0
0.15805555440133845,0.5017159168522074,0,322,1,8,1,6,0.5908661292707003,0.8189092107146254,0.20452417914913246,0.07402026663349837,1
4.772006332829246,0.616577623556849,0,243,1,3,0,0,0.6250746822476343,0.6925771559557762,0.8888864619212768,0.7831803111433521,0
4.943145335346177,0.8983423062024289,0,735,0,2,0,3,0.8285189559825124,0.09261325150638378,0.7166878702911479,0.0677193567893356,1
4.073623878629723,0.6993123756941095,0,1077,0,2,0,4,0.5283798338119311,0.07389401637353599,0.8519348170483507,0.1361555962106823,0
5.681673512913646,0.5324800794552211,1,19,1,2,0,7,0.5101116238782399,0.4064970075162323,0.8741734379264677,0.056757647116221555,0
5.521627033044271,0.6451859606659763,0,506,1,1,0,6,0.32614591937029735,0.6033937518430325,0.5895963435200463,0.19238433361882923,0
8.36613041032693,0.6063942805090216,1,1499,1,1,0,1,0.6511055118835569,0.24676077535928542,0.30420760346882436,0.43889178868662004,1
1.0865710326226241,0.4331212074863131,0,503,0,1,0,3,0.9085289216160125,0.585173830820534,0.49254862017996204,0.04199827071155304,0
2.2517766610554544,0.6247640101304504,0,498,0,2,1,6,0.3553002971671887,0.3594030380848632,0.018859913067972744,0.4114418042001081,0
7.930049789596304,0.4435698001641636,0,1106,0,7,0,1,0.3563547091543158,0.5886311863584138,0.8173416621268588,0.48105402533903374,0
8.478368672236545,0.7576143778719123,0,720,1,3,1,7,0.3433245611855458,0.725511845220143,0.8026317160647806,0.11079784347677446,0
9.948242136208679,0.9689124835222855,0,586,0,6,1,4,0.22741326491326053,0.8431621231810209,0.508330807107726,0.05513608420371974,0
8.729120163870842,0.9598653574972292,0,1177,0,1,1,5,0.566710576488484,0.1958467393737171,0.37754803104010237,0.31439395595601083,0
8.898990070723311,0.8207357864249805,0,46,0,9,1,5,0.10557511638267814,0.0851204656132748,0.1726014152262606,0.6505341556978371,1
3.1434794262990486,0.6017588970594852,0,1069,0,4,0,7,0.8347971210662077,0.11838016897587333,0.07558440566571634,0.6071429194506192,1
4.016616340093764,0.7493319880707405,0,570,1,5,0,5,0.13775277168337763,0.16537989318799828,0.3249700502761905,0.12661152603818515,0
2.6808510482055103,0.1780482952575544,0,1332,0,7,0,3,0.17392988862966152,0.32435457535237255,0.9374745811757986,0.09191209743282647,0
6.062993981927156,0.47901845731392256,1,1087,1,10,0,4,0.06857423877272895,0.028635550443498414,0.06875556522480764,0.1868877963775113,1
9.388053542070384,0.25730476499136434,1,1411,0,8,1,5,0.3813471713810148,0.8325386616406555,0.9491390773764846,0.8743582536296419,1
3.4464088651161773,0.003494981109347095,0,193,0,5,0,4,0.7576453018622785,0.8490551238055903,0.5286796445739571,0.9316617394560986,0
5.570017818814502,0.966737574672076,0,283,0,4,0,0,0.9100941331735596,0.7131552028404201,0.44087853832208235,0.5216084506734486,0
2.9629963045348506,0.8638485618518413,0,1354,0,4,0,7,0.43428078107024093,0.35648227978545044,0.12295830872485658,0.9022724493085356,1
1.697999737727075,0.5136986184699268,0,585,0,1,1,2,0.23513653278017177,0.7067488286462786,0.07137614350283161,0.13140020758763304,0
1.9518552981865567,0.2541522881190068,0,1223,1,4,0,5,0.7256546434512556,0.574606616638289,0.5444617423281499,0.657232071365249,0
0.5794534453812994,0.6929752101992367,0,1030,0,8,0,4,0.6881438464507984,0.6623455226163488,0.5986134040315003,0.6487576994389694,0
9.492935230092574,0.4348010845499275,1,749,0,3,1,0,0.6816447487492034,0.08788372205356998,0.4340965254276208,0.449328920414122,1
4.028796085076296,0.8033495334226994,0,67,1,4,1,7,0.44342335821596923,0.8747167818154099,0.28733024283947084,0.7377924733752174,1
8.341208920021081,0.9995181101809494,0,110,0,1,0,0,0.5652982615088615,0.34868004257164464,0.013232489499863775,0.4749921134975432,0
6.8132947268969115,0.3490826074898701,0,1075,0,3,0,7,0.06196689281437451,0.26922528995787964,0.2666769797844132,0.8564696041010135,1
1.919211614110854,0.24440304347804775,0,146,0,1,1,7,0.25001267256759696,0.39081429357934194,0.7148221905485792,0.13585109367451687,0
1.7546224657908782,0.26738248879475823,0,7,0,5,0,4,0.9269451124570058,0.24729807549593763,0.6060147105959394,0.017316921045994915,0
8.119882015105448,0.09334624568067196,0,329,0,3,1,7,0.0417797154760805,0.9941693083465516,0.15809547538162116,0.37811981971923914,1
2.6471171061953735,0.3940461965001554,0,1371,0,10,1,6,0.3015999886913915,0.6462146820624516,0.7934382246044733,0.12861049562838311,0
9.132851837019757,0.017425052716909306,0,939,0,6,1,7,0.22664431179596622,0.8964113606147542,0.14848807026744382,0.17913016851487096,0
1.4005540468949063,0.1143955574012756,0,1077,0,4,1,6,0.13023892745477328,0.9510262690062233,0.7954623301270153,0.04775355117238478,0
6.777086144544695,0.2716957472726703,0,978,0,6,1,7,0.9243517870516944,0.5812405984520793,0.5126217254576263,0.43060378463058435,0
8.14473876030934,0.15986277590948073,1,848,0,10,0,6,0.12589605677695648,0.8005184798822487,0.716936716652659,0.7372341803569004,1
2.3525638841564502,0.7321590995007252,0,384,0,2,0,7,0.48937133474227457,0.9052893934655148,0.0830207306560905,0.5566706501033544,0
2.7620736345656605,0.10560479086790031,0,643,0,3,1,0,0.8395094868131568,0.1500088432997574,0.7409877293137638,0.3566846881342245,1
9.645188861392016,0.8659941050245247,0,817,0,6,0,3,0.0038720106346674665,0.2691585217200365,0.7214585816749358,0.011708678974679754,1
2.645976053461583,0.22111450371095287,0,1482,0,2,1,3,0.10852767846559541,0.40161448802643773,0.17525330618385748,0.5090638234930049,1
4.2995704990004775,0.10859061697156769,0,1348,1,6,0,7,0.34189420162773043,0.6228423209046696,0.13753964221743686,0.3277059532774582,0
4.325155932423661,0.010106644431258527,0,1104,0,2,0,3,0.14751500365978987,0.7682971103595001,0.748696028051323,0.23887378060287,0
2.530347499296836,0.7152050043221464,0,1219,0,9,0,3,0.18265959941174748,0.34500425434913407,0.41615656541119395,0.4515454151184737,0
7.7579108643709045,0.256616745938542,0,1210,0,8,1,6,0.5911558133103346,0.8426888499194923,0.6476861839525181,0.17006722486808734,1
7.718493432291552,0.5094986051377748,0,1001,0,1,0,5,0.1706312089580121,0.6543610992918101,0.009050929414002429,0.32161685126763584,0
3.7831801422378564,0.11161604667215574,0,1238,0,6,0,4,0.6388472314501009,0.3720220888011534,0.18364886379143575,0.9261757956818509,0
8.351257910807337,0.9852959232362493,1,109,0,3,0,7,0.9155185147542602,0.6807138123930327,0.7459244117865422,0.6108532020891007,0
2.130749343990024,0.1253847390699553,0,32,0,6,0,6,0.229428695976292,0.8520345274184968,0.19886604391276974,0.989753060211465,0
0.04305775667678646,0.4119259266418782,0,666,0,6,1,5,0.2122850048391477,0.3359514010244732,0.08028200980369704,0.6278806798957021,0
5.71167362055741,0.8516495023344659,0,82,0,10,1,7,0.01139359110667404,0.38698197475798957,0.1750992386247544,0.09697668472111798,0
9.940777724523786,0.24488694848040682,0,509,0,2,1,0,0.014666393303226388,0.6918339186340922,0.8324015508571245,0.6658166353978252,0
0.38644309826884604,0.2669717853461734,0,297,0,6,1,4,0.3966265609577533,0.4298221764351243,0.3465305966688277,0.8658719547257973,0
2.0799807370846057,0.8084995158907329,0,1436,0,10,0,0,0.48904207996330296,0.1776679491360793,0.5300755327134994,0.9127065978194355,0
5.189146424870842,0.2733396571920127,0,982,0,2,1,6,0.18281078860107702,0.8541659722116406,0.5774959005896709,0.5545247185186586,0
8.099407364448707,0.0028713110948129783,0,62,1,3,1,1,0.32298796895895565,0.20154444273637195,0.3726386845356917,0.12012824356273888,0
0.8904200507505322,0.4279137204899498,0,935,0,8,1,4,0.1403099512673115,0.24634278905719798,0.09369799820454305,0.6430668586315181,1
3.9523465375889435,0.01253520967847499,0,1098,0,2,0,6,0.6812471479143701,0.8678154437754146,0.2568043031274677,0.1429749807380295,0
7.470758006298864,0.9097922838293668,0,487,1,3,0,5,0.3929392526312263,0.641955941554825,0.1578114159041828,0.056036369841312994,0
3.7154320840636155,0.6418132241792209,0,1324,0,10,0,0,0.7343341112048101,0.4316081084280322,0.9095200905806468,0.2117237054436676,0
1.8883642047563898,0.5830142662212422,1,1459,0,6,0,3,0.5503130594834456,0.38180935673427063,0.7400875994633775,0.09703320745194832,0
1.9549582739658733,0.2015895108623631,0,1471,0,1,0,6,0.3772991410782762,0.18323637648404822,0.8230520686897467,0.44540176582608537,0
4.1004878691499425,0.6999461854286363,0,139,0,9,1,7,0.626366682278595,0.0679162008808416,0.8122490125541612,0.943913793059462,1
4.794170748058911,0.6772546436783458,0,673,0,6,0,7,0.007169102860627885,0.9094219517217436,0.002174768785014325,0.6603957876062212,0
8.61814417816014,0.060463573925364944,0,1165,1,5,0,6,0.6903644518542994,0.0447304610181658,0.7490073709932458,0.6944759547639306,0
6.4225241856799355,0.8808465308105725,0,664,1,10,1,2,0.3710484662501431,0.06167902738774644,0.4820557252955474,0.8036050469742658,0
6.904019545155014,0.5794133629298055,0,721,0,4,1,6,0.5135763214146551,0.7521016028251861,0.7746357649429972,0.2392332102993734,0
9.82987171535907,0.7924668810386102,0,492,0,4,0,1,0.5234097805533209,0.8937439057765483,0.9598433227898596,0.5724159876532829,0
4.118434403009737,0.2629140721288442,0,628,1,6,0,2,0.5584123648169519,0.7097126233890795,0.35771660416915696,0.7129357075115244,1
4.0335440324912835,0.12204779975345414,0,1041,1,3,1,2,0.7023865133826966,0.24207648716484753,0.6047854430731091,0.3040577632461082,0
9.233469677258123,0.7024495731867846,0,38,1,2,1,3,0.11064612886588987,0.2706501631601914,0.3046025701390035,0.38756807443955243,1
2.4587558700505863,0.7938826862551621,1,1199,0,2,1,7,0.48897776009310867,0.9613778953487063,0.8938068334804058,0.7013395835935826,1
7.298152463028666,0.3860335336192914,1,1091,0,4,0,6,0.08315300796292935,0.7000825068683321,0.2540229657251032,0.8084620478029921,1
7.545731382181346,0.02369227531631124,0,207,1,1,1,7,0.2341532741541713,0.8278045443844392,0.35125088133538374,0.36163367160930904,0
0.9778799744544309,0.8182540246538645,0,1157,1,6,1,7,0.18926451289641888,0.44636768069179056,0.8879455602036495,0.6256889164038614,0
4.68231405693584,0.20609390633044067,0,782,0,10,0,0,0.5987093424252554,0.7765232255028905,0.10085026533824182,0.6643083759692586,0
2.00562471321554,0.3390319418974882,0,478,1,3,0,7,0.6060974866761201,0.9807715033874703,0.49401529164076874,0.928874578869964,0
1.8537527280248567,0.6282310077771303,0,683,0,1,1,7,0.8308994264353734,0.3567201163922272,0.5812855580835229,0.7874627075096592,0
4.638281104628762,0.09995471921130272,0,775,1,1,1,5,0.5218371741308783,0.32052291527004073,0.5790181641467934,0.19452661963886142,0
2.8942970750806496,0.07199576613846315,0,315,0,2,0,0,0.7446785157590224,0.04294768415829331,0.12007378074419606,0.6256484660952215,0
7.960604476258709,0.02570377157527426,0,909,1,6,1,5,0.8890779804608523,0.737022530962302,0.03949065132445173,0.9577341967142066,1
9.076048913904824,0.9166398602394554,0,943,0,5,1,5,0.13353641184799803,0.24066991822076989,0.4166419881696136,0.37826673898079344,1
8.027206052883656,0.31138274426865564,0,551,0,5,0,0,0.7209693399653053,0.25391122873596417,0.45385904537748534,0.7652880540406517,0
2.6603087262166527,0.6606588151171319,0,690,0,8,0,1,0.32793609728040896,0.6320071997378938,0.9426641744592158,0.5392085885233031,0
2.741343936886084,0.9892352490177422,0,923,1,4,0,6,0.278063750560421,0.7388284270864871,0.7556634925689666,0.43780903096776047,0
2.5472835011746744,0.6694507935619435,0,755,0,7,1,1,0.9629826381283071,0.4074761914193997,0.5986355757416405,0.570264008244079,0
1.3503809605623607,0.52509479585618,0,651,0,10,0,2,0.20645676324243312,0.9445417270186862,0.2101136058867784,0.42512878471205073,0
9.437983681037112,0.5209199335172385,0,1434,1,2,1,4,0.9145530410658955,0.1617117325145383,0.9014487317202896,0.3180283555410498,1
4.020477981570694,0.3769171484555517,0,1317,1,2,0,6,0.8237164744885588,0.5273499908839009,0.19352789527118475,0.7611184754752752,0
2.2468947454587376,0.5997796559550853,0,569,0,3,1,2,0.8786324538730677,0.6173296289809134,0.9473752230741679,0.5326839177538959,0
8.466710505082435,0.9587913895457043,0,1077,1,2,1,0,0.5859834736904327,0.6173813151589749,0.945935428443231,0.9348692506268165,1
3.991953026577905,0.7880440336983101,0,1215,0,9,1,6,0.5847058054599941,0.6568514307911504,0.9778921584086429,0.00874097171976096,1
0.3511681110966658,0.4242266170332375,1,165,0,9,1,7,0.4025820834605035,0.6338832777197569,0.28301871744033513,0.7693505654236118,1
1.6194157024963118,0.33244482903253325,0,887,0,6,0,6,0.40091938927765036,0.7917025811158368,0.13748559577122754,0.15733773791513406,0
6.3925034035617,0.8835315296231214,0,1199,1,2,0,3,0.8506671986933931,0.8140820903657365,0.628777744527787,0.7612131015652419,1
7.8290527417172395,0.1357858256265938,0,86,0,9,0,5,0.3877551610127492,0.9774508115960635,0.42283325194222565,0.8702313706592643,0
2.1093438848871293,0.8495852569643018,0,506,0,10,1,1,0.4866968779777039,0.9396983849630586,0.3884993884374459,0.7840592890952631,0
9.173955892661422,0.25507676134233237,0,1196,0,5,0,5,0.9963928548857731,0.5199275140865733,0.5563084069579372,0.5938421241827552,0
8.509971200521644,0.7156292357759177,0,1403,0,7,0,4,0.354313857588503,0.7059475688063441,0.689464155909167,0.12270885660187147,0
8.48380754061081,0.80622058077483,0,1488,1,7,0,5,0.8225916834856817,0.40242866246327813,0.33212452333000897,0.9603919669178683,1
2.276611467992141,0.4769965172634726,1,905,0,6,1,5,0.27719772688584865,0.6506477173488191,0.3351149636990828,0.32634961797121487,1
0.5053598865005771,0.19228397614227433,0,63,1,4,0,7,0.025073629694204014,0.007444426979657304,0.6103598637484788,0.028229988600748768,0
8.674235394825837,0.8447677434623754,0,41,0,3,0,6,0.5934278631771159,0.3675926910463324,0.07131005438304794,0.0018790020080137193,0
3.0580022873856736,0.36750834505331476,0,1216,1,3,0,0,0.4793459778316306,0.9145351691545586,0.6999465217642582,0.7386232061775267,0
6.189163811735259,0.3206802604825193,0,1101,1,4,0,5,0.7866726196444569,0.6750034720132829,0.7990115405342902,0.8330170586542269,0
7.5996688370073,0.5100161823534396,0,290,0,8,1,5,0.0041525700434353885,0.017279773462666514,0.8797522203592617,0.8030382617670903,1
1.2829325851112017,0.4350862411039177,0,196,0,9,1,4,0.0705603879084068,0.5226867620042273,0.7538329288563879,0.5590386008656624,0
7.8083835451904795,0.6830522170387242,0,218,1,2,1,4,0.8596789148606279,0.3658883605088603,0.506743535854495,0.63188329714504,1
9.385114589610659,0.13719780837266538,0,1315,0,1,0,0,0.4808309876019954,0.8087754392412768,0.8738143743750015,0.9068107093477911,0
7.2837496574640905,0.43568965404787297,0,1146,0,5,0,2,0.5063734346795232,0.11484443895958296,0.49098783418682757,0.6636267536159209,0
4.412227484805581,0.891701811225204,1,1422,0,8,1,6,0.22510694644817697,0.6040630275153276,0.7870858197119064,0.3511893929717187,1
8.766781387517028,0.03606270943972545,0,170,1,6,0,0,0.9259211064354702,0.7120701864806323,0.06361171092904727,0.950402461437685,0
5.27457630072559,0.4573383331533264,0,1042,0,9,1,7,0.9144205921668764,0.5954548805837754,0.7090364100208009,0.9655823032130075,1
7.447709278167541,0.6605319663852102,0,1385,0,8,1,1,0.5166938151303473,0.27443506941383533,0.084100921361841,0.6278919309882924,0
8.20505943858604,0.8877110870419853,0,799,0,8,0,6,0.21782354657246328,0.7931903696949963,0.027703283856602923,0.5661001141230881,1
7.4935286169900595,0.5937862269331757,1,1161,0,6,1,1,0.9827914421793345,0.7935943728672553,0.5022424429848741,0.9368552981068421,1
2.8785487604815394,0.8244842712393285,1,903,0,1,0,0,0.8924564105515583,0.36092963849164983,0.11944774453554052,0.7780739073220188,1
1.1784390090583108,0.22269101895928645,0,10,1,2,0,4,0.5214110089184756,0.26667140925497046,0.32511800284342784,0.11871664148237637,0
2.3833852936206013,0.35280943622785954,0,643,0,8,0,6,0.6263985408685442,0.6638950741683732,0.774241894084771,0.9581689658062171,0
5.028749369803532,0.9421322739280427,0,392,1,4,1,0,0.4396678044578708,0.36781943658582583,0.5502835282400486,0.724366535908624,1
5.052769222930959,0.8859751130926863,0,125,1,8,1,2,0.20605777523754254,0.345349310225169,0.7333780629716133,0.7390128200837516,0
5.8264434931453755,0.5579529826887045,0,893,0,4,0,2,0.6814508421444455,0.4505584924077749,0.7835526774969586,0.4009329096854376,0
3.9510183754789088,0.47548833779484523,0,1393,0,1,1,7,0.6691341391416974,0.4580905647987018,0.48025446042922837,0.00844643325341865,0
7.868913814500277,0.4510673914544585,0,80,1,7,0,2,0.547326093613614,0.8296223618678819,0.9856413182402948,0.27173185589492854,0
9.131537503472078,0.05878966156701604,0,493,0,9,0,0,0.8144459688594439,0.9528190490490244,0.2020955861316931,0.33111220244859374,0
2.4672505347947125,0.8923771039565669,0,1004,0,5,1,7,0.4518365967898814,0.7134629010917024,0.08490906352409622,0.4558875517232024,0
7.36523217701888,0.8181495084153355,0,469,1,2,1,0,0.8609167247644057,0.08823441622797734,0.31848511292560133,0.7013331869572464,1
6.779718525450447,0.4562511447278671,0,174,1,5,1,3,0.21701835255180224,0.33778499575459064,0.7625098379298214,0.4506075361213756,0
5.23090499279315,0.2794399727194734,0,286,0,10,1,1,0.9618054498232091,0.18961366739027463,0.09624009017558666,0.3721290346257905,1
1.8853023387416024,0.34292060642653055,0,36,0,4,0,2,0.20508026521817135,0.6632650478529937,0.4667409766035516,0.24812320098010165,0
7.952322585827095,0.12316058587288947,0,1488,0,1,0,6,0.16011912052489818,0.5981407655690206,0.571343020007565,0.7684993190317202,0
9.606262856288327,0.7217897413057226,0,737,1,8,0,1,0.6033975070024039,0.9824541258053584,0.8079633464855352,0.7875037714067459,1
7.218363322336135,0.5566698565548577,0,1413,0,3,1,5,0.09307993052293007,0.44769640057530846,0.8458942545573365,0.36321010294467915,0
9.178599966257341,0.23410342282489494,0,1028,1,1,0,4,0.16793120248525362,0.10545860173224653,0.23893449307855386,0.21756168915474627,0
9.841852649479998,0.6230055720776897,0,524,0,7,0,5,0.7290344835580711,0.5983934257130074,0.2740948464343661,0.22004711628097662,0
3.520506742392382,0.9792302142549747,0,1413,0,4,1,1,0.30815152973540927,0.3669440028096076,0.6839643049307483,0.662815579373043,1
6.382235529263369,0.1223951354761792,0,390,0,2,0,2,0.8001213038564644,0.17798393497475817,0.8597790154871138,0.7725765213221524,0
4.73932737638078,0.45848501062532776,0,270,0,1,1,0,0.15555283819426613,0.3709886448327805,0.16835850689043663,0.7849843055520779,1
9.8662874686323,0.4941588209221267,0,1208,1,2,1,7,0.38530144753706663,0.23818366890475828,0.722639498280656,0.8706651971375398,1
0.9380782400772492,0.16679721382380241,0,830,0,2,0,7,0.386287947690202,0.19721252370500486,0.2376713146082522,0.7544701017956236,0
4.123749142972246,0.5315802109973148,0,633,1,1,0,3,0.4803966647590795,0.48364028040616736,0.1806667217181207,0.4859334590587173,0
8.755390445272361,0.60597725854809,0,882,0,4,1,4,0.41039220353294614,0.810010752875746,0.3375547241645781,0.2673630672205285,0
2.8405131052651544,0.1573445388184953,0,1451,1,9,1,1,0.3867857204102959,0.8856646738321057,0.7946560196431111,0.3737830504237163,0
7.877928506388727,0.1547238990088764,0,420,1,4,0,7,0.3284375780481489,0.260315735276918,0.7425511498838726,0.28373089886270886,0
3.8278316278025573,0.856348715633756,0,1351,0,1,1,6,0.015150637152770652,0.4484079477056272,0.4787005808849456,0.09949073048297363,0
9.799785398901582,0.31138743667004487,0,1366,1,9,0,0,0.6165903867649148,0.8428915018417206,0.7141873547270353,0.14390140679506158,1
8.835298364237076,0.630333387078631,0,1139,0,7,1,4,0.4734913669758898,0.9886773514191316,0.4058453159450497,0.01269473495084883,1
3.0132035766261533,0.6267730756752141,0,235,0,10,0,1,0.37328264888672913,0.8499320801179935,0.2105093505082124,0.1967391692180095,0
7.701931135378551,0.839170875582635,1,134,1,6,0,4,0.2114147837903455,0.49403595399711275,0.8430142434577048,0.8352091200080203,1
3.368565438332687,0.7398946312315234,0,180,1,5,1,5,0.8913900837105073,0.8701359422137488,0.05379030378551941,0.5371272686987614,1
6.063628402155351,0.8405764334382778,0,1053,0,6,0,3,0.2378938243847719,0.7066272775108411,0.9010213985692492,0.38944172056656157,0
6.58480768393292,0.6252147896506657,0,599,1,1,1,3,0.9209244947063276,0.11351543469339254,0.7888765012946795,0.23738637942196839,1
8.29595409085705,0.449457160513994,1,1480,0,4,1,5,0.2172639825746191,0.08414152849543832,0.7235806547210099,0.5898673190384749,1
0.2445084088201488,0.3935665213130747,0,9,0,5,1,1,0.9714260078425478,0.9362641482744785,0.5691237248956384,0.9733919778415141,0
2.2015789115229967,0.37902976666143584,0,559,0,3,0,0,0.41984914170785925,0.9244423539650535,0.8100134696634633,0.3479681073496982,0
7.119178105885787,0.4183930979091578,0,396,0,9,0,3,0.5327174008025335,0.4583656327893073,0.028219830166045567,0.8475097763196596,1
5.635232369695373,0.12930925215377032,0,1322,0,10,0,3,0.2988105141298474,0.6618247992023722,0.5910131456759403,0.9391747034683283,1
4.956050782011431,0.423958371003167,0,181,0,5,0,2,0.9391808942142738,0.30479197450664197,0.2610402583623035,0.7869307165757337,0
0.5520995670798046,0.38944490720262115,0,612,0,8,0,3,0.28257084784548414,0.7013986776081927,0.6392686195063857,0.5914360604126693,0
3.482758834614562,0.03457166331823147,0,1300,0,3,0,0,0.7302118162937509,0.44618433148394454,0.6747241453989223,0.30203428948261035,0
8.651002319106484,0.27513075532634,0,1456,0,10,0,5,0.02049083432000387,0.348482642706324,0.21474147486978523,0.03338496155052251,0
0.30892837036032184,0.7519069747402168,0,1374,1,8,1,6,0.5587187419884564,0.4406043600755224,0.15480649628844412,0.7365886982029157,1
3.964362353648121,0.5779455714096253,0,980,0,8,0,2,0.7415755786973687,0.45555410144713326,0.5874574294778939,0.9559665569495504,0
9.451482876707725,0.8061674967560302,1,244,1,6,0,5,0.4708732621648245,0.9427596072064204,0.940576777068536,0.6891971121743218,1
0.5088073454501463,0.5426880443807649,0,144,1,9,1,1,0.6433171153403107,0.8849804218289546,0.6634452079175285,0.03622233496260796,0
7.497057510446368,0.8540837654752674,1,616,0,6,0,3,0.7680568843499802,0.19443398697899972,0.48415906482849724,0.13944594643680075,1
2.5761261618203646,0.7960670996017167,0,718,1,10,1,2,0.5002380002727829,0.2784679313706384,0.9354892870310985,0.3929551140488108,1
8.666088321536725,0.09828457014224712,0,771,1,7,1,7,0.21809198550270836,0.2993748193357034,0.8189163158300465,0.989288753417999,0
7.460679789593651,0.9770063680159924,1,74,0,5,1,3,0.39677201231532033,0.011570475619127385,0.7327990975585487,0.08489585886633022,0
8.85705170858363,0.014747446901328787,0,1013,0,3,1,5,0.7307790078394032,0.5304302758018934,0.4373922310420828,0.3178835327599433,0
2.15924790431266,0.5968380379296185,0,592,0,10,1,1,0.2710919379481912,0.48269162196681914,0.49139397187276135,0.5518810284553882,1
5.31292754818605,0.7925115093167623,0,163,0,1,1,7,0.6320346252002456,0.12460273393082877,0.26461981365246323,0.1119580526012911,0
7.792699435748007,0.33189413985090344,0,1373,0,1,0,5,0.14829198641657837,0.9902375461301373,0.8168829734988279,0.11760556331339955,0
2.45699742994981,0.5985697922971579,0,535,1,1,0,0,0.9302932331895933,0.7612852613459572,0.2846642993207217,0.06869660655884491,0
2.3074630526721696,0.3621225308474483,0,348,1,2,1,2,0.6029831251904035,0.18308675851219436,0.7037505607583141,0.5027811398671356,0
0.27182133497585026,0.0606149750075019,1,738,1,3,0,4,0.46827059060704757,0.7053313780389239,0.8749600910444348,0.2865193736007624,1
9.585152939754524,0.008461519089330904,0,1425,1,5,0,3,0.8115230363768482,0.340633590869004,0.5521651693989201,0.03950184724272909,1
7.100168800546234,0.09486203011118832,0,1237,0,3,1,6,0.7971710521964113,0.6328475845224732,0.15650893928414278,0.5018242822628405,0
6.355603540101848,0.0984095941200468,1,149,0,5,0,4,0.09732303975095802,0.4704908999420436,0.024879898751434593,0.7304504474453618,0
7.439947226949909,0.6108897773937499,0,1030,0,5,0,4,0.3070634710282163,0.13885787345890988,0.6732390398220887,0.6688409214766441,0
5.316129186954393,0.5258652309625133,0,997,0,5,1,3,0.45857727186004404,0.460086705630125,0.2246348645975167,0.6843065526068304,1
4.761338210904103,0.45546330017314207,0,1328,1,1,0,6,0.34053995863006004,0.9616871627527814,0.039067008503643974,0.5506323093837712,0
4.495322411235208,0.6919214756024176,0,1448,0,6,0,5,0.3173007205346191,0.7481305428961299,0.34328231867714376,0.7812367467707207,0
6.4043921210364125,0.016826137012448394,1,1118,0,3,1,5,0.35219029747132846,0.6265822359710558,0.5821226956996066,0.06238078543284853,0
2.015349753923832,0.2709834814157309,0,981,0,6,1,5,0.14204932943109072,0.8435268732096207,0.5515326206091663,0.1907135142065145,0
8.880586950148697,0.7773927312876279,0,530,0,1,0,5,0.11941733650485864,0.8287211364397402,0.1674105664686104,0.7033039503430302,0
8.117523712192652,0.9099771065171185,0,1348,0,9,0,6,0.2603107987795311,0.888203918523471,0.6039858400894985,0.33574348336383486,1
3.4956361145203383,0.4383365962375816,0,1414,0,8,0,1,0.07008172990476524,0.10885980206228196,0.4107733502587143,0.2388469217215492,0
5.786092968125244,0.08148398013846636,0,1486,0,4,1,4,0.510219993168899,0.12945058224303518,0.47762912419573134,0.02704643259691275,0
1.4102729995001462,0.798728739228488,1,1431,0,4,0,1,0.15313626755650633,0.798894343721319,0.8744257038754971,0.8684781655555281,0
9.72346247933598,0.8851704332727336,0,962,0,4,1,2,0.06756716497079329,0.9953421875430714,0.07852967241740672,0.8379746434780264,0
9.028926876302835,0.41366027069371947,0,1434,1,10,1,2,0.8371457900595851,0.5625433526301868,0.527870980586232,0.06047200592396573,1
9.218975064992005,0.24335525392027701,0,1173,0,8,0,1,0.5875095062369553,0.9642660494012839,0.1736241053551011,0.30439042916510806,1
3.321630477034516,0.04397166822294529,0,360,0,5,1,4,0.8983600273242894,0.6628144949437507,0.18277306439935836,0.21455333687328437,0
1.6913470738285574,0.591082821894856,0,47,0,7,1,3,0.9833927692594339,0.08531897912732012,0.6104633193676814,0.2067847831663262,1
2.1177216346631034,0.9098694905624992,0,1471,0,1,1,3,0.593531363931021,0.9262529671738776,0.6697090702163034,0.2580800174440867,0
0.9000139104508986,0.6778880255203257,0,640,0,9,1,6,0.7959773219799401,0.8392124700325929,0.6062252147157555,0.29703773249075927,0
1.2011063010138434,0.31724859789473436,1,1310,0,6,0,2,0.15954197982892826,0.5358480133376089,0.9234937497378148,0.7065249774731364,0
0.7130453418484539,0.6428883242899669,0,432,1,4,1,0,0.6983687007442134,0.7439066488694869,0.7946618574606086,0.9698514598807341,0
9.898230692048735,0.8320684074480255,0,540,1,7,1,6,0.5495542018913065,0.3515538819014251,0.19861018370967543,0.0454382704174795,1
0.7405768336907359,0.4758300593494579,0,1236,0,1,0,1,0.6763928701091738,0.6157802825014134,0.6358640101017454,0.32289142167142404,0
1.3254208095141362,0.8197484899978386,0,788,0,5,0,7,0.10472419739914096,0.41323937737948757,0.6203401109769552,0.6674191659544217,0
8.272545955907365,0.3919096766663541,0,1016,0,10,1,5,0.9358151170177038,0.5271332187832266,0.6465248134169905,0.30592572277353836,0
5.802402167429431,0.34850567859577064,0,480,0,8,0,2,0.4174873491799641,0.6365530100350759,0.42908025485836165,0.191125346330823,0
7.744172045693324,0.582988625878554,0,921,0,1,0,4,0.7757992871493861,0.053869454992959476,0.9476207596020673,0.1678248894709462,0
6.30912007772655,0.46468641769448127,0,730,1,6,0,7,0.9906120124941807,0.09602343547289593,0.46373077269188057,0.5979445463190977,1
8.82175070328948,0.9771119204610832,0,1397,0,7,0,7,0.8733119958911745,0.08241245969213595,0.7893540971964982,0.15105500237494007,1
6.384675277647406,0.5163894235281747,0,738,0,6,0,3,0.3117054839432234,0.5949294650139106,0.4813083057676427,0.09654731975229736,0
5.221250929031509,0.38517202891602154,0,133,0,4,0,0,0.4019762092908451,0.4129077289302362,0.787426361305573,0.7496936412396462,0
7.127496937612997,0.39493354312853624,0,1104,0,7,0,0,0.6486541125126429,0.5000603479085839,0.39564081360920167,0.3437609671313756,0
4.473927517921094,0.5479399506131166,0,1430,0,5,0,7,0.5380231593907207,0.500281442093,0.0008153504851846627,0.8945376337093617,0
3.4606382290473467,0.3549120380081954,0,1324,0,10,0,5,0.4103004594830514,0.040470632118823624,0.499859251031223,0.49639296580988057,0
4.676524524502125,0.722906601964936,1,151,0,9,0,5,0.6533697037159064,0.7960588715021809,0.5479977966458948,0.13178460763874866,0
1.6971410509856066,0.3806629277016409,0,1497,0,10,0,5,0.909528369340891,0.7006880007357348,0.11561372396245817,0.1927621263105722,0
7.965717298026914,0.3841443865252431,0,520,0,5,0,6,0.30949591466642945,0.6879010301379939,0.6651842361319199,0.8814693885268707,1
2.6070378133594465,0.6169732493768046,0,1250,1,7,0,4,0.12833833774777081,0.034250919684182035,0.8537351293952233,0.12556341608284083,0
1.5353154633704746,0.06084687269600997,0,945,0,2,1,3,0.6757495641621298,0.6517181013494654,0.8683405368343338,0.31552768110749707,0
2.4635224178322677,0.6553549181151461,0,1459,0,8,0,1,0.5895949995336756,0.50045777600843,0.37689573421742184,0.30342053410670744,0
8.420701517722398,0.5049722171586871,0,512,1,8,1,2,0.9055880304153004,0.7605676455142818,0.4100092349436105,0.9877252292614013,1
3.3020129559773137,0.45302611428664163,0,911,0,8,0,6,0.7426592361983609,0.09687149286967178,0.8583854452755318,0.974430880058391,1
6.860498695059002,0.7192529907079513,0,1023,0,1,0,0,0.39710275915186133,0.7467085957769766,0.9983289973991871,0.6920690488355941,0
8.564096306557392,0.758255782004861,0,231,0,5,0,1,0.6333293505060763,0.9616881823457571,0.052605803831482945,0.2355126409193572,0
0.7774466692504212,0.8462608634124593,0,1163,0,3,0,6,0.8623670392883915,0.8509864364015566,0.06178041316126648,0.17928055639960871,0
7.6502440517804295,0.37480312081744727,0,215,0,10,1,5,0.34747315916695665,0.8941705598572274,0.05425929534359697,0.060095078196613305,0
3.0766546637903005,0.3270376922533811,0,1242,1,6,1,1,0.013826548565537222,0.07580090055712119,0.4624812267248344,0.06130135251066038,0
2.1662236418404266,0.7143421014945195,0,189,0,7,0,0,0.6263404903738966,0.52964346062794,0.7845505775839274,0.9408110670339199,0
6.889014524529722,0.5818048591404459,0,269,0,5,0,1,0.0259253863038702,0.2466624606141815,0.0936819114003814,0.6035159640113705,0
9.097966227332337,0.6318015463518166,0,742,0,2,0,0,0.9374799016337715,0.5449239645163322,0.6889475400377228,0.1983056947364975,0
2.9501920871239538,0.5555229071058353,0,273,0,7,1,2,0.16819884963989085,0.7065847261186673,0.17116074053441777,0.7813221061818552,1
5.68833805384319,0.7726930232038545,0,115,0,7,0,6,0.3742635749791067,0.7468242306912315,0.0329615421673789,0.0764170263260785,0
2.8983411384949154,0.19004088849215317,0,78,0,4,0,6,0.9462841191313512,0.9915959682731124,0.5955857504622238,0.5223894203499643,0
5.542855857264279,0.5557121327413967,0,429,0,7,0,2,0.07993059478298181,0.9576264917567654,0.593860039872571,0.19578126463341372,0
6.218620306543405,0.1581017889436298,0,736,1,4,1,2,0.004342533867362053,0.2471537000322992,0.28329481218296115,0.4486271318409405,0
6.103353887901798,0.4072519392909919,0,66,1,7,1,6,0.10363655693054696,0.9156152924906126,0.32223662240415885,0.22906895346472544,0
6.235463696427459,0.6639938234160748,0,206,1,4,0,3,0.9860384676772811,0.8840143203960638,0.3539890441372635,0.13650091348581916,0
1.3507979221752409,0.4930716083141704,0,917,1,8,0,1,0.9717287649793122,0.7234361948264085,0.9292313855879042,0.926854250768987,0
6.935404695867195,0.37959153667218126,0,477,1,9,1,5,0.3845991064544345,0.25765762649060664,0.8663197009351999,0.9199268137454,0
6.747503563802233,0.8849700014156061,0,1136,1,5,0,3,0.7428856273035982,0.18825007285971784,0.5275085847965478,0.49329124459522333,1
6.825881222168832,0.7728257144974784,0,1260,0,1,0,7,0.7359334473251884,0.435607355120885,0.9634568645879859,0.7861959180258195,0
0.7407055273870633,0.526290785000375,0,45,0,7,0,7,0.09981620625523668,0.03905774791440275,0.5817199769114154,0.2017538428741269,0
4.468388424141526,0.9500531556754879,0,1422,0,10,0,6,0.23511992424077377,0.283916503034339,0.10153224775262615,0.396964224466682,0
4.090351320457297,0.42436528943499385,0,1025,0,8,0,7,0.8889823410366268,0.07338466616526385,0.48716115183079134,0.22554259536031984,0
0.8671148364319914,0.788072927588106,0,1233,0,4,1,4,0.16569680966649758,0.5245075356624515,0.8945204418702903,0.08376467964996959,0
2.223679278968107,0.16793623980141792,1,717,0,6,1,4,0.5208553568477216,0.6165472477271551,0.6626573696424654,0.4238747793550479,0
4.409626317980368,0.28579247711059697,0,0,1,4,0,0,0.24415243961556254,0.11130536833226568,0.9526665625207948,0.7449045857628402,0
7.429063098580823,0.33808558133395483,1,1327,1,8,0,1,0.5576145566796622,0.8739326184918847,0.5308836567705429,0.7448062100984089,0
2.370620769846632,0.10582075270452329,1,852,0,8,0,1,0.1965306991314496,0.09679961186736274,0.9118472687882332,0.44338764089988936,1
8.297499101249116,0.5018048150760679,0,55,0,7,1,7,0.21574824911556745,0.3962102081252966,0.766588106575655,0.4463207329004846,0
5.457982857394635,0.19226013412649567,0,249,0,4,0,2,0.046799057307698066,0.5009816338438269,0.8227155644944025,0.6029015631824726,0
7.604216851846175,0.6341858894496586,0,309,0,2,0,4,0.9901713878083269,0.5821219399115322,0.9914554459387839,0.9331136129814255,0
4.725559833368571,0.1900923595730183,0,563,0,7,0,3,0.11309522978684383,0.3191054123141004,0.30224202424387414,0.15006109482146635,0
4.991942254222233,0.12350625733927534,0,663,0,4,0,6,0.4156188170809032,0.7130839879490349,0.6280570758709814,0.4049128271070652,0
6.197193893796403,0.9690867275989246,0,641,0,10,0,2,0.4175579815639823,0.3413598092893023,0.25645270028701994,0.9056809199908179,0
9.279706081658242,0.6582403058111063,0,1302,0,1,0,7,0.3036262409343794,0.25269032796712576,0.8538978152281418,0.5487060391438333,0
4.9181258141291,0.9364509147084885,0,1414,0,9,1,4,0.7939902902453226,0.45317645520248395,0.5858753657357503,0.7928999812176168,1
5.28657538108291,0.48988779199323196,0,1018,0,8,0,1,0.3376919115935487,0.11343249793549504,0.1758349829368645,0.4626306662665012,0
6.019969635275295,0.033402463063374244,0,950,0,6,1,3,0.6254502857531868,0.9661581741259849,0.42124561447906805,0.9210517495753678,1
7.375151372977258,0.5743711704314439,0,1296,1,10,1,2,0.543000381383805,0.5500975970424193,0.18174302489625072,0.8902650925838361,1
0.7185033548623432,0.5583288868357085,0,401,0,8,0,5,0.8640288829517819,0.14405375937656273,0.45795136553348226,0.4459501772722938,0
5.156874385219721,0.014975605936593972,0,837,1,1,1,2,0.8194826308953961,0.7960680982241666,0.07758680621876513,0.005010546544707339,0
4.815915892060435,0.8612420444018316,0,964,0,4,1,0,0.21794731794178301,0.7203794817968355,0.9652809043138805,0.5661604916822673,0
9.216849842375703,0.6199706806164247,0,428,0,9,0,6,0.7501117946847243,0.43050657560340844,0.5966173789880377,0.20391997735677458,0
4.935065804363411,0.7446911693761461,0,1427,1,8,1,7,0.7925684580946482,0.9837017061209986,0.9906621255394958,0.24055546240393288,0
4.68320534694331,0.4939211061575146,0,353,1,2,1,2,0.9191856636953806,0.500615031868622,0.17376682622295747,0.4297392002892001,1
9.62199988534702,0.618402437908263,0,88,0,2,1,6,0.9632176030186528,0.21275152791391394,0.38441550022127835,0.4499890723056691,0
4.5057646360088155,0.2574698932285242,0,485,1,10,0,0,0.7369690011768539,0.7912555001983084,0.9312391241884718,0.8606593886008435,0
1.8088443032209034,0.9737577677686472,0,1223,0,1,0,2,0.44993117189771126,0.9287423553223401,0.6919648190003295,0.031288759000963284,0
2.169161228057883,0.4007200075476651,0,561,1,10,0,0,0.2929706690293622,0.2623730811157525,0.07003783266801267,0.2950798116904336,0
0.9518753833697413,0.1623266213376291,1,325,0,6,0,3,0.864662929325098,0.0067209044850045085,0.8831849569259246,0.6323183017096846,0
0.005681292589444498,0.055915418374627324,0,1308,1,9,0,4,0.9155544887566858,0.6092800726405431,0.18883524164633292,0.6219809230891563,1
4.319456610004819,0.6361719330853711,1,229,1,3,1,7,0.09756118244174572,0.7327800392183227,0.2618109624870687,0.3177668061479798,1
7.692425812982214,0.9833798511764558,0,238,1,4,0,6,0.5543227193401171,0.2608548080658253,0.7317547562604438,0.17794445894594313,0
7.334664427998359,0.8957944968462817,0,1348,1,8,0,7,0.1291942780603641,0.9636560553099238,0.7106912582575874,0.27701608541336753,0
0.32149087802850196,0.7021045674864136,1,481,0,2,0,5,0.251579715464057,0.16763725395739715,0.6605946959809315,0.8923350256228734,0
5.699829035940329,0.9905979289928608,1,2,0,2,0,3,0.38319613181777634,0.8011566833754005,0.0054061226946355845,0.2628624397291124,0
1.54283125413476,0.7228282620421065,0,650,0,7,1,7,0.311164215334347,0.8763101398583228,0.2493814323042608,0.4917522621930839,0
9.410762847646973,0.33925112340139596,0,1111,1,1,1,0,0.7159989370657006,0.17088427717161814,0.34489605778293986,0.9423140104016821,1
1.6736499964417928,0.6012181330601731,0,1135,0,10,0,6,0.07896623816337311,0.5013438367783914,0.40033384731521915,0.11841810940048703,1
6.266392176974815,0.07976664248556153,0,130,0,7,0,7,0.6137735415975708,0.028046815075862597,0.07393484712581289,0.8707351038256727,0
3.2623836216405677,0.22168249022254083,0,421,1,8,0,0,0.5814145289808971,0.6418891260112738,0.6753780877832758,0.7433757612712785,0
6.415613259643522,0.4175402359284922,0,926,0,6,1,5,0.7871949832985747,0.546479289345847,0.8912498025953997,0.485421935765579,1
4.122585964640751,0.20181849356304526,0,990,1,7,0,7,0.09667849415527141,0.7782718783694798,0.9896721499016505,0.9489441549233019,0
7.5964305230639475,0.9535010148281706,0,931,1,10,0,5,0.332604625203343,0.5012776578260224,0.7979803952917829,0.07441159379806228,0
2.306791253278578,0.9955975267446494,0,506,0,1,0,7,0.6971034238616184,0.35388426199432943,0.2025998616936846,0.8545923581302207,0
9.0579185291426,0.37093592012166543,0,1294,0,3,0,2,0.7116871070657654,0.1366717761524585,0.5112857866538227,0.19768228348511985,0
5.0020964931335214,0.7092289860771986,0,117,1,7,0,5,0.44962579391459756,0.051073617310263386,0.9157351610468827,0.3541997647693206,0
7.560931477128529,0.40777073066324054,1,1233,0,2,1,6,0.46176943331079634,0.5288320268426359,0.06659585108900978,0.12235303549108012,0
8.49730191401227,0.1395092043862064,0,1409,1,3,0,0,0.9649593096125025,0.9188840635810727,0.22832945164375829,0.49528918845091274,0
9.98828610954805,0.33692684770210857,0,1027,0,1,0,4,0.3262279870432908,0.766004828976305,0.26473521604998074,0.16908838567849116,0
2.2394566559395823,0.2333716987156632,0,644,0,1,0,7,0.15011469691136514,0.3931206760931063,0.609575596405339,0.2551048118853222,0
2.8689241356345487,0.32807822040741974,0,570,0,5,0,3,0.9528420649913438,0.9837258918812296,0.9515198945218389,0.05962483842308908,0
2.5043308673188824,0.21502168839771651,0,653,1,7,1,6,0.8096081432611635,0.18400007621240322,0.4825898830459049,0.30509853214932414,1
2.6287133215978264,0.1123451190582464,0,249,0,2,1,5,0.23706292847373733,0.9976289554121843,0.5638974346022778,0.16385583932457137,0
5.824447415393774,0.2174284293624129,1,333,1,10,1,2,0.8572569328961415,0.23013577871849145,0.6398619092908631,0.6853470366447838,1
9.93522523145843,0.9057570318298428,1,953,1,8,1,2,0.2523014157758626,0.1682186016164946,0.8515335473398645,0.6381772928976103,1
9.902780870927545,0.08522167577652873,0,825,0,7,1,3,0.8274474750453352,0.8583323009465491,0.2863305349985391,0.6654613291878858,0
5.2677323136230765,0.3247566437552345,0,745,0,1,0,3,0.6285627259621295,0.4688535179817358,0.6262489687828047,0.6760131036371319,0
6.390272102646738,0.5284498945026354,0,712,0,6,0,4,0.48258022044631144,0.8918576007475636,0.9253002363018598,0.10316125296799761,0
8.599705437016059,0.3545126561783568,0,116,1,10,1,5,0.9280729070195903,0.7480402465661604,0.9389341842998044,0.21382932735596338,0
9.32933458453505,0.5176070950188872,0,1301,0,3,1,3,0.8093679301496617,0.15673003369476035,0.3826427491883836,0.7374738533416532,1
2.0386062732954393,0.04342006023435396,0,1433,1,6,0,5,0.12992507492256844,0.12192427893805324,0.11179423468343819,0.4821856118468495,0
5.285417289424529,0.6485696333643778,0,367,1,6,0,5,0.7055689571068683,0.4467665655966888,0.9243916161100973,0.6300984367026735,0
8.328370546615123,0.5634788015560602,0,471,0,7,1,7,0.7895019522067659,0.5615448384582227,0.9209654549052099,0.05660334212208129,1
3.0320207663459167,0.6809662658546916,0,945,0,10,0,6,0.5411276242077894,0.4232141249627881,0.09724396633291676,0.3863112558923939,0
4.398090424804667,0.567257815827237,0,3,1,2,0,4,0.27606837825411534,0.21198875953123197,0.08134338104701488,0.43800452273957524,0
9.85621101512008,0.4379035824256632,0,153,1,1,0,1,0.23447297470321038,0.2175304076813558,0.1851383268923158,0.6923511532979316,0
9.85046696720871,0.35014154229408245,0,1352,0,1,0,2,0.9741459706733938,0.5099090167796418,0.6468489133884877,0.9120611936574661,0
9.061068107651817,0.2264351900997762,0,258,0,3,0,2,0.43679346487922033,0.014299360041433617,0.3026212896684891,0.5745346958470544,0
7.984483448280576,0.5000677268066126,0,865,0,4,1,2,0.5188250077167509,0.43894817555245014,0.24019941029551184,0.7611124593163321,1
2.6913050072280575,0.026052452377506974,0,1323,0,9,1,7,0.5981657322055345,0.03322506853764162,0.7996302264122229,0.6434969279933281,0
3.208500740671875,0.32824082809932575,0,1099,1,6,0,4,0.10063140325753472,0.873134918021298,0.24388755424773678,0.9099052901701871,0
5.472828412048747,0.6778722935645294,0,407,0,8,0,7,0.08129539558572896,0.620111595999102,0.9604172321972925,0.810785552849152,0
5.607773745620122,0.10871703968635926,0,228,1,6,0,0,0.1981369079674664,0.1601883705482119,0.4384381773188084,0.24730641699969347,0
5.05502819357067,0.06289124231952858,0,1076,0,10,0,5,0.06532906686264828,0.768566752294274,0.4225939801015556,0.22230331085338928,0
6.366702799163061,0.6521786052913653,0,606,1,4,0,4,0.8984722875703363,0.4926163362700643,0.9436350739015482,0.9118940676584439,1
4.0832302263298885,0.39777472114235024,0,1451,0,7,1,6,0.14802427076558144,0.5107066543169545,0.12012997341082665,0.5974486971642489,0
7.49174157315533,0.8018250365493811,1,967,1,3,1,3,0.22656917191609016,0.25612728217266545,0.11494276679292181,0.44961726567024896,1
3.3354992647835537,0.9373113039713239,0,16,0,3,0,4,0.5373103594709027,0.3937564298799705,0.433572925202772,0.7001397954347706,0
3.3067699694635255,0.957040453732577,0,376,1,10,1,2,0.8962042259048245,0.8781539264493705,0.5870668495195539,0.2817161976484093,1
1.27225961891828,0.4255928538941792,1,1116,0,1,0,5,0.04903121673361299,0.14720043728006604,0.5080652336933775,0.8085952297922127,0
1.8871221002891925,0.2643272242750323,0,1052,0,3,1,1,0.21597445763582734,0.6237070985121246,0.9549127974331584,0.5277423181064005,0
8.505208789213576,0.608613738742478,0,1112,0,4,0,5,0.7173504154487823,0.21689931981115396,0.9931628272416998,0.870981459288543,0
4.462823385804415,0.6281929259282364,0,350,0,2,1,3,0.5191798119113347,0.4448043701369925,0.040864675753766844,0.6436993115195393,0
2.278677865528338,0.6223449360758967,0,373,0,8,0,6,0.5945183566149174,0.5330212392276081,0.16548108634032388,0.2602181215509072,1
7.593411000223874,0.32177861371888117,0,313,0,4,0,0,0.016953804972205333,0.12178973084525824,0.553629693172048,0.9654590813451575,1
5.539811258168594,0.06375173641730303,0,1043,0,5,0,1,0.8668052329511315,0.07851034228720566,0.9501298653827988,0.40243094860600037,0
0.21156011423293486,0.21000483882559895,0,17,0,4,1,4,0.5787407288239688,0.4840592474319225,0.2799082327310134,0.7659330872795675,0
3.163614573367152,0.15441942802223374,0,1221,0,9,1,2,0.8343678382242898,0.4093436372707394,0.36707366872236535,0.2555334931623906,1
1.7700141112134105,0.12390034578331022,0,422,1,5,1,2,0.9637448770587791,0.9209953734458056,0.23105989682789685,0.41707847004027665,1
6.558728609828406,0.9262833210715731,0,732,0,8,1,7,0.7321614942746106,0.6979961947086631,0.9674251702867092,0.7382846580593749,1
2.7503104063025283,0.013847645973967926,0,370,0,7,0,7,0.03101048776165105,0.896812555123706,0.15385662754907858,0.6962591753947551,0
0.6494677920994363,0.6018577392363217,0,637,1,10,1,0,0.7115294658018593,0.9283045350424577,0.564563353468732,0.9389936344634731,1
0.5493498919766926,0.9474737957401368,1,1146,0,7,1,4,0.5634706743560218,0.01906552901537284,0.022954077553222874,0.797822038075602,1
5.817272979587149,0.3600531274941279,0,297,0,10,0,5,0.10353959370409849,0.8798611429478062,0.6016727538723299,0.3241836797940969,0
0.21723455704089623,0.5270980891724625,0,854,1,7,0,6,0.27042706296609387,0.9584759588330386,0.3924528249154441,0.8632938728320251,0
8.487921131360887,0.6957836634751596,0,85,1,1,0,1,0.16884095823517853,0.452642966912041,0.5656505817378815,0.9210693048837603,0
1.5539711925727562,0.31716969465823885,0,266,0,2,0,6,0.9248413883756463,0.6359876268120885,0.08025374371946925,0.954096662591755,0
6.0656633519542975,0.47765198770724915,0,1026,0,8,0,5,0.7952833258072542,0.3459773237791256,0.09106985911142929,0.9004597767086433,0
4.446880280107457,0.817102850332752,0,852,1,1,1,7,0.7008539005725697,0.09865757599235869,0.09224228657896794,0.69536768075248,1
4.4285152123190255,0.7453556652802635,0,917,1,2,1,5,0.7633206392465126,0.26260478885128147,0.8351853172343733,0.7958150221459098,1
0.7179714236004586,0.8084494114928407,0,338,0,8,0,6,0.601246060872092,0.08054415209625843,0.7241770126780841,0.6478527321759048,0
8.027522502122157,0.987340163627656,0,309,0,4,1,0,0.8552665877694912,0.48679082686688346,0.12837441144099482,0.3197145440067751,0
8.930524847532526,0.370327474936179,0,638,1,3,1,1,0.22860814847504807,0.6535869713021623,0.31604637904233135,0.8160956848966426,1
0.11016667384228462,0.7470912629357731,1,193,1,2,0,4,0.25050456832011425,0.005226134510281311,0.43643230860170235,0.22756824954942156,0
1.7860417569711773,0.6027845671019829,1,1332,0,4,1,2,0.5917496554833497,0.22886360041547216,0.09863566529588297,0.4313035538273148,1
9.039041887954788,0.6666047672211963,1,401,0,9,1,1,0.8101353991030706,0.07376852407718315,0.8399738383255898,0.3435012244143485,1
5.494936128000582,0.7398739048329345,0,1078,0,5,0,5,0.8357884556087218,0.9657426366740192,0.36293633342233045,0.17214847917977916,0
1.5003957824821013,0.7497313169463148,1,235,0,10,1,7,0.9762531306044371,0.8031112576101208,0.6704906296993722,0.7989091169831182,1
2.0279045260915884,0.8857451492948196,0,976,0,8,0,4,0.7622848745900411,0.03098901645063401,0.6419756093150326,0.47192655946210305,1
6.599862442371141,0.3493216752360554,0,305,0,3,0,4,0.23274295129571776,0.81398786206233,0.9143013259174326,0.5269874160339403,0
7.24816822246873,0.6534813561119106,0,422,0,2,0,4,0.23065055011683222,0.8272623274842418,0.7419349842217026,0.5020401765592407,0
5.994268085799352,0.28029043159685585,1,618,0,10,1,3,0.4455887449542437,0.805239759085295,0.034429417603961676,0.6893682958295169,1
9.531483799125258,0.5945687051169751,0,186,1,10,1,5,0.6501507706156556,0.8784192765520878,0.15506939354112648,0.17589626687390425,1
4.940636036617771,0.7511751401719279,0,186,1,2,0,6,0.5129920173382346,0.46842596677368376,0.44488159078927003,0.500807398391581,0
3.002719121425267,0.7910010861616403,0,1129,1,4,0,0,0.06747296425313198,0.2394134329675005,0.09301987199047157,0.26024946090971646,0
4.772329099757965,0.42012450298912274,0,518,1,8,0,2,0.4819008144046957,0.8704479856682027,0.39183006818949695,0.9716569652206626,0
3.5966629366661094,0.5087202232013598,0,851,1,10,1,1,0.8170986826756466,0.8346468429927286,0.9774161237588991,0.0601767207184668,0
2.244158926746863,0.33384985117017285,0,969,0,10,0,6,0.2403148124697746,0.27470936777429766,0.20546806049691435,0.928401232520901,0
0.45963249340140067,0.1690363465396305,0,934,0,3,0,5,0.6350326230174165,0.580719276194372,0.7047306058944351,0.05991555233535528,0
3.5221249356512416,0.2605174051925322,0,941,1,9,0,5,0.26971952085993545,0.5569385425335215,0.2599389041670762,0.10926660914101216,0
7.114093477097423,0.9121370048998244,0,1462,0,8,0,5,0.5556690147738046,0.48752846478137357,0.03416166638799467,0.9062644807390022,0
0.1843780287519381,0.30896954240931596,0,946,0,5,1,4,0.7009788921361855,0.6086124457240322,0.09840789568616803,0.6478521448206579,1
4.391785132059347,0.9747593335456102,0,522,1,4,1,6,0.20722225196805655,0.08396967077607265,0.10389491100884307,0.3244151352472858,1
6.440094014498684,0.24147808521538172,0,426,0,9,0,1,0.7395471304108424,0.45464380017600037,0.29901412840986763,0.588363985319903,0
6.104041091743072,0.7230710874810448,0,1201,1,9,1,5,0.6765184892794367,0.2798719191350726,0.9605504459913773,0.1661526324428213,1
7.766484358887159,0.5739032935718357,0,632,0,10,1,6,0.3127599597010713,0.002372662020499683,0.6206608773300849,0.0648671505720978,1
8.105197156597976,0.6968700495247986,0,838,0,5,0,1,0.8949746940805734,0.5191748133615887,0.12299683641422088,0.04922861747070473,0
7.117058209193878,0.643957946609181,1,1222,1,3,0,5,0.7805141492063066,0.36470376132664784,0.07025621305652219,0.2700228237832998,1
1.0279769614474943,0.7067485835975892,0,352,1,9,1,0,0.5211327832358867,0.43123793087015816,0.9707747183525302,0.17939961659453652,0
4.750224440043606,0.905547048435459,1,333,0,4,0,1,0.08268459241635973,0.11135063218784946,0.17136191931791178,0.40331962750046124,1
6.034059574876086,0.5634694960624814,1,79,0,8,1,3,0.4406215183689992,0.5056205321870034,0.2704587310773625,0.8766670831290456,1
2.455660388094516,0.06784878290399521,0,108,0,6,0,7,0.32985052701173667,0.27012590073750353,0.8416854628078343,0.37855489132871,0
0.42551817646776513,0.27082543444689955,0,924,0,6,1,2,0.2624454099984308,0.0005820741894840831,0.5548940954632772,0.3985642564409234,0
2.235903208760469,0.7082189804087639,0,755,0,3,0,3,0.6435735613091605,0.7800110002169149,0.22667317880505444,0.12077300047229289,0
4.548944017326388,0.49407462797567336,0,446,0,3,0,6,0.9217301550984739,0.6278386522963868,0.6644578098312003,0.9887029555040562,0
4.139303190546009,0.5485519826196869,0,317,0,7,0,6,0.14655426116946668,0.5279160028729812,0.37152886869642365,0.14524598307191827,0
1.7666698132716163,0.5965804553802915,0,1043,0,3,0,5,0.741637243915247,0.6220569650570325,0.5815698784124443,0.338308112755364,0
8.244155426834928,0.38262927298456995,0,128,0,7,1,0,0.6217148801976436,0.3236665751822899,0.09677315265940734,0.9457419794941248,0
9.256866687367246,0.7738955250878552,0,1051,0,10,1,6,0.6670322578666731,0.1230367032657641,0.8801996123884953,0.4549250928522406,1
2.013483190527152,0.7235348838965485,0,1357,0,1,0,2,0.845185565378266,0.3569270193879608,0.5954763439632719,0.33810161284338813,0
9.295729155672216,0.7142994121931139,0,683,0,10,1,4,0.3754538606753237,0.7888785237321402,0.00433502659628715,0.715162054028895,1
0.17860959175180824,0.7153101740349447,0,742,1,2,0,5,0.5795543556076959,0.6082660312234595,0.5590763222220761,0.033027858908278085,0
9.249624727069454,0.8903580016542478,0,804,1,2,0,2,0.2768236082277892,0.7912427487876098,0.3620723134558408,0.3211970158359224,1
9.51928790080908,0.5953927794432744,1,142,1,9,1,5,0.28421162260412125,0.9022815114224262,0.9055244803509913,0.5802319670075159,0
0.12051863015925202,0.9670721994969583,0,939,0,3,0,4,0.5132824630769054,0.2496573759454469,0.13854977922440503,0.991009047374395,0
7.6301929677674805,0.1191926843906379,0,547,1,7,1,1,0.007300149849204796,0.9144279527033795,0.33371380650446913,0.967545736451127,0
9.702015725698434,0.6319589765938644,1,702,0,2,0,1,0.24811529247660413,0.6625990313701581,0.7645423248788688,0.626187344239829,1
9.059022188177783,0.7169265459357955,0,34,0,1,0,6,0.15162877630236482,0.5607781953914662,0.22523356479335832,0.34011268628176816,0
9.70710161196213,0.4772204109543595,0,1316,1,3,1,0,0.11986792786356593,0.5032095200317853,0.3131548662931135,0.5500530047776457,1
5.5032350569763935,0.28820838645693647,0,500,0,6,1,3,0.3846286824495704,0.46872020916613466,0.7712418212855146,0.9338692769190213,0
0.7815613988538828,0.550037452711099,0,113,1,3,0,3,0.10436180916421589,0.07389793102123365,0.7123312030522478,0.6671727215608355,0
8.497891978050362,0.3647476802907027,0,1173,1,3,1,3,0.15428928154006438,0.05464042889897813,0.35968251861360456,0.1492048077446655,1
6.138282558090116,0.9091240710678165,0,1469,0,9,1,3,0.6687156627149774,0.33097526748328954,0.467414343149432,0.9715440090738281,1
6.14736744188289,0.3567924125332549,0,779,0,2,1,7,0.6513421237614814,0.20355510805847965,0.5523513934993056,0.9022057315155805,0
4.172536098586862,0.17570699270212908,0,50,1,1,0,0,0.9450182299847637,0.08661154430827567,0.8879580413516146,0.2167777254598714,0
5.718419765211092,0.5763891401654528,0,1487,0,2,0,7,0.9202732385733737,0.02443726797750978,0.6615060062572119,0.6568455931036363,1
1.5357977908611453,0.39599259138036935,0,312,0,9,1,5,0.8739403475557881,0.9783879003680268,0.5924988412175327,0.8782262661963768,0
7.397700265661503,0.09589814480084102,0,360,0,5,1,7,0.6909543613911864,0.21209397467717894,0.8109380682858872,0.22052005725233237,0
0.7501730735154233,0.5648423509979084,0,1062,1,10,0,5,0.26658936189550975,0.9846898874334034,0.30432725904556146,0.9236420724160217,0
7.29780767043792,0.5378464111657014,0,497,0,9,0,7,0.1781577409099543,0.5445016766020349,0.4439742674498559,0.1800497459541156,0
8.48978422624854,0.1731970866331951,0,127,1,3,0,0,0.9494178212968695,0.1918325109558231,0.6866540432046703,0.3571696962924683,0
4.724686775644882,0.5976381689598429,0,1024,0,8,0,5,0.9596289899897004,0.14530111090423004,0.40387699153349765,0.9431239351577394,0
5.098303660570494,0.567358973857489,0,393,0,5,0,5,0.5044345317099196,0.2008045638909024,0.4790797279061645,0.946666321547224,0
3.1221427292207826,0.773612623041591,0,1292,0,6,1,7,0.5484136781485891,0.36377789898117197,0.16038379681212278,0.023284076885923044,1
9.694585837255875,0.36156992984263436,0,230,1,6,1,0,0.005372879790123686,0.20499152423916456,0.6100223108846676,0.8663934756523245,0
7.331244745595454,0.2487595236636393,1,1359,0,8,1,4,0.14858559632353818,0.8280214722966821,0.6402347648963527,0.6937232506127339,1
3.6898855330034497,0.9512198869707755,0,1085,0,3,1,4,0.5459942985038032,0.367032053861744,0.8561856636215572,0.8717206031294785,0
1.7480738623300507,0.5612175227827881,0,359,0,1,0,0,0.18179311554388344,0.5269452217939717,0.08541075699609513,0.4619153554416704,0
2.1957959220209133,0.027139958884180304,0,868,1,8,1,4,0.47872934188874816,0.5012308780359258,0.8995794954221419,0.9815075582245082,1
4.6392228611005,0.8207116841117432,0,1407,0,10,1,3,0.7949158034236461,0.6595371834441222,0.08592898690957684,0.7482317538854679,0
9.42568400314338,0.19675806091894077,0,96,0,6,1,3,0.8007779616779764,0.9974014603375934,0.7452981963730017,0.7593591099361389,1
7.341463457609181,0.7860363176458435,0,1229,0,2,0,5,0.8616583120952008,0.4435629080256279,0.5890164312977975,0.42693873560894446,0
2.152437481791498,0.7051624271559648,1,690,0,2,1,5,0.2357120744815414,0.3226501047821422,0.4060633910720962,0.39232168646144694,0
8.59561133418898,0.9688137242631573,0,1423,1,6,0,5,0.43189727887590834,0.9740764926124894,0.9234772558489154,0.20555781518418637,1
3.7820052300968108,0.9655793015945262,0,312,0,9,0,3,0.6268454192352685,0.9976226527912352,0.4565690788394764,0.05824315047613848,0
8.517221827525187,0.27441062465575994,0,1079,1,7,0,7,0.5810860720353226,0.7809327392647797,0.024747352628982755,0.9014630217848378,1
2.4169959798113094,0.7664495812234184,0,1451,1,4,0,1,0.9990731809890628,0.7976698936191455,0.5205885477318221,0.5906929300868348,0
6.1866061193631765,0.31685508577992394,0,515,0,7,1,2,0.27628141620812763,0.40732416143690375,0.5324583146673953,0.5581156051262741,1
9.266704880812819,0.6291979388295943,0,161,1,2,0,3,0.07133945040814027,0.5389022781335266,0.7443745399320397,0.338026698377468,0
2.5789400914779415,0.5977460849545931,0,588,0,5,0,2,0.3878620112823603,0.3518109972622403,0.358248738357986,0.7396995405022811,0
6.929265905858549,0.05454351562116466,0,897,0,10,1,2,0.5180135774814324,0.6188522039580511,0.07393596428017568,0.4068811397394194,0
9.873126199571438,0.005181749835357574,1,945,0,7,1,7,0.3872392180356985,0.8257395851938294,0.349467043769362,0.8093218478483889,1
1.505982872430035,0.05776401459480951,0,722,1,2,0,1,0.3193641658044569,0.3740660095809094,0.6026112653533513,0.07982385193875707,0
0.884022907006744,0.1279420475317411,1,1398,0,3,0,4,0.25725941565650334,0.5351933115282779,0.5447527308769479,0.24743154431435355,1
6.741951924448162,0.2576524913477737,0,867,1,1,0,3,0.4274843605502877,0.7749699491064628,0.8469929533417427,0.2834095533643822,0
3.397359477490304,0.9069552232425624,1,961,0,5,1,0,0.689202109396301,0.20886278090411936,0.2702024030311736,0.023330192109359604,1
0.7124447736659112,0.5186326753466863,0,1434,0,3,1,1,0.14886567032053954,0.6103671407498247,0.5692632839277696,0.6634414237224059,0
4.753056178836042,0.7968917388407887,0,1408,1,10,0,2,0.8655339228772806,0.7757579640630952,0.9755886991667034,0.701619376500179,0
7.537706796439557,0.8383117521072081,0,511,0,4,1,3,0.6411222386683301,0.052147855189870196,0.3136633321851776,0.41339201783714374,0
2.851224004151888,0.7349430985905412,0,429,0,1,1,3,0.10737050322421748,0.2537110980346592,0.4361001072126608,0.7954532293546085,1
3.3504687750513473,0.39138512442057194,0,1123,1,5,1,4,0.023519589270460495,0.025257612083115277,0.9942242754297259,0.953730336686887,0
8.45699400646972,0.8638593938409828,0,787,0,8,0,3,0.051357077341508184,0.006412899439814712,0.14440784545901253,0.7367020897503547,0
5.200719122614881,0.7420497533209206,0,671,1,7,1,6,0.09036840040744876,0.4776171505528244,0.5735887107538941,0.6732734081287782,0
8.42731968806472,0.7431514434050525,0,1047,1,10,0,2,0.6435390776614515,0.7006744962495306,0.3703490871989509,0.4496210130307261,1
4.463894921437095,0.9015743271655693,0,991,0,4,0,6,0.9408565097912441,0.38303939483499594,0.04614238857508557,0.5534814547871987,0
9.529751615601034,0.5986634724576837,0,1370,0,6,0,7,0.13330344413132755,0.6210875184206042,0.7607828337482748,0.2881115568827274,0
6.507945897177367,0.5285744299621766,1,548,1,6,0,5,0.28433235011053315,0.19148666781404955,0.19883179018357255,0.24411095877311706,1
1.1589886531924942,0.8901625575970753,0,1131,1,1,0,0,0.8658507610402254,0.836424624669262,0.892055764498722,0.02621068098908641,0
8.850929882268007,0.45446172816419683,0,340,0,1,0,7,0.505673419432519,0.3625906664602042,0.4178487090823483,0.48086670279607047,0
4.892651908307978,0.8115706960288429,0,1405,0,8,0,6,0.42713268584350295,0.7072074849738301,0.14462533033799607,0.22507845916033054,0
1.4163896797290498,0.05384636044480773,1,125,0,4,0,4,0.4732311277366086,0.12994208435307664,0.24601468703209106,0.46736349105477937,0
1.5269013384142072,0.001289944456322134,0,1125,0,7,1,2,0.1011204186829372,0.8181080599795048,0.832872138703159,0.8123565829221879,0
6.875339351098718,0.5282924896043568,0,152,0,10,1,5,0.21958960432884966,0.5180600885473355,0.3738794625818418,0.36713289481383193,0
0.47372506729489783,0.07361189381638022,1,1320,0,3,0,4,0.9620167198116965,0.9702680968726922,0.25626711078207753,0.3218969214971924,0
2.8659376491381328,0.9765430134530636,0,1439,0,8,0,6,0.6434248103411782,0.4053708549780941,0.248946218370954,0.44683333999729913,1
1.397875904698681,0.005501174039798773,1,1226,0,3,0,5,0.2862852303968495,0.8729995687845057,0.5831899782899299,0.4954936663532339,0
4.410774296172843,0.7181496364986464,0,1182,1,8,1,6,0.9469776549163217,0.412099477217053,0.2568243653440683,0.27266878530260497,0
4.1435377199436125,0.24338469578622068,0,717,0,2,1,7,0.39749526724885786,0.10789233094940687,0.9353329991158189,0.5999204477888256,0
5.218764346888559,0.9675520052720562,0,367,0,4,0,6,0.14086396346811736,0.6876344035154794,0.04936754985392566,0.028995242491716144,1
2.796363291025302,0.38154165062789613,1,1478,0,5,1,2,0.9653164558514888,0.18296603541336431,0.1558549159059146,0.48612280706533584,1
0.32043589378177195,0.02728342626386515,1,793,0,5,1,7,0.6659315629353488,0.7998522855017842,0.42895683040749166,0.6490227032198812,0
6.1438610653518575,0.02693576540878273,0,1224,1,1,1,6,0.7528154707683014,0.3348642328889745,0.20827627127758563,0.46626465622664026,1
3.7371800288235137,0.5533733717246886,0,1071,0,9,1,3,0.02251182972768717,0.756424593963404,0.778621807045249,0.9782625676314319,0
6.513349987400464,0.9867119790312812,0,1051,0,1,0,0,0.2831454347861464,0.4814402955211644,0.9165424589323657,0.1550348866771426,1
1.0866697080426846,0.9797735350457194,0,528,1,9,1,7,0.9454276729059664,0.5370050075735074,0.6001852967127581,0.4530525220090357,0
0.1377735529405033,0.3372729722892658,0,640,0,3,1,4,0.15552550489836148,0.7346317009507479,0.8540192883882847,0.29179612202709504,0
2.4829424788529275,0.48270364918889697,0,659,0,8,1,3,0.8734776998916844,0.6650557707668099,0.8005863431799193,0.9032237085152861,0
4.5654732299405225,0.1004558057978161,0,903,1,8,1,4,0.7704679556151881,0.6642152377501431,0.15862686723157338,0.17960571329734132,1
3.940719741684673,0.5221768559917317,0,1077,1,5,1,0,0.3785175202562212,0.6589451315253945,0.07814855372403595,0.5214259951376945,1
8.103025552734664,0.5997015990482731,1,298,0,6,1,6,0.8867230329336425,0.5852699797869659,0.6290327465305431,0.4243201886877198,1
3.7783764419282395,0.25106166561132104,0,341,1,1,0,1,0.9227069185564959,0.8071777454184159,0.9825238677132613,0.9172258885931904,0
5.304411796030789,0.6121144359151738,0,72,0,10,0,2,0.8668668061899333,0.30002008901810717,0.831907664628826,0.5576037635387258,0
5.935155924421922,0.8996927516962538,0,789,0,2,1,4,0.40748009714355704,0.18156396906182581,0.616299874082272,0.46565868874534666,0
0.21831391645811604,0.0009553334234805311,0,1003,0,7,1,5,0.5871350527991224,0.7351600519853418,0.11094333852212401,0.5865749068733265,0
5.15133376846189,0.22893377430794448,0,315,1,1,0,0,0.30612900038304514,0.5398287224390327,0.7797125233192194,0.7114183049384438,0
3.4483125939883785,0.20991956332393813,0,1067,0,8,0,4,0.1299531756479897,0.9006116265366066,0.682969306430223,0.03198580798184303,0
4.212801276832546,0.12388620303382702,0,4,1,4,1,1,0.9021119123991012,0.9650854016435666,0.9338806756803277,0.24676329696364097,0
1.0028739849525026,0.16610121273710188,0,1299,1,5,0,7,0.9811564386524861,0.8671340059631178,0.7094070116372991,0.23572532853883188,0
7.828205656486452,0.6259125453653877,1,1035,1,1,0,2,0.058586088561150884,0.5475589459662396,0.1035285976689726,0.41557965006471154,1
9.424042508085225,0.10269439015064263,0,1024,1,3,1,3,0.6877375338467407,0.7541249953912625,0.6091956281802683,0.5763701411697063,0
0.22268820629600006,0.7385316090207217,0,1060,0,5,0,4,0.9492486540723544,0.33433309693821267,0.40376202125667127,0.9158894119331044,0
6.013727628113479,0.8870225905583834,0,537,0,8,0,1,0.6079177153891758,0.014761448592334747,0.4213823987243075,0.5657700962562597,0
7.638440672883581,0.926587724178369,0,1493,0,6,1,1,0.047095686300618445,0.780469804098397,0.6329534201967667,0.18145486462487403,0
2.8480758864988944,0.6601758143197008,0,1119,0,3,1,7,0.014913822687912415,0.7814979061216928,0.8996688994162243,0.5258564690684306,0
7.8755558486321675,0.19739641063361602,0,271,1,6,0,4,0.5041023997582642,0.008038475519713595,0.759780767128151,0.4285741819331561,0
6.323550507663013,0.08529657553990788,1,1383,1,3,0,1,0.9399450082104861,0.8635972047451658,0.02230327507021934,0.64573510409843,1
9.2916263227107,0.2320249538069996,0,1109,0,6,0,5,0.2788655970253009,0.8814385644314037,0.14699895023466092,0.6368264052405089,0
9.810048113537729,0.9619571857850425,0,466,0,6,1,7,0.35032623951457476,0.32064543245578847,0.36318791028520536,0.6601444809173355,0
0.42346113998704804,0.9623452017507121,0,1421,1,3,0,6,0.7959940946863041,0.017246243703879505,0.6846897025071367,0.9972916880825536,1
4.449377610270062,0.38191888391834206,0,372,0,3,0,3,0.8016617030169488,0.8760204418677783,0.6341946846073793,0.027605359686417752,0
5.469877875782182,0.3257915410975506,0,966,0,6,1,5,0.9436390281376548,0.07051805946083389,0.5036871900708162,0.7622386591925584,0
1.4674323320765248,0.5100105822590654,0,1005,0,6,1,7,0.838671888322759,0.23220440294523403,0.4301330361782908,0.854845373895063,0
3.362858304273617,0.2916880914674007,0,1444,0,10,0,2,0.5939210600419571,0.5425744359809697,0.7895639051287395,0.24514037346020656,0
9.876474477564617,0.9796624516555633,0,855,1,5,0,6,0.9387546002316552,0.8165345584522404,0.0956969839595182,0.7573932696165753,1
0.16230456342471444,0.2212213900245774,0,1491,0,5,1,7,0.6144180746409693,0.7818175109811115,0.5950390920978107,0.10498281784880992,0
4.525079315243841,0.3691426821827686,0,426,0,5,0,2,0.6015791671884556,0.6811763664405275,0.8084930644308945,0.5425328236760517,0
8.426546217181961,0.4293708757001783,0,1202,0,9,1,7,0.015502540725377933,0.8286751788665075,0.2724064487939962,0.3223951233729887,0
3.239012627192884,0.12506402308116216,1,368,0,4,0,0,0.4554572109936815,0.6854314022053042,0.20225135167668973,0.22799994155516856,0
4.797985027551533,0.38282482677012986,0,1498,0,4,0,2,0.04295117775196666,0.6376889047991907,0.6734596924203962,0.6471683743997061,0
9.7804574578798,0.8567307201019734,0,1145,0,4,0,2,0.8987695645180177,0.16769803069801392,0.1756307909430016,0.4026241591881432,1
4.748768364757039,0.14036100145675845,1,938,1,7,0,0,0.010470612891250397,0.4399216881008894,0.48822227226084747,0.16606056022214877,0
1.3092131214649905,0.5840219508261872,0,99,1,7,1,4,0.3070019022311411,0.451382283206592,0.9228271210341674,0.6065961619707995,0
0.5172149166639106,0.4066371380600168,0,745,0,5,1,4,0.9950666241850902,0.0184983730859134,0.060687325914373424,0.5068112813171098,1
9.454165724399484,0.17053672611745474,0,216,0,3,1,3,0.795065031045706,0.40551902945836993,0.9091499750076139,0.042241548820153185,0
2.658094132750657,0.012336164449205822,0,1376,1,7,1,6,0.7576690514427274,0.22708883145619074,0.19036381070860842,0.8207590113798555,1
5.040639065645509,0.2733433034899002,0,568,0,3,0,1,0.7128807265233112,0.08966776034617185,0.4823471687964547,0.9867497457079344,0
0.907017660899686,0.06182896069800192,0,1246,0,9,1,6,0.051240521868622046,0.5463209430745287,0.13222951931226545,0.3422590898015929,0
4.236551205506051,0.3767684712967352,0,1359,0,7,1,5,0.28819965824367166,0.23701173458524305,0.7098687868646526,0.9872977513113715,1
9.301055192501241,0.8102098556993457,0,165,0,5,0,7,0.7984534046530603,0.19037827160392895,0.9977736509043821,0.9958210691225423,1
5.024129936309384,0.7196852608776124,0,1138,1,3,1,0,0.8955519443557134,0.7867951022787774,0.30209914139581917,0.46436955517081424,1
9.711351518023278,0.9473837117017669,1,454,0,8,1,7,0.3500559587159522,0.8100932191938064,0.9246944164173854,0.9206750053048087,1
2.5883563723739966,0.42701541733706916,0,163,1,7,0,0,0.25941623929411406,0.6608569191125062,0.7299644609885739,0.7822844174755097,0
5.045452397039371,0.7078013985918528,0,390,1,9,0,5,0.23589533465987567,0.18966879206492637,0.9654231886098982,0.8344856691844599,0
8.595307918093253,0.6653417221020202,0,824,1,8,0,6,0.5480638870993205,0.6326934833286212,0.6717953607636945,0.12250774866601322,0
4.482523545537438,0.21704630315825957,0,1282,1,8,1,1,0.29148683973238276,0.7133224195657257,0.68200567150741,0.7803208546939073,0
2.794873735701896,0.3035825052326585,0,1037,1,1,1,0,0.02133679220599649,0.23330987686418636,0.9437436931396506,0.2365399394177442,0
8.554753634178816,0.5298295333977603,0,349,0,1,1,0,0.39074988632881247,0.13294351004818483,0.727414549999095,0.747479914588918,1
3.89889468872609,0.7966573190059218,0,443,1,7,1,1,0.5537334995052945,0.43352739616749203,0.8474521299810405,0.23589805045410484,0
5.307232910602341,0.4618127344629326,1,456,0,1,0,1,0.6342430608903997,0.4243069104399271,0.2845725693471455,0.7839222993029901,0
9.765270664151457,0.22774153617552728,0,1104,1,9,1,7,0.3429547129299222,0.15330301547199077,0.16888156152482892,0.8937596066467397,0
1.864832947558639,0.9934656902803698,1,778,0,9,0,1,0.31389204441476715,0.19171494082393714,0.6400554817713973,0.5017412669030289,1
3.0140063672018567,0.11557880635366846,0,35,0,6,1,6,0.28387675062004103,0.49961720513917895,0.252607508479619,0.43323065864298327,0
0.3106960006983994,0.9558889074913278,0,114,0,8,0,0,0.6233253821471302,0.5274226886896721,0.4298393766282862,0.14569279016285153,0
3.9183770991005273,0.8090462884304888,1,113,0,5,0,5,0.2836253476467633,0.5378586083821613,0.8555807008757164,0.23598359859387852,0
2.0018343058485955,0.8388935193078518,1,1441,0,10,0,3,0.9168528163843892,0.9820335779112828,0.6310801701584013,0.992215412160422,1
6.800349354078914,0.7949175830914994,0,757,0,1,0,4,0.2816873804065153,0.039607987576849135,0.9438775500276476,0.7308062527342599,1
1.8132145876585237,0.208170941304622,0,736,0,3,0,6,0.7909359795514539,0.7862904811485512,0.35471341170713255,0.7690923233763401,0
6.748127524058697,0.6325823773952418,1,1141,0,7,0,1,0.319731045770296,0.3518080041144529,0.2806219850276821,0.8140079492617245,1
2.634754281893177,0.7567498124509318,0,285,0,8,1,0,0.63474063888877,0.7529074096489697,0.21371383087577356,0.5836407542140247,0
3.552178341211998,0.7456857921016514,0,47,0,3,1,1,0.699015725538267,0.7354401240302025,0.9763687780768887,0.4411142773283684,0
3.488606520463975,0.2715653705440776,0,406,0,9,0,6,0.17437334985934694,0.6198453587239161,0.4296378654563695,0.34808764817388516,0
7.167517501636094,0.18111938776368142,0,312,0,5,0,4,0.3799660421161717,0.6311541759104187,0.9200785830480738,0.027264600082466006,0
4.66509263138343,0.3281229839145492,0,1197,0,9,0,7,0.12758200780677997,0.6635965572123168,0.34490976320250066,0.8097203769318801,1
3.6129889885268307,0.4798444803773918,0,1227,0,3,1,6,0.5106556428662941,0.7476018256938838,0.287727010051976,0.8648831518907751,0
8.526227190394499,0.5737807470636765,0,951,1,7,1,1,0.9094206183899607,0.13162001978524607,0.7708347581657204,0.3429452804326112,1
5.719506256412027,0.8369503623191604,0,1364,0,3,1,0,0.5962358357643283,0.36083884862616167,0.6180632871260189,0.5150208924722047,0
2.138308212779978,0.769034227704616,0,696,0,2,0,0,0.7016601285404885,0.8420086318828437,0.5246629392674073,0.5780223539207451,0
9.000912781436826,0.6761505256665161,0,360,0,8,0,1,0.2830538367219707,0.547884168728211,0.44022034870506777,0.6574641081936701,0
3.426502960336406,0.2634892929427606,0,497,1,7,1,3,0.46822555687155964,0.1369357151617061,0.46643421838800225,0.649886408940319,0
0.3897937753732039,0.47888049893494333,0,212,0,3,1,0,0.7407787703679627,0.9616487202869735,0.8344491014595024,0.19672177283476122,0
4.946002239744529,0.33543587412796105,0,1351,0,7,0,6,0.13130148396140207,0.9878364789003901,0.1531131649513866,0.6866683057813602,0
1.239380544408778,0.23492817955053413,1,906,0,10,1,3,0.12170839705967351,0.5126772122961627,0.05104173752471275,0.7525359744187902,0
2.3846644371574257,0.010245360383479452,0,1158,0,4,0,5,0.22443460397408155,0.5331940700240889,0.005948996885959845,0.017266720535833557,0
7.47110872687411,0.3394619705706906,0,422,0,6,0,6,0.2367995647586637,0.29202400867158107,0.49500285133244015,0.617883915638454,0
1.3075181337631858,0.2561162677146215,0,1077,1,3,0,0,0.9623979339150525,0.5161618265372234,0.8180039254439261,0.4167176988251986,0
8.069442243540356,0.5719023269668166,0,495,1,6,1,3,0.1586084300587799,0.9687847989759947,0.6709700331943393,0.8851287919529023,1
9.369072881309537,0.0623017702837122,0,669,0,9,1,5,0.1051548054753827,0.25456880438756335,0.9904489735185049,0.943732334471653,0
6.065321004079447,0.2705195967102011,0,977,0,7,0,7,0.1376825116362862,0.30461686368275487,0.6099654310087925,0.5837478328895893,0
7.1035919202282924,0.044769489988415345,0,1471,0,2,0,6,0.20291104383999237,0.8975010321743405,0.5090926388922593,0.399609566051203,0
7.135866099074174,0.641417904513436,0,837,1,8,0,1,0.3687196116617114,0.38439528679306756,0.5816230575051795,0.9380690454383125,1
9.92807957270445,0.5681895585686249,0,1065,1,5,0,2,0.19715340541225657,0.9725273021360298,0.8821729325885975,0.26979953001053036,0
3.415382622016229,0.3374800230744732,0,892,0,1,1,6,0.08780017856236155,0.34958859583204815,0.014638697547210922,0.49255125022223134,0
1.6285655124270249,0.1473346004355438,0,635,0,7,0,5,0.13661824726527239,0.004632324143159172,0.46650006302179803,0.35312310414383774,0
5.191672349143214,0.9579198327687352,0,1398,0,3,1,1,0.7896680236483534,0.9537258041827765,0.411170045896493,0.15363017471193963,0
5.332498098317082,0.5843924473886134,0,1440,1,10,1,3,0.5200755468873728,0.2369883633274691,0.953317651160514,0.8942975768352115,1
1.7791248829614448,0.6791133665720679,0,465,0,10,0,7,0.745881096617865,0.6941204820960021,0.18725933284485252,0.25048639292224373,0
6.131094189941395,0.5313487532694519,0,1343,0,7,1,1,0.1766994126569068,0.0473835377515317,0.02554647610731131,0.795341009412114,1
0.1412473347682397,0.806533247646205,0,676,0,7,1,2,0.3051726831269679,0.7482529146300141,0.631681616657769,0.7531904527637586,0
9.276684024542215,0.8963800495481213,0,1109,0,4,0,7,0.9823054493384537,0.2200690007080751,0.6250189378046809,0.6668376251226792,0
2.6457427782126164,0.3827105435976298,0,775,1,1,0,5,0.08566817968915053,0.8002513110572079,0.3193382727999836,0.10898759708112626,0
0.3956020839019181,0.6900253122306106,0,1150,0,1,1,1,0.4386703838244995,0.9665999928790953,0.5397502005970031,0.40064236904857387,0
1.0824944147485704,0.22988748454639696,0,1307,0,5,1,2,0.29577061871041865,0.04522642634709695,0.5966751781742086,0.9268634916068197,0
2.402489482796417,0.6518550471620385,0,635,1,4,1,6,0.007334470958646033,0.3679920729915831,0.353039277792325,0.36591726500695043,0
2.7390616860604524,0.39915562997655263,0,1051,0,10,0,2,0.5524518707637831,0.7157785137506331,0.420511767595951,0.020319454848868435,1
0.3280999949772867,0.006781599401304961,0,761,1,3,1,5,0.5500053017795612,0.9964352563122588,0.14179747546707266,0.7255644279826797,0
2.7935481219372917,0.9555278684226207,0,1198,1,3,1,3,0.32046063037951167,0.3630447180200712,0.7710249998050568,0.6875947580198352,0
1.9294173649348212,0.8684415455387189,1,287,0,9,0,1,0.47225855923554116,0.9949797973980337,0.38918151807533985,0.580149360874484,0
3.786209274345186,0.2908365503460284,1,1093,0,9,0,2,0.3919475357780793,0.8991850386299889,0.6455003921123574,0.36286558151422343,0
3.851677373559692,0.9977573142328605,0,893,0,4,0,5,0.46420570355017443,0.7193118345588163,0.4266298251584911,0.3228089874702432,0
3.390077406028791,0.3171276745565341,0,677,1,1,1,6,0.8480485661807511,0.38189682410112136,0.16225569882573498,0.22953967901383188,0
3.27923883530704,0.45884418645907477,0,554,1,1,0,0,0.7139733072056053,0.5369150488997005,0.7006397122720436,0.591747963368589,0
0.8973127774125123,0.8512590261744171,0,1052,0,6,1,7,0.2802446238579698,0.7203467694258562,0.41733663929687426,0.9961438534042093,0
0.2520494712616217,0.30459635132804086,1,521,1,9,0,1,0.23954099544184837,0.68572885463488,0.18535501748486416,0.783425652147205,1
2.021143001564666,0.45054028438750005,0,49,1,4,1,5,0.7252176527449341,0.28840003004849857,0.9334972456329593,0.6548401181349421,0
7.566494274166153,0.6655871671232555,0,1422,1,1,0,2,0.22451479543464115,0.5572175729647275,0.893319488499481,0.5695027149945049,0
9.90809765551122,0.13046755477242822,0,671,0,4,1,2,0.9075858638684684,0.8350247702056537,0.727158246423104,0.7053288897159201,1
9.28526175057329,0.4223503686917177,0,247,0,1,0,7,0.8328164938698006,0.4750755965573338,0.5760616185804103,0.5019155140313487,0
5.042193555377686,0.3094099373616265,1,338,1,5,1,5,0.2525190475610031,0.5662427924843627,0.6251892126753198,0.8474277103913262,1
5.318238557779342,0.676774305864818,0,1244,1,5,1,7,0.80150025293073,0.32753465477432164,0.36020706953064097,0.5818733821563111,0
3.1458156903584253,0.1359693900603718,0,497,1,8,0,0,0.19134751562751728,0.16010265931805134,0.26295005508850944,0.24745351992262687,0
7.739394386376563,0.2327314791009374,0,422,1,1,0,2,0.024861012795855064,0.0659796276060115,0.5920640145056858,0.5633007219292405,0
7.647566879326487,0.7113762037524828,0,730,0,5,0,0,0.961120605556533,0.40605558204712777,0.7400078924455995,0.24540803425938806,0
8.442723575824445,0.1562243697241148,0,42,0,2,0,3,0.7613506643922655,0.6317698290626348,0.4951430944598868,0.5356686612984249,0
8.955045771968845,0.4220192622398897,0,840,0,5,1,3,0.48902341701045027,0.7600141130244603,0.8955475551701307,0.8046017502164976,0
4.343492482252957,0.7128807220926188,0,60,0,10,0,7,0.8432094186501767,0.08405434213214025,0.3884063532663292,0.7275591990840068,0
7.668755681071976,0.7654683844300053,1,1253,0,8,1,1,0.07582133971997962,0.3184877801668391,0.3764721342745865,0.2703548371280423,1
8.063987287958787,0.09488117867166845,0,643,0,9,0,5,0.7396824379760043,0.8079053111421136,0.4255210041456421,0.729293696316896,1
3.084596224977502,0.8519956094194782,0,327,0,1,1,7,0.9563257341391642,0.11225535201362813,0.7041985990596098,0.12378816249816438,0
9.2924224400615,0.7239723011299664,0,681,0,8,0,0,0.8185906860311618,0.993280537719774,0.027456191641867633,0.6453462120893038,1
0.9434150263965546,0.33929458869331375,0,263,1,9,1,3,0.43167571065827315,0.6326886512730069,0.3538094786834879,0.3148711498825224,0
9.942691791632829,0.76380285233024,0,480,0,7,0,3,0.34631092662406215,0.94001759831934,0.7429189344754434,0.6171472451609907,0
7.700907181588694,0.728298865340659,0,196,0,8,1,0,0.8924159132333745,0.730281223246572,0.5547654660124679,0.862359499148552,1
0.9327090532432725,0.6008912265083856,0,1003,0,1,1,3,0.29150705003575994,0.9638777470486919,0.30987873851244996,0.13376460290619563,0
6.562296481050006,0.5584811734058444,0,1464,0,8,0,2,0.9374481816230134,0.6653328158099912,0.6567187608609775,0.696477975013157,0
0.34179410928260157,0.7347034888995855,1,728,0,9,1,2,0.31984949580913,0.2680764848433195,0.9011317197265837,0.6833207335028503,1
7.701869494441828,0.9992599017054545,0,147,0,3,0,1,0.1250148121720992,0.8002717288104025,0.5051264463437671,0.7569248563468642,0
7.992229216590553,0.5785522493158853,0,111,1,5,0,4,0.23588987206434608,0.22606977176259957,0.7392352574389636,0.9692977774030921,1
6.024102530914477,0.808717871762248,0,1248,0,5,0,3,0.5194832853708699,0.5650057759429121,0.19841560767878264,0.48295907375690206,0
8.568603919165705,0.7442737173155829,0,522,0,1,1,5,0.13110603773368246,0.3730410652342099,0.4729948178679796,0.13630813868072633,0
0.978832802148597,0.8558084020338257,0,444,1,2,1,2,0.3799571557972079,0.7991084464548666,0.29129310399645925,0.6959467043052056,1
2.759238420408132,0.9545248613841384,0,152,0,4,0,5,0.9058556494464275,0.7594898212716619,0.9927891449425251,0.5453066157357138,0
4.141775215926705,0.1930832074608152,0,995,0,2,1,4,0.09388764264635441,0.8638943019506549,0.21873347976002333,0.8119011782829817,0
0.4245795282809828,0.1654596363951163,1,94,0,6,0,2,0.614544224635485,0.24694727992590026,0.9474107086925863,0.7929856942857932,1
4.482160875711662,0.5863518284149009,0,1356,0,1,0,6,0.4037646323269304,0.9975563435277827,0.4087207927552988,0.7331206489275197,0
2.65213456112566,0.44929506288650445,0,312,1,1,0,5,0.6474548524099921,0.8053707364942329,0.4983486548087088,0.39704444656182714,0
3.92735012101753,0.5707226929191692,0,103,0,7,0,4,0.48960809003871686,0.38670319161760414,0.5238918400750335,0.4756935033674863,0
4.2510263199230645,0.7980427344855086,0,1050,0,3,1,4,0.8767050371250509,0.12766374356978394,0.24180921216928286,0.9160499507625754,1
8.794117334876852,0.9317144800492464,0,531,0,4,0,6,0.4024982620430191,0.34942553845003,0.23893668682747038,0.43597172982963484,0
2.703409705276391,0.41741582519855813,0,1044,0,4,0,6,0.5084285081477706,0.10618245131015458,0.37603378889543804,0.5866014193479198,0
8.93743128716272,0.7179326455436245,0,59,1,5,0,5,0.13013705359215888,0.6153721836904014,0.745200853198525,0.6835147632749033,0
4.259709648128492,0.19679918784140937,1,1292,0,5,1,0,0.49030659108593955,0.11292239541051763,0.7007716892387874,0.11573597955856274,0
3.27807720693986,0.5345519493545235,0,464,1,2,1,1,0.11473084655374288,0.43051262981040717,0.997605472747649,0.7694146611279795,0
5.02512049335146,0.021804777780519924,0,1134,0,1,0,3,0.5831298720107719,0.6675674536052877,0.08837734429440247,0.014950676113578809,0
4.177432863628397,0.503750567133097,0,1403,0,5,1,4,0.42739375761231724,0.4530706628777814,0.7592963775776151,0.9820743291818652,0
2.5737231305514605,0.5453364591254999,0,803,0,6,0,3,0.7833710034078178,0.8816506325852683,0.19493417093329124,0.5684002607999586,0
5.026793247960669,0.7354453357783313,0,501,1,8,1,6,0.41847697746269286,0.24099255827893418,0.5110203300936462,0.16805832355102368,0
1.5180173307883127,0.6494847902069917,0,468,0,2,0,2,0.6305954190574616,0.5238920068012403,0.19638183655094998,0.7841911829935239,0
3.519299430229661,0.35839673430580155,1,1029,1,1,0,4,0.05899237004080693,0.9131807675440228,0.9361001956741981,0.8445243810493057,0
5.657902193740906,0.005730900713121323,0,8,0,6,0,5,0.710018461695337,0.353199811142617,0.5071936081440116,0.20477008554272158,0
4.134082443898586,0.11548587362294893,0,220,0,10,0,3,0.9574337821619482,0.4727094903862361,0.4695082940932477,0.041255140040775906,0
8.239123610507965,0.9730606535174523,1,970,0,3,0,4,0.44777873178260863,0.9328447279437163,0.30740122612698184,0.5244950760537921,1
2.5672176153516624,0.9223331583153058,0,38,0,1,1,5,0.009849057121969151,0.49931361450174816,0.44895352500733154,0.6405665358016424,0
9.6977157883101,0.32509316308114533,0,434,0,5,0,3,0.6036466558076576,0.8642410596349748,0.11069779288682702,0.1682630030680442,1
7.847220208513513,0.2588529399238877,0,971,0,6,0,7,0.1451772747875063,0.9404603425052032,0.6841894073627871,0.5616061385218909,0
9.675930259974722,0.4364162936900374,0,375,1,7,1,4,0.46796846996839503,0.25610232247963594,0.5706673810110359,0.5263909185132195,1
8.381365548303041,0.6899400296120728,1,1396,0,2,1,6,0.03245565215705648,0.7858407698326939,0.09956337429957529,0.8635988853920027,1
1.4210392585164267,0.35682767265797366,0,1462,0,7,1,5,0.44281163984417216,0.6537549724767979,0.1023769820469117,0.8158306692846335,1
5.264600906350138,0.06729384773115554,0,50,0,4,0,6,0.8744858554695166,0.9867191739484646,0.2929622404206724,0.13195671107084683,0
1.6997852119578571,0.4027950924443964,0,261,0,1,1,5,0.1353867585374926,0.5855708469488886,0.4731072810098047,0.7070190682214246,0
8.182273526272573,0.2605889944814319,0,1361,0,10,1,4,0.49832572302171974,0.7927771060158751,0.22266741596049733,0.5028672717622156,1
5.841621491832959,0.3249300112112118,0,48,0,6,0,6,0.2538720745845844,0.34569301780847805,0.13133398748079828,0.4662581635855485,0
2.634493143569058,0.16295724578730442,0,729,0,4,0,3,0.2610306438910722,0.6063914792397322,0.09634157543238464,0.16233569987171825,0
9.295989720071713,0.6588400694456474,0,1424,0,9,0,6,0.6433030860933874,0.7785803438292593,0.3051073775873744,0.7476441056096278,0
1.1518605331426068,0.5266309332452249,0,882,0,8,0,4,0.7482772154672348,0.9669133402759744,0.6296120238713369,0.8683657631544861,0
5.63862403471314,0.2708631172953543,0,459,1,3,1,5,0.8732853572716655,0.2518409009694489,0.6783653079028876,0.20550865684630204,0
7.210405546667254,0.5538624813062414,0,9,1,10,1,1,0.27824620433362446,0.07889478098899161,0.28286749791781496,0.029405955303302034,0
0.5884853733243178,0.49270784716723803,0,590,0,6,0,1,0.07077623685520162,0.9763047110069335,0.4405812064282728,0.6091498234323106,0
5.978560332062036,0.795974856566028,0,812,1,3,0,4,0.44228219219476395,0.6026416573782734,0.6284598792051422,0.9812822347270461,0
8.159012154630942,0.9559842693402016,0,121,0,5,1,6,0.584591270821079,0.017250858719518702,0.360044466902136,0.6788143990224049,1
0.6752731441805337,0.13067050897865595,0,792,0,2,0,5,0.7395805872893769,0.5199895334660821,0.9786088225550086,0.25270463848021074,0
5.122429711066271,0.8839134789079829,0,606,0,9,0,2,0.7560716873516687,0.9360432893563198,0.6927287067259044,0.8727326669498425,0
2.5855717814874,0.7047969382849021,0,488,0,3,1,6,0.8636172245285068,0.9844246882316706,0.5784215444815948,0.5380627750786954,0
6.629244515369209,0.6925535452979048,0,1458,0,5,0,5,0.031164263459427577,0.325711164452021,0.4979046445549892,0.5097588561452133,0
1.186773670788449,0.3743008971424723,1,1340,0,1,1,4,0.980998060339783,0.7819090975213943,0.4919466630614555,0.0572791706809177,0
9.370514306705068,0.343908195464921,0,1041,0,10,1,7,0.9668156698109397,0.4586985573012037,0.29172821834759066,0.060670405939678984,1
8.947285817147318,0.005639484822516971,0,886,0,4,0,6,0.03554705944146086,0.398009791064891,0.07724118214229658,0.5793010470728841,0
1.8597441987570917,0.9822048746373078,1,710,0,7,0,2,0.3132955326099772,0.7581934405490687,0.8379139406964137,0.8066945346529946,1
3.232658843651046,0.6065058323730488,0,105,0,4,1,0,0.7655426232735273,0.2699675897166205,0.9054108389788518,0.7531686652315595,0
5.876349746530431,0.40232862392392543,0,461,0,6,0,2,0.4785103801111311,0.42637728573477773,0.9745095640013214,0.9407648767142679,0
7.1806233663425045,0.5437688218921786,0,15,1,6,0,1,0.0046417275536616565,0.24653180312244583,0.40397410638226183,0.5027618106058002,0
4.426560151602582,0.04052703409626246,0,549,1,3,0,1,0.3547157882152502,0.1426376178532348,0.9464063991746833,0.620722494358674,0
1.5629132196097506,0.17365095529166885,0,710,0,5,1,4,0.5789389440040271,0.37929889405186923,0.7023620004762445,0.627189286370608,0
1.0415149380287159,0.6233599249634025,0,916,1,6,0,7,0.8795801241408251,0.959228389008494,0.4221220403153484,0.38019605774305043,0
9.997653369143439,0.51426172968362,0,532,0,3,0,5,0.8292515159251966,0.41888121801749745,0.9185271515228319,0.0028384578093705315,0
4.5535212144348725,0.7870748229276331,0,381,0,2,0,3,0.94631940873201,0.6832246214655909,0.9685282354828488,0.8389003395879739,0
8.725317491484981,0.6587426904453371,0,1065,0,2,0,1,0.4679281854921926,0.28507281611197255,0.5339318029197321,0.0670918623191441,0
4.823760046291144,0.6014356759793872,1,227,0,5,1,6,0.7982738056814077,0.8653570504200389,0.7796452262631338,0.9592641976522427,1
9.223576385460033,0.8152657043053134,0,188,0,3,1,4,0.10073559295507228,0.6249003489768946,0.776598713755872,0.8438539065352642,0
0.877593827715506,0.06826310555190063,0,1044,0,3,0,0,0.518457871155671,0.9504540154587809,0.6088341157725846,0.10378396586659555,0
1.1401919133455096,0.6908867964312853,0,878,1,7,1,3,0.9165807641779461,0.3259520959669906,0.42277574135619056,0.12202852960640931,0
9.296321877242242,0.7155907132890155,0,1304,1,7,1,1,0.8388476083147463,0.5380335718479243,0.1343429217794896,0.7371180378403744,1
9.47493045044785,0.275163549680011,1,1108,1,10,1,3,0.6556098493790649,0.19104565973467957,0.9979525669924286,0.5436665937281024,1
3.1471744746536334,0.19564963648739442,0,1352,0,8,0,0,0.14920332167250494,0.1358842353854982,0.07166479951202898,0.6489120698367539,0
3.5516488699387185,0.21385247545599917,0,996,0,5,0,1,0.18208125986304036,0.5853596337159847,0.13485979423826588,0.2899539996912607,0
4.52450234834758,0.19814086343199422,0,1262,1,10,1,6,0.6786522809520059,0.80341674601668,0.3747876685721756,0.8836915211319756,1
4.161616800672908,0.5237821909035946,0,253,0,10,1,1,0.3255678198210009,0.19979449539497007,0.3985497593918127,0.5429721203182432,0
1.9004521595959667,0.13562631136582848,0,795,0,3,1,0,0.32944794737219074,0.7029164906103434,0.26715382585212255,0.5654691657526492,0
8.983753839393746,0.6592858614193504,0,1416,0,2,0,1,0.8476227864658809,0.6715548981144128,0.07807914787934478,0.9905829857853936,0
2.5330760070564375,0.10507825894876954,0,1183,0,9,0,7,0.020467132685048073,0.482548831184456,0.8994142062183479,0.7715474882167034,0
7.052724094776516,0.026889640310256202,0,604,0,9,0,7,0.39251787301599905,0.766911751044929,0.5132585253227926,0.6888074041784565,0
0.6715567773497289,0.3192902424458711,0,1389,0,9,0,5,0.23822048960093034,0.5939064458912049,0.9698422922627322,0.8666479316395224,0
0.38751331528429467,0.19185972373304105,1,468,0,5,0,6,0.02710027697473749,0.9464998903576587,0.8779659541438398,0.9909478859461905,1
6.537304725769206,0.9886620554100823,0,35,1,9,0,7,0.21657313074174223,0.7637055953057547,0.49401325976429566,0.8125348064367044,1
3.3901585757326034,0.3029963006172174,0,1194,0,8,0,2,0.18424749447884425,0.8865932818010618,0.3882221803602379,0.8063886463205213,1
6.554593927200013,0.22206408602551375,1,618,0,8,0,3,0.5044742447124864,0.3613681278608212,0.2550482788455227,0.19134050520207935,1
0.9402120216883036,0.19676982349921457,0,51,0,7,1,0,0.4351917304595272,0.8109991810953824,0.9930491068749153,0.8733444249005944,0
9.498513799158633,0.3738529048034903,0,306,1,3,0,4,0.4716995255282269,0.9920241889154942,0.6050573992115408,0.8812130828403819,0
7.485144668930954,0.6058488953315778,1,107,0,8,0,7,0.8779112919217135,0.16346483714521232,0.8407179371669942,0.5970525316279589,1
8.762672330257992,0.7819452750462824,1,1495,0,9,1,0,0.4944283716878617,0.5111794453365938,0.9846699954611293,0.6506277194844805,1
1.3647055404451092,0.3645762477430684,0,1271,0,9,0,5,0.639004704511155,0.8623359830865251,0.22394613471536962,0.6237722541909335,0
3.201609688928694,0.6259709800427894,0,1394,1,6,0,3,0.6474832829397649,0.3966263668868809,0.924840925814752,0.5449489899563384,0
3.683441642063441,0.48205989827938744,1,273,0,1,0,7,0.5168743957036672,0.5082331738240744,0.794477797603065,0.18338289587686307,0
5.371726483268185,0.8464953462533984,0,1203,0,8,0,4,0.3047742817667114,0.7476273589455544,0.4546474340607698,0.6577025449934516,0
2.9686848550741427,0.5690417771584352,0,845,0,3,0,3,0.9031586001031727,0.8246974598466793,0.948792549120316,0.379406115831447,0
0.6063074218940512,0.28989167187910014,0,443,1,3,0,0,0.43817551974500635,0.19953048327381473,0.5898952864131672,0.5365024915800419,0
3.688783807374707,0.7035872571782559,0,1003,0,1,0,4,0.571127982816141,0.39110998506054195,0.39368553728577704,0.9011119205511486,0
2.5454931462728214,0.8200644880229958,0,1428,0,2,0,7,0.5591443247039303,0.3945052061881936,0.1599053358998379,0.10917605346227788,0
3.8592129146321485,0.46544065676396507,1,690,0,5,0,0,0.8276380417487161,0.15282425190830407,0.7278961452277098,0.9554550018684729,0
1.9695954262002624,0.9871972388823189,0,43,0,3,1,0,0.5346208349767076,0.09115165552724536,0.7740307106269498,0.5681937903953435,0
2.6189637456473545,0.8790968791913134,0,1263,0,4,0,7,0.456902882691992,0.7446942123517517,0.20691153492871373,0.949821998533681,0
6.269523404322688,0.19695466966549147,0,282,0,6,0,2,0.4600610249439213,0.8519924230567376,0.371841557646196,0.2006485067208713,0
3.8815383457806507,0.7867558721562373,0,273,0,6,0,4,0.779948594163636,0.9519186503646005,0.05504201854452073,0.05428838259942714,0
3.4538339316949207,0.6009512443497661,0,925,1,5,1,4,0.32997510807831465,0.956294993170479,0.5572542431651304,0.6210106793100116,0
5.339056327223729,0.5348112978078347,0,1198,0,5,0,3,0.9348511403931588,0.9946841638146763,0.6000652990038362,0.5268626141632144,0
7.718605408439258,0.5139385865795684,0,1189,1,9,1,3,0.8466039575677619,0.08299315363657722,0.8482553817797372,0.7348868328842694,1
3.7886795634795725,0.853411142782429,0,1301,0,3,0,5,0.13834759930001084,0.3967973853187522,0.026150009437403088,0.6014504607699316,1
5.8751949255584055,0.6108727889034485,0,1325,1,1,1,1,0.31723902099348666,0.08215608460746027,0.11964723806850386,0.514286874269433,1
9.662026253681763,0.5377059850537337,0,192,0,9,0,1,0.9056198658845908,0.6778899770175615,0.031567812855585964,0.9025452035265005,0
5.219801141180507,0.048859906758049076,1,450,0,1,1,7,0.2783713493015192,0.9723915624649678,0.9444485947511394,0.32340831568708517,0
9.097975765175445,0.4483028697585574,0,1080,0,8,0,0,0.317658255261991,0.036683648210957265,0.5128873158857609,0.27154535393921453,1
7.936726242564269,0.9080415620455077,0,586,0,4,0,1,0.2174559853588658,0.5263296875538763,0.2459999120034887,0.8039919528299836,1
0.5871868165014971,0.711736729344619,0,1073,1,9,1,5,0.05439405336382597,0.5332633309602763,0.01910195529930614,0.3516368029010418,0
4.290988714692569,0.050953978056153426,0,682,0,2,1,4,0.4784561275896635,0.16327491670075434,0.09651985573637634,0.5630760781010117,0
6.983184078685881,0.8839922821510423,0,677,1,2,1,2,0.7548530158055845,0.8334686038000512,0.7201578461047922,0.6140484266943214,0
9.867119124481999,0.8266672213770541,0,40,0,5,0,0,0.6599974087909344,0.394722792579162,0.48028343248031946,0.29446491040432254,0
4.583762911615126,0.546684211569528,0,912,0,5,0,2,0.027624972190729014,0.42046457923369596,0.7344241800059665,0.35574717967875724,0
0.9278545412673944,0.02240546518228148,0,1295,1,8,0,0,0.523382906365087,0.9619583252728132,0.2651910535922971,0.04070000743022095,0
5.620091747128678,0.5624296180338006,0,1228,0,7,1,4,0.330289136194568,0.24738369140236305,0.4395495092338665,0.27953622484206697,0
1.265637921239603,0.0545890499264261,0,506,1,10,0,3,0.6417886858194919,0.38546801881516324,0.6238625094949499,0.3260922875606239,0
7.515195602793934,0.3203789596374804,0,1015,0,7,0,7,0.40515982424475283,0.7701503512022051,0.2123175081409685,0.016806615299938654,1
5.076769974617779,0.6289096189027389,0,298,0,3,0,6,0.980530085299624,0.4799825331561137,0.2875229458378006,0.8231645632514967,0
7.234313683772865,0.9129130838821744,0,950,1,1,1,3,0.8284501663357349,0.6034199871829142,0.14160747457379852,0.8853492530405871,1
8.693618268785237,0.3577956372594787,0,613,0,3,0,4,0.7003709126549854,0.47781313760874955,0.7117955451364566,0.17727942180737866,0
6.289480171627772,0.8600237828834533,1,1390,0,10,0,5,0.5156670613199139,0.2833255225686391,0.5822913802298001,0.6054398486936656,1
6.124393292531815,0.9183610104005163,0,1065,0,8,0,2,0.591112878071226,0.1627271567503168,0.4446724848395477,0.4419663186552353,0
7.545702954396313,0.021043880457314312,0,109,0,8,0,4,0.4421355383257003,0.850134153636681,0.5673369187584055,0.127817358577885,0
8.424550014526673,0.2394278377525315,0,1306,0,3,0,0,0.7946571708495477,0.275212683204341,0.16978877154959848,0.024963452714879986,0
8.690537862770027,0.7098622992274988,0,1086,0,5,1,7,0.9082341371868959,0.9973673802942431,0.8128860680191974,0.6635500779107469,0
0.36430195682883304,0.7568430430795484,0,323,0,8,0,7,0.9990951134240695,0.010064304464264207,0.7554681324742296,0.07968912145833518,0
5.561902967977893,0.3924168502170541,1,423,0,10,0,7,0.5988302984380433,0.8819472837674749,0.18200338326608667,0.8910223883887488,0
2.1626930979755143,0.656754612772855,0,258,0,6,0,1,0.6818854297359307,0.9473683019705781,0.8857118646973142,0.7896576150956519,0
8.603458907817833,0.6121586173620351,0,465,0,1,0,6,0.3998625121499564,0.05870494520365066,0.39397571103384266,0.724291148566692,0
6.483976852033612,0.7397749616010599,0,1415,0,9,1,4,0.008473197246793962,0.6275733420596762,0.46363714114986465,0.8427616555138734,1
4.202224790324381,0.7186584277451218,0,1353,1,10,0,7,0.7032367692400725,0.7826791143081688,0.531260227163393,0.10661819378207471,1
1.881042281213513,0.08587079799036135,1,826,1,1,1,0,0.9340354350671937,0.6153634266977572,0.7928969471878566,0.6269024361667372,1
3.390236259198265,0.15825018094006094,1,543,0,4,0,3,0.8596245512657803,0.8801188615532952,0.16400949928971675,0.20639320793408678,0
7.037776945402245,0.132727147259316,0,548,0,10,0,0,0.8786207730891578,0.1324802684391898,0.265018460306053,0.5197609634797413,0
2.0435954521163877,0.932480069842819,0,1435,0,10,0,7,0.4021259450735033,0.9487569396866965,0.9364165040964652,0.3585505398159975,0
0.9358294533837275,0.9135426483529893,0,298,0,10,0,1,0.7135515303922504,0.5505083443816573,0.93780017823023,0.12238964910338357,0
8.88028758227551,0.79741226959697,0,1136,0,10,0,0,0.6384299793312465,0.3443730211608086,0.8089716892230252,0.7345347998053662,0
7.642103495801168,0.11671856067595932,0,1492,1,1,0,0,0.5409348060659558,0.5251845262335162,0.16843337902421673,0.30187090250200366,0
1.9979493065813259,0.5742714699195859,1,1282,1,2,1,7,0.15161982246673567,0.33931506448083826,0.5949771204444819,0.12290392422716445,0
2.9231154342999166,0.18723062608985142,0,1078,0,5,0,4,0.5754420573436739,0.45544309149239137,0.445970561621696,0.8794150073026321,0
9.720701771308857,0.3683839375588025,0,1349,0,7,0,0,0.29859092242465535,0.15646146893073554,0.08074262353201311,0.13463442305323403,0
7.081844867591174,0.26709127663741294,0,326,0,5,0,3,0.703589169812442,0.8446473944082477,0.07554760734709343,0.2054165237158393,1
6.105220042138248,0.8289309814874659,0,1475,1,3,0,3,0.944852427972717,0.38961929015715224,0.8568367914563949,0.023714202824876685,0
3.0762848542413037,0.14445139951927322,0,136,0,3,0,6,0.7276578026042125,0.4670115812176934,0.09049929981995375,0.5185732684087264,0
2.9912514416652227,0.6461791686100757,0,20,1,7,0,1,0.2595289144711459,0.9095759176627504,0.27139003664342454,0.8253116410394402,0
0.39523618690230466,0.9838946637761669,0,298,0,10,0,0,0.4652478405402879,0.9070020264234095,0.15072461215566302,0.8512260667220243,0
7.284818669019314,0.6870545832536334,1,913,1,9,1,5,0.5648657151153277,0.7880821333784691,0.5751038391990118,0.7437817405467257,1
0.43175225056884536,0.0792334890069597,0,371,0,2,0,3,0.7261528309340542,0.030015541308245353,0.7600217268228106,0.4713465079347551,0
0.04857337777279036,0.9078495019625249,0,950,0,2,0,0,0.1478475106234982,0.9063766724266774,0.2651827434565459,0.8894523007441651,0
7.294950878609791,0.6430796776895962,0,166,0,3,1,3,0.525592524081993,0.18873582062801175,0.7820465010751967,0.7671321693134254,0
9.488737571491253,0.4563109796052035,0,1045,0,8,0,3,0.8601364880580511,0.4382919310375679,0.17496801077333224,0.8892401365916983,0
7.565030477273105,0.6596924785411186,0,344,0,1,1,1,0.027588052000675267,0.9029908640752093,0.3567360126042841,0.23946658285012412,0
4.716401906243787,0.879044330472637,1,785,0,8,0,1,0.7275803661277624,0.09504381416960284,0.24288125193367271,0.6012860084490336,1
4.8604524956087305,0.4771272279152493,0,175,0,6,0,0,0.8804364963645592,0.1331030411180143,0.4543410722753284,0.021580201359082785,0
4.3613642264910535,0.5313214828122292,0,1455,0,7,0,6,0.7957637065184864,0.5760576777830602,0.9810085709297065,0.5214865569153438,0
3.2464366711033366,0.4524473992179535,0,566,1,9,1,0,0.9318391190356681,0.4677152040966972,0.7367972244496288,0.8768852855934588,1
5.217142141858401,0.07259142632366522,0,907,0,6,0,4,0.7827104879848178,0.38967672711289225,0.205760802482013,0.7384677824961149,0
4.31150957141115,0.7870701269273584,0,729,0,7,0,0,0.5180231672341924,0.8096636996718535,0.9664342197697029,0.7761707597243328,0
5.981678800407747,0.12641174364183894,0,892,0,5,0,6,0.47693428707908236,0.894679693969918,0.6813400185820851,0.31709001641362566,0
8.981200805010944,0.3945700102883103,0,682,0,7,0,3,0.03183968017058614,0.9914284613033012,0.45417443310342376,0.3981540998282087,1
9.950094173238103,0.38682284560772917,1,109,0,4,0,7,0.01859936708065968,0.12296125728181173,0.9162526941113115,0.9862576149475278,1
0.7874328988291712,0.28004079208673793,0,1243,1,1,0,0,0.6394688851748314,0.6762459483221974,0.7628307244988505,0.2672756010014993,1
3.846834726613414,0.4025071258944184,0,963,0,1,1,2,0.27540251446294894,0.8713427995167831,0.7291933972105811,0.08623973465765011,0
1.8070619576680946,0.6180091103824286,0,380,0,8,1,3,0.30709536276173355,0.24051771325479132,0.20093242444687365,0.3890151064476153,0
3.521204739255337,0.31138731220771176,0,126,1,7,1,0,0.8070656572334951,0.48003568357255755,0.1279644242249358,0.767237277925787,1
2.87473018548423,0.17251193769827644,0,1330,0,5,0,3,0.11127138914431478,0.00716798495363502,0.8656187709887149,0.5236120245286038,0
1.745371316267883,0.8693675105072666,0,498,0,8,0,3,0.2838346282521319,0.1346126266332056,0.6801554137113094,0.04371053568660088,1
7.640760534212905,0.9708326498571355,0,1362,0,5,1,3,0.6850385736247737,0.1255642752994468,0.8172422424850947,0.6647243226447523,1
4.962887428292358,0.4585838238763206,0,1148,1,3,1,4,0.0305662261169114,0.7075627526996366,0.7657540958837463,0.7356060051396396,0
9.192455822172258,0.3270197123445858,1,1439,1,6,0,1,0.5197892172528623,0.6222492237295663,0.9031074915144013,0.602775807634158,1
0.3259244324701449,0.047482077778229326,0,989,1,4,1,1,0.085460922278071,0.03869724181037004,0.37552091614377914,0.17133868336998248,0
0.6697801313198992,0.036851540610053135,0,271,0,10,0,3,0.7616567818180858,0.5956945493850161,0.3501955864297981,0.19105482884653047,0
4.032735829303441,0.39288199564540205,0,53,0,8,1,5,0.6345824456654288,0.06814279277581403,0.2368625669240607,0.4073364207469651,0
0.8027732040403712,0.9302420183009658,0,368,1,8,1,3,0.6085519464397285,0.202199995056924,0.10542933731623971,0.3582069102782399,1
2.627295964148335,0.7307085434015644,0,658,0,7,1,3,0.22128505568061763,0.9013627035263446,0.48289660410064916,0.10188129916954125,0
9.860297430766236,0.349269418870775,0,935,0,7,0,7,0.724698699867491,0.4472635655727255,0.4982212530095673,0.8593408451892602,0
2.0895960748461406,0.968046425182061,0,1343,1,8,0,5,0.3016791546303398,0.781346290671915,0.11446065598635058,0.9246187519183807,0
1.981177414120907,0.4287579032557307,0,211,0,5,1,0,0.570814786812443,0.31431166872782035,0.6035248667196244,0.14381877815662725,0
5.736406687957091,0.2767927439746457,0,952,0,9,1,2,0.09202974758742832,0.11077437701118831,0.3633668658187691,0.5623439320006827,0
4.979982907931567,0.4263532447243572,0,128,1,1,0,0,0.09608651881807295,0.8881916683469202,0.4562413682164478,0.42978022492817725,0
5.804382972028447,0.21154322698383277,0,722,0,7,0,7,0.19399023011316707,0.16382707241597894,0.5100247441032161,0.4090075307968749,0
3.767352782085467,0.8856387702007957,0,110,1,6,0,6,0.2160050613673441,0.34964154179184426,0.3105390123496984,0.580329212647685,1
8.26762359894947,0.3611733104176903,0,560,0,1,0,3,0.12643242343667038,0.7012344960132113,0.6850552634957731,0.4549155829929905,0
1.3858055144246284,0.6579689644943214,0,909,0,7,1,2,0.11824844804107892,0.5918036682004887,0.5098508217090818,0.4515034874963815,0
4.283926458414657,0.38904719882716354,0,1108,1,1,1,5,0.8790310029063609,0.9279900512158613,0.44143169775041824,0.14363184825972197,1
6.897618484440871,0.9017314179639625,0,1207,1,8,0,1,0.554633397414084,0.9876705408753507,0.40959444497828257,0.7106374368654822,1
8.682364402828997,0.6423807517156301,0,786,1,6,0,6,0.622177025389934,0.14663091620394608,0.02371308058178534,0.5799291862865105,1
3.695716063567577,0.48825189028129945,0,388,0,7,0,6,0.28782176451057484,0.22658681946786852,0.7712294548965016,0.056003003315500455,0
5.677455990937528,0.1321429691813385,0,1369,0,7,0,1,0.055487369327944736,0.6391630342228374,0.9664898830579352,0.37543424401002934,0
0.691399450072615,0.9019166628522043,0,1400,0,4,0,4,0.9682737338557164,0.14673166670348647,0.13097280072630613,0.2177804472492616,0
1.7031908811182894,0.5468168682717709,0,1451,0,7,1,1,0.054028141521615614,0.5422191849247772,0.2894423608809289,0.38996411374316564,0
0.6913816246611448,0.2850529729614175,1,1187,1,3,1,4,0.8226265404506604,0.3728291398568322,0.8469188725140584,0.1188586033303285,1
7.278808919985219,0.8779268918167041,0,1166,1,8,0,5,0.6650864317103624,0.888129973565917,0.7086864266836305,0.6105455387317811,0
2.880599687221407,0.0544404273944078,1,116,0,1,1,0,0.40752101446107525,0.9180948076365371,0.31239653138184087,0.5815238279582632,0
7.2374529019183775,0.31407691732957166,0,858,1,2,1,7,0.7465973038478437,0.2588300948064456,0.6495335746278749,0.5927749496297018,1
0.6639827904327456,0.5368284012021476,0,610,0,8,1,2,0.7647323818546362,0.09566811040606749,0.9172397188568426,0.3661060694121663,0
8.625478004083254,0.33981433604329303,0,388,1,1,1,3,0.8782917643507749,0.991079799961017,0.21967345330801824,0.7220420885566109,1
8.355301981110916,0.47673425537885783,0,102,0,10,0,2,0.5449253117434986,0.14989543549162798,0.6796367937437138,0.8426464284243751,1
0.8892874305028264,0.2643162523309839,1,319,1,1,1,7,0.21370721214898747,0.17343480818365664,0.8119756798827747,0.4163457891952116,0
0.23756506457186521,0.13008309093289716,0,1372,1,6,1,6,0.572578783759831,0.2521732790378737,0.09530462731376865,0.4330522618777799,1
0.5628881298199118,0.03685413861685172,1,1363,0,10,1,7,0.09931508849905324,0.34085408312131216,0.9345081745859637,0.8984462154518769,1
8.53630173146734,0.1576465649121419,0,1114,1,7,0,3,0.37622898877751854,0.1477791509505234,0.9593306214855889,0.6051675717614698,0
2.3470348905189575,0.9529465140248118,0,152,0,7,0,4,0.6103665427010859,0.32223104140097836,0.7330673923065086,0.5096810527313895,0
5.482733178581887,0.5754031333367384,0,1029,1,7,0,4,0.2518871239967265,0.022024032358464396,0.515605840450267,0.7371450928504248,1
4.262442031800568,0.4889601252779515,0,190,0,8,1,1,0.8650827488614679,0.8009836977913036,0.6039586389023303,0.3101433293358672,1
7.955255262286021,0.38432383930570857,0,1024,0,2,0,7,0.976051845334896,0.26355208053994383,0.6484362883166248,0.032757670120736715,0
4.888983014706706,0.7084201459833853,1,50,1,4,1,6,0.07591007021362195,0.8177842762546481,0.15413176102420967,0.7019216236588683,1
5.006608406612697,0.14125947590609333,0,427,1,2,1,7,0.2058926762241634,0.646921762853587,0.29488462479959443,0.6460655796536751,0
9.890919394999024,0.27612986765266345,1,183,1,3,0,3,0.4730116036464498,0.48054609676261173,0.10087844230324372,0.4285406561074553,1
1.501295567492571,0.6559021196637528,1,1400,0,3,0,1,0.03794142595858763,0.9722928412139863,0.3704617036001666,0.045846670629943964,1
8.307039387459314,0.47906436458522794,0,853,0,7,1,1,0.09292743183877339,0.38667020907780636,0.7451042622624938,0.940069105226811,0
0.5174974560388479,0.7700925389590887,0,1384,0,10,0,4,0.9006401236099272,0.17838819199543599,0.8855124415302995,0.7307688666672807,0
4.776487695729708,0.8971098439566533,0,30,1,6,1,6,0.045529844501438266,0.5774392963727945,0.37127686251987224,0.3855456908672129,0
8.863348239330236,0.8233725913706561,0,1109,1,1,1,5,0.24748425266600216,0.14014972879865517,0.6161078469530309,0.20105352334789728,1
6.6521396560412125,0.18420771426073201,1,719,1,7,0,5,0.42363270680553744,0.2768160015875726,0.5948367681936265,0.555343834737111,1
6.852146193661329,0.09147023552697853,1,703,0,6,0,6,0.02045921682624441,0.9077391398403667,0.47254037623266765,0.021260961189898286,0
2.6331728225648554,0.1694406005450485,1,1309,1,8,1,6,0.8105938006018973,0.8921585978733578,0.6942086784470569,0.45720457412790894,1
4.185747913614542,0.7835306916002306,0,70,0,4,1,7,0.8300077680991133,0.4657252137921478,0.15081001286085594,0.988392628670704,1
3.665810634990505,0.9138310894927105,0,1416,1,5,0,2,0.39467024034725295,0.47827075704489086,0.07484769875502462,0.739198685055528,1
5.214432101579942,0.9254488677038575,0,42,0,7,1,5,0.20178395327092624,0.5667836832772664,0.34803421432498305,0.9849304801637176,0
4.622279301436682,0.29821578937044557,1,544,0,8,0,2,0.8923580362370653,0.08418068361372744,0.9693136083935305,0.39601417280533446,0
3.2689835187698932,0.8403413780135583,0,207,0,3,0,5,0.6785560852615155,0.2531560531347421,0.9531181423379456,0.08712595671371204,0
3.0548061237117006,0.5362355350220966,0,784,1,6,0,0,0.52386178013543,0.5799853155609613,0.6330741137741819,0.9651103661356157,0
2.5085289165512217,0.8227918483482073,0,893,0,10,1,0,0.3923978077639506,0.3211661733592234,0.5787076148755554,0.865247769550264,0
3.6504724688475845,0.548364842380001,0,963,0,1,1,1,0.5392768470866179,0.21339076911135046,0.6332141952516616,0.5625374363682283,0
1.4994147793406065,0.14589321977911818,0,1197,1,4,0,4,0.24951153933732817,0.6473608214390583,0.4293759065529571,0.2298428052534619,0
8.721043020035738,0.07921955107309742,0,1126,1,6,0,7,0.44960007668827573,0.566435792946459,0.28838767871418514,0.7387475032466082,1
6.021193918334273,0.9572191492093396,1,1422,0,10,0,4,0.6858977223863066,0.32707281801856924,0.005554503000608002,0.01923159659599849,1
1.3378642559385545,0.42580255643157894,0,674,0,10,1,4,0.4113588648231572,0.9373912745374648,0.0192060551441654,0.9144305148674469,0
6.938593342090014,0.3505206448973178,0,263,0,6,1,5,0.6849545724663588,0.7776896806485742,0.9721652889073316,0.6971818037770405,0
8.476664679979732,0.3563030847683104,0,233,0,6,0,7,0.7387255658551947,0.5961416499806854,0.7445800092140678,0.17579176257222562,0
2.375356720522589,0.378934411475472,0,413,0,5,1,4,0.7537119144787656,0.20946554201484857,0.6901531799064236,0.1645370693686784,0
1.5060059433726392,0.9449968278943381,0,904,0,5,1,5,0.5691779270650833,0.6480966243573809,0.8444365524002656,0.057977149248499726,0
0.08617257133752054,0.06270458740317586,0,81,0,8,1,3,0.18438797972503207,0.6877385155849112,0.6069331856529061,0.7704889235258062,0
0.4725033885648511,0.11906128738229915,0,1432,0,6,1,7,0.7005596936531125,0.5812665064827728,0.6676391933327627,0.12785317168917731,0
7.6225134830351156,0.7896515154818492,0,1483,0,6,0,3,0.8192810588683627,0.637960289726032,0.7901119401299629,0.5200704030550313,0
9.871863320416939,0.5494094913401387,0,247,0,9,1,7,0.09428883842967029,0.16222850940244726,0.12516332273385078,0.35818753573201156,1
0.448803224762766,0.128536757960952,0,1171,0,2,0,7,0.8959659733259635,0.3349932007670806,0.18763462615712156,0.5490764795666775,0
7.480709590798926,0.03446013677833637,0,894,0,10,1,7,0.9413006918195755,0.8907449158741653,0.5559655723752139,0.6948092591635521,0
0.7186216584096006,0.2242343482792274,0,721,0,8,0,2,0.6682359397910362,0.13711199685728248,0.09688458025375912,0.20996135308405428,0
5.921328249036668,0.2608107377102711,0,1101,0,6,1,2,0.1110648837095134,0.5896911232268828,0.659423514771146,0.20049616969102546,0
7.560752824282378,0.014213029574641989,0,863,1,6,0,6,0.653690795411102,0.8976553294067842,0.8322009670273027,0.33759990938122575,0
3.5920439726773767,0.21609053833719338,0,485,1,6,0,7,0.3560684086417323,0.014155790186198725,0.8375915892590976,0.9351892046738829,0
0.10934721110663737,0.7383189369523997,0,843,0,6,1,4,0.303645567446446,0.9671215289398971,0.3233137134790879,0.4440309131883281,0
5.951893521254259,0.8554336896370037,0,203,1,4,0,6,0.03676401048151445,0.8833420012784677,0.2026876154817172,0.25695755320833835,0
9.912446281400278,0.8982358297697178,0,381,1,8,0,3,0.7248340866032845,0.7150654925452613,0.9587195332819837,0.5195510529552005,0
2.5761742283849576,0.3899140326435434,0,1459,0,3,1,6,0.5666799315569369,0.7091346605218178,0.9123880129515192,0.1803717317034924,0
1.8949127718721581,0.31941372590355765,0,278,0,7,0,3,0.450793097767491,0.8677231824553141,0.31350955044603845,0.7651915361458036,0
1.2392589275351495,0.9998608482078876,0,897,0,6,0,4,0.38868840931760573,0.17099248777639564,0.8941585843162043,0.3192721199381875,0
5.552556199000561,0.7693404509215888,0,445,0,4,1,4,0.4118522225909932,0.6999344513473633,0.8810095944872827,0.9826381021918845,0
5.964450993602734,0.5373520809075544,0,697,0,9,0,6,0.45309465495083834,0.34344329166573684,0.33803261726045974,0.629892858743428,1
7.922708371704024,0.2547714326893966,0,370,0,4,0,6,0.47748861300106604,0.8756388103324022,0.36318905598383877,0.611564930859349,0
7.530732736205097,0.3213054528851047,0,853,1,7,1,6,0.09768060121670552,0.5333310589517064,0.9318961492490258,0.2905219519168394,0
8.925414947950872,0.5153643488293872,0,836,0,3,1,0,0.3803210051412208,0.7658166941178732,0.7418736716580187,0.17840599987575134,0
8.057726983423013,0.5420829197907506,1,926,0,3,0,1,0.06403668911253979,0.16702579850071675,0.617528043401385,0.07776323446039113,0
2.4726708307944447,0.01367864427367782,0,462,1,6,0,7,0.7759308992711487,0.24203969712924212,0.9528964936592873,0.8556716912189802,0
5.558774048757611,0.9594000852714745,0,868,0,10,0,1,0.5222394460744498,0.8381681430343321,0.8648952142100673,0.9796220664703467,0
2.9741195909358,0.5756062473515635,0,1093,0,3,0,6,0.7995151866005379,0.39523447443589,0.07475294104476571,0.21525781460867666,0
3.2978537955150244,0.5891582444091333,0,1079,1,2,0,5,0.4293200014140588,0.5278246675817235,0.4987938188463179,0.9934272267577543,1
9.319443692299963,0.2114711337538192,0,851,0,2,1,2,0.15309837404971893,0.7255361120018711,0.8957134846900345,0.6159140841443628,0
6.818959050670736,0.7649871788012479,0,448,0,5,0,0,0.2995755452843136,0.16968666386548648,0.1111630429566568,0.7867065041519022,0
9.745904132511058,0.7372645200918427,0,798,0,8,0,0,0.23386065383466736,0.30252389917098477,0.07222629399712921,0.9883513021742241,1
4.169125367187445,0.09515797340476406,1,805,0,8,1,7,0.43990393550258855,0.3256486744621985,0.859056358503985,0.9752685220072005,1
5.3743757335397655,0.5949943722599202,1,1426,1,3,0,0,0.7889108527984579,0.9166786649099725,0.777382660148642,0.5680353806640791,0
4.871154199164217,0.6581937453298798,0,565,0,9,1,5,0.1166330525334982,0.13758871691260277,0.1672047824468904,0.5270712449181928,1
1.0728705752372691,0.8355681745738773,1,483,1,2,1,1,0.4001001746446058,0.37131826624177633,0.1810968302465431,0.6757545255401628,1
2.3670199452660334,0.20609117891771067,1,1124,0,6,0,3,0.09179117671325565,0.9593167264477963,0.8326079513035541,0.21977636301966885,0
5.276363606044821,0.8776347968064059,0,952,1,9,0,0,0.3914560168416277,0.8348700050025641,0.20915976684647786,0.38880568273806215,1
0.6737430513300624,0.46148107170759567,0,640,0,9,0,5,0.5825224383622252,0.67046448084374,0.14398154529173557,0.8275842001811796,0
9.314619293088892,0.09652361930564479,0,0,1,8,0,0,0.06897477691104537,0.5489319833773194,0.9075575279687524,0.10979529158445367,1
1.238436819433708,0.10562122151087594,0,1057,0,4,0,5,0.06664183575272897,0.8387306037678706,0.8050522574225569,0.4590523252995511,0
1.979807464169071,0.19780445367316957,0,1105,1,8,0,7,0.730510111550149,0.9463964125027822,0.40378549608173,0.3156916479886539,0
7.653212239386366,0.2827507059853085,0,1395,1,4,0,5,0.40749775837978297,0.9240714940862631,0.6260408775413804,0.5825001670676113,0
0.9693454178931371,0.49640580445979965,0,753,0,4,1,5,0.3513822689640046,0.6391242407838634,0.43039696100382296,0.18939628138638376,0
9.002780996154094,0.7487511977445599,0,772,0,6,0,7,0.6863197320626995,0.7278777161086399,0.2744633584798386,0.9280583100632793,1
7.257009707225356,0.1867259020194323,0,312,0,7,0,6,0.08476335065983454,0.7753062573668884,0.9868022652190366,0.7916890258570679,0
0.686208571088589,0.9926517944995366,0,689,0,3,0,5,0.8597149640399357,0.8093473686085324,0.5456396553564301,0.08126531930817693,0
6.918470612856529,0.1615219317703126,1,2,0,10,0,4,0.7754260107578016,0.7330714601928011,0.6375641276288615,0.3258600808818638,0
6.316285421713178,0.5993779677221475,1,751,0,9,1,3,0.38964476284298855,0.1799490811466583,0.4082686008084935,0.04319276625788615,0
7.573494327399186,0.9289404358713399,0,1060,1,3,1,4,0.468707439664965,0.7595802994850704,0.5007410783760657,0.12319293227701633,1
8.281978524893358,0.8325074228768271,0,1178,1,3,0,0,0.39771555210631104,0.3903774544937173,0.28771842438874884,0.4236421776127607,1
7.183505631731551,0.6478892016631599,1,994,0,1,0,7,0.7852302131065025,0.19979846378279764,0.4292806775938164,0.32945718820711,1
5.86176295270972,0.7154929967908985,0,1208,0,5,0,7,0.028993938782117534,0.10253234381624843,0.6278106399374143,0.5206180258604066,0
3.224633185817777,0.1342056267053643,1,998,0,2,1,2,0.6713886511051879,0.2403139148425547,0.8121238656365339,0.29089482912578324,1
6.972736618299291,0.00966305376024823,0,1169,1,10,0,6,0.3025477526593182,0.5077498647643638,0.8023315529376059,0.3321797166533078,1
9.569715846307794,0.43414878436037274,0,656,1,9,1,5,0.7795471218325473,0.2468788659453407,0.011419376782196622,0.9581771547489377,1
5.8752178052887425,0.08951892633830305,0,903,0,9,0,6,0.9839088371668706,0.6659100476661123,0.5348959702642084,0.87490556694414,0
6.643448684342539,0.35775256191282434,0,958,0,3,0,7,0.27897823361712537,0.9643930543361572,0.3733164863284435,0.013376448518094053,0
4.371280421998007,0.22374279356973759,0,858,0,7,0,5,0.44585173995074,0.04404668780805465,0.6070439735451827,0.6022760612902637,0
7.561208097430744,0.9163467223807427,0,857,0,5,0,7,0.547590809999749,0.13065358575852237,0.8816734717139949,0.14216102107891193,1
9.97667392338636,0.8800559990080575,0,1172,1,3,0,2,0.5510490747514556,0.24728129494680373,0.7750377709905218,0.7894348717272678,1
1.603893240677361,0.8189428485310084,0,358,0,6,0,3,0.15657066781471674,0.8043617135302104,0.33073229147171435,0.8359518117456936,0
2.024052795037623,0.7139442984139875,0,475,0,2,0,1,0.5832461655235621,0.2712704338582951,0.7391619020073387,0.6603776708640725,1
5.394377586643895,0.154071929104027,0,778,0,10,1,6,0.72391251347894,0.19152800753752042,0.10137861289433237,0.6731662160660179,0
4.813753972616582,0.048367426199151575,0,968,0,2,0,2,0.9440284840144259,0.15286629155444098,0.1281569470500742,0.8514422654281638,0
5.715697845067188,0.6538878578546925,0,771,0,4,1,4,0.7253801142831072,0.14991782182860403,0.22555678388365563,0.10183672936811183,0
0.4907404772427304,0.6422581371750993,0,299,0,3,0,1,0.6033069480139638,0.7198187956327066,0.39974624591465546,0.7076682271519406,0
4.042764563304489,0.36942428475448097,0,1235,0,6,0,2,0.2332507723531545,0.7081222820464687,0.5106797481233314,0.11993346371519742,0
5.8297826206556085,0.4726866664355971,0,818,0,7,0,5,0.09792015920195862,0.3111316071224616,0.39784672460963,0.04230696433036729,0
5.851913513049627,0.48914938823798937,0,650,1,10,1,2,0.6343346313406067,0.4494421963185412,0.6277973919004733,0.6386012030792236,0
6.573339617683736,0.23992813274650637,0,1317,1,4,1,4,0.6251827248283168,0.6281911470478024,0.12417628671234948,0.27208472584753485,1
7.202160290026638,0.3141666119075859,0,654,0,3,1,3,0.8393588474643942,0.9750589124007182,0.5214799898112342,0.04587971395144985,0
6.415472033408566,0.4183895546635016,0,242,0,1,0,4,0.44610207822121895,0.7431466553894287,0.2724053491351508,0.06312786900450285,0
7.90243155389435,0.6031790299115898,0,1476,1,6,0,2,0.17204339751627995,0.8030290887221043,0.36464865555913706,0.9796924234338716,0
6.247606346845917,0.9558192060173925,0,573,1,10,1,3,0.22472675693387711,0.9777294187108285,0.5088845114780828,0.22309488321287474,1
5.375076625372045,0.53848460951904,1,1341,1,1,1,0,0.4763989044471234,0.38109712426302167,0.1326565836792052,0.40783396066087474,1
6.061964288878109,0.7311639095432015,0,775,0,10,0,4,0.31205266495199024,0.06909976548847796,0.3882334447623459,0.26652867888740694,1
1.0119336675333235,0.8070011023955532,0,363,0,3,1,0,0.18026713530113836,0.7468993982362122,0.7607347104976541,0.9353297586011887,0
2.7315654072552,0.11350812130855359,0,564,0,10,1,5,0.10785127202214806,0.1210963266410029,0.2775693967602306,0.07382163179455026,0
5.273997806581312,0.6531246675539409,0,1365,1,1,0,6,0.41235092083945624,0.43859540149829557,0.7645678091569542,0.5432070003157266,0
8.729872154017071,0.4821107202544245,0,1417,0,9,1,3,0.33751829220576635,0.7383737249969643,0.23090814518765723,0.4777911724790741,0
6.79051556287993,0.5724309422478921,0,206,0,4,0,7,0.9652754700698242,0.5583544070395661,0.7541726733592532,0.6921088793287536,0
0.9040807847189758,0.03841693576904459,0,1480,1,3,0,3,0.8564127552359795,0.36714538120732276,0.19440001991881983,0.8983170388603421,0
5.9227495044440435,0.9062157365473852,0,1280,1,3,1,6,0.18349140824506638,0.5143526800770013,0.9512143447651514,0.0003977660859073584,0
2.2173798763709893,0.9527841495754501,0,971,0,2,1,4,0.7533533453125139,0.24522555656534484,0.15376566270514003,0.01655972731265798,0
7.340165597887229,0.003481923684611754,0,274,0,8,0,4,0.48019783527486304,0.07413866529154434,0.9998444051465788,0.37728220305742277,0
8.274408525087471,0.21279159204151088,0,879,0,1,0,3,0.9260986394988954,0.4124872917277812,0.22898993196406026,0.4016186569510982,0
5.934562725899734,0.18019417370894997,0,638,0,5,0,7,0.6082052041257807,0.0583145909079007,0.7102032770757822,0.8904774990378737,0
5.913626097517097,0.7813045172798514,0,186,0,10,0,5,0.2039934278493094,0.9796567726110288,0.305108686081653,0.27886586813319203,0
3.38591443210814,0.5980800591118203,0,1475,0,5,1,3,0.1959682734680248,0.4476361218747945,0.08218636869000273,0.8483349729219062,1
4.462500211613094,0.17733366329673173,0,905,1,9,0,6,0.9672991800293202,0.8823681686478686,0.024892188191329767,0.08926949458429356,0
8.641083538153454,0.8139709553188604,0,145,1,7,0,3,0.9182764401629447,0.9517877636565065,0.14728653009300663,0.07740342535586964,0
7.233203309671565,0.35347487180574844,0,512,1,8,1,7,0.4828591924250941,0.4493704401502131,0.40807518266822895,0.7451203597302425,1
5.197536596958431,0.46085687629310235,0,1259,1,10,0,3,0.563940377064463,0.42035817408767173,0.5802129192987583,0.7626439684596392,1
3.6823238624837096,0.3873066053206454,0,663,0,1,0,6,0.5470978488408742,0.8934251442255521,0.47851848563131083,0.09448639867912878,0
0.5037973828855435,0.5213802064412295,0,742,0,4,1,2,0.7634770602734177,0.03468194524648671,0.6304586590217253,0.9930547399635996,0
1.4300740132638512,0.48014246882872536,0,213,1,4,0,4,0.4744859242215709,0.4872034828741394,0.09582540998647604,0.08046290913824172,0
1.9302518953937065,0.27458400266244265,0,166,0,1,0,4,0.12263015025688917,0.2686146215334809,0.6764266229632918,0.8841833907822887,0
3.7338354325867473,0.4245560374938403,1,1466,1,2,0,4,0.32428343517988834,0.7527584320815814,0.7851836116725254,0.19392141947847574,0
9.441436470762746,0.9083371498543001,0,1428,0,2,0,3,0.5682760392477803,0.8367227550059615,0.2306528571583828,0.021982755193005854,1
5.051533948587487,0.5028941364792451,1,142,0,10,1,0,0.35107438849379924,0.6200018693349733,0.7919149672162962,0.8547927415190406,1
2.348401632592311,0.9163864104223756,0,823,0,9,1,7,0.8135484753723121,0.40693439646987994,0.2500054985244097,0.1843334105287754,0
1.0575013746151407,0.5501270478179646,0,1021,0,6,0,1,0.9479050031187747,0.5549999793116546,0.4440754048102774,0.5294175253604576,0
3.3830552460296404,0.7688172932641588,0,1320,0,9,0,1,0.2419981018286259,0.5741427025089726,0.8058078167682675,0.8268027499030769,0
8.157306355510569,0.2935913096597129,0,839,0,4,0,6,0.8891460991330488,0.6351342289615743,0.6872207222442822,0.1547182536701085,0
3.833427934105079,0.7904134900444079,0,1303,0,5,1,0,0.715706836098686,0.9221930251332995,0.5037319576407757,0.7410562547740072,0
7.725058060224135,0.2643216129849856,0,181,1,9,1,6,0.5869554995298498,0.2491232499568532,0.36966611777129676,0.531541348938047,1
8.027049761268788,0.019549971642973007,0,21,0,2,1,2,0.13039061201259283,0.20157162242485527,0.5636632529390302,0.25586629154039797,0
1.1082076969870414,0.16072894317769304,1,697,0,2,0,5,0.4109502119095817,0.19022548363499037,0.5197724741531278,0.04155632569590373,0
6.086597526267838,0.021652875032036834,0,397,0,6,1,1,0.9953525048766297,0.6972523838411435,0.9714419189528493,0.2629335772772228,0
9.590960633711108,0.9470626418914286,0,1132,0,3,1,5,0.6483514064756344,0.9048888507875938,0.8261518907320943,0.4247608048212639,0
4.021380749035539,0.9999770204176942,0,505,0,7,0,7,0.5916834003655664,0.32678939561767717,0.11643069661621785,0.36792709389226297,0
0.5094408900302227,0.7622302636195206,0,610,0,7,0,4,0.035617225029563104,0.4206741305975664,0.4123822039013565,0.7168980209494376,0
9.233026902578786,0.10812816375158762,0,802,0,4,0,4,0.3208883335954925,0.9681875016371428,0.5873073037178701,0.40982608431439405,0
8.836662815724829,0.8989454603326495,0,1442,1,2,0,4,0.488155790019693,0.14528069556802192,0.7053624146144677,0.38034125127285634,1
5.221414472090018,0.7437761832661044,1,107,1,1,0,2,0.6416648320090699,0.879554841839149,0.1773618112578209,0.8122491239465417,0
5.522531203440097,0.3322445154020879,0,828,0,5,0,4,0.8571159383749902,0.9592852040543687,0.8307624338148599,0.4639278039362632,0
2.117411027761249,0.5022779118089321,0,583,1,4,1,5,0.45806849231973623,0.7995048333617819,0.6299947667992081,0.9854904079491223,0
8.194507555446373,0.6617593412619689,0,54,0,1,1,0,0.2744534576563574,0.33640585855440386,0.06743700715202516,0.5744617760687719,1
4.986000383921264,0.024050475673271232,0,1221,0,7,0,3,0.28128211763816235,0.6535811096001357,0.059097940726564824,0.93720887182403,0
0.3387779514255651,0.5015409120998952,0,1370,1,10,0,4,0.13781091635603437,0.2914197555187794,0.6861782486498885,0.8821960484458288,0
6.830149564489978,0.7323954332549851,0,259,1,10,0,1,0.14553879604314834,0.12083648750781106,0.7555496490289524,0.4140352650014142,1
9.504962698027061,0.18822537189633282,0,1139,0,2,0,3,0.30531869070705286,0.10737288491570485,0.310414827202126,0.6126668488151907,0
8.291504903457502,0.44379057347933304,1,1051,0,2,1,3,0.766584569080056,0.009343491855526853,0.16195523837963643,0.14080118339231906,1
2.771981402105398,0.5325301291849333,0,1058,0,5,0,4,0.41322064117641344,0.9783563510022854,0.21983583190767075,0.5270196397892,0
0.5332508493334065,0.7355653719592322,0,690,0,10,1,2,0.8595668150883249,0.6550809021847191,0.39222524551455074,0.42397725734243585,1
9.403514125381806,0.9644537107931075,0,480,0,6,1,7,0.9491531624721643,0.3212371192058079,0.6318753027581425,0.4837495717563661,0
9.370627248797014,0.8482755480042915,0,106,0,5,1,5,0.07542014913187245,0.5790785971200488,0.18772020868150885,0.18427409499508163,0
5.324153197128694,0.6215184202299502,1,52,1,10,0,5,0.7108228749677202,0.6190739499313963,0.7913176694536158,0.8662214254979158,1
6.4231741167153515,0.5836406748348093,0,266,0,7,0,6,0.08526588675993407,0.18292895961100109,0.24887341227364257,0.07997050720431131,0
4.626000607108082,0.6031866930726707,0,791,0,10,1,0,0.07172816110251268,0.2888681815535573,0.8095653759157652,0.7812006137257385,1
4.197653670987586,0.5451786426597738,0,211,1,9,1,2,0.2757692515537248,0.5472777539537825,0.9240354238453339,0.9441237647790043,1
1.1944843592870036,0.059362880258923556,0,1029,0,10,1,1,0.10160255826604869,0.8397944994077569,0.16416021511665668,0.10633687313572737,0
0.9675289836109602,0.698296394588205,0,929,0,6,1,4,0.6629718247466718,0.12958866518214218,0.917731018682005,0.43368458199483995,0
2.327321466761875,0.716336800129603,0,516,0,4,0,2,0.7161195639894006,0.8583357452361773,0.7053692781308766,0.5849500215589843,0
8.366407464065443,0.5124803622670274,0,130,0,1,0,5,0.6392642722559219,0.6089861087129861,0.8871900144905437,0.9913346863460473,0
1.4583230073567999,0.870387605402543,0,776,0,8,0,7,0.5753568677713025,0.4896593441869984,0.34681240729819085,0.865382959201421,1
2.2669865191471072,0.6724368027566785,0,1234,0,3,0,2,0.7812391032915333,0.143940399884933,0.8636609757368124,0.41422888958329074,0
5.486140593222075,0.36266465785701696,0,590,1,1,1,2,0.7725784091884652,0.5499038569824861,0.4767815062835057,0.9679170735629371,1
2.151312180782744,0.01969435359863425,0,1209,0,9,1,3,0.8702560242183787,0.35363160776300107,0.1896654943400521,0.3312657735247415,0
1.632066847177871,0.059161646497680076,0,429,1,5,0,3,0.693195802933642,0.18896716568765037,0.9965819177221615,0.33999116512736316,0
5.633162416979623,0.3517982616417863,0,120,1,6,0,2,0.35587436397066163,0.8799734463008907,0.9480770240136308,0.5062586794728982,0
3.6809327099661546,0.46210532519868286,1,974,0,8,0,2,0.5246805399571225,0.46057265076275145,0.12481722335319101,0.7795757241702227,0
6.261592858404692,0.16687111950842504,0,1332,0,4,0,2,0.49060002351708387,0.07975603222692884,0.4561957155161831,0.19216810383863614,0
9.122053404086763,0.1893283064226321,0,1325,1,9,1,3,0.10786685564271514,0.3021386921520971,0.9861960445371556,0.7424665705067429,1
1.5099313143506765,0.2302113587793363,0,1438,0,6,1,3,0.8117430929517397,0.18150488014324972,0.5484507601121552,0.002700142288081575,0
9.13433659813064,0.7805133395762727,0,161,0,6,0,3,0.9128538558292874,0.9392451655011282,0.4970881897644631,0.2624797335330685,0
9.024899674229186,0.7712878409517714,0,65,0,3,1,2,0.9844088907381552,0.24306197121286388,0.1953586154283028,0.9744687209792059,1
8.290875833359028,0.3829389854137788,0,854,0,8,0,5,0.24796766019083327,0.5063967075617242,0.41952251096234505,0.6564662019069802,0
6.312859173060852,0.17236438158439582,0,1425,0,3,1,3,0.09564019470487306,0.7455224911203105,0.4981940548789606,0.46256055809660324,0
6.201466574655474,0.11090838506346923,0,1496,0,7,1,1,0.11104185173805814,0.1585108763062284,0.7140503238429065,0.731762997326863,1
6.392126599365016,0.08712931204717322,0,419,0,9,0,6,0.804296973339073,0.4374875956063975,0.4500339483038285,0.4352562730420968,0
6.904955512178131,0.3912792508993721,0,562,1,2,1,7,0.6317416849572367,0.6532814027431533,0.6349886815353756,0.1066885215096397,1
0.16482200596157015,0.0455424333211194,0,997,0,5,0,3,0.7561201441448971,0.8819537243677824,0.10151633248663694,0.4975694093168401,0
9.580925791606496,0.333635037126335,0,1370,1,7,1,4,0.9051964034886817,0.6541031721724496,0.7637851452103397,0.9554019372615492,1
5.856037614655798,0.9615332425411374,1,262,0,3,0,7,0.22626925889403493,0.08008384810057734,0.0032754674136388218,0.2726017908123388,1
7.8146583940242165,0.5075046156100387,0,1463,0,1,0,2,0.3640853134746559,0.321561463112198,0.6421551576952862,0.0528748962304173,0
3.7728183906136312,0.822644656835189,0,1226,0,5,1,1,0.792371096944494,0.35093220186496554,0.826313651325286,0.74134642542251,1
0.12397213915795957,0.12926594589539908,1,102,0,5,0,2,0.25939189667190043,0.38827344922977824,0.7667929557041006,0.4544047970017323,0
5.09734659876444,0.26807878240970484,0,1262,0,10,0,3,0.5060408568982818,0.9416185392253299,0.14731743331904856,0.3347048903027442,0
5.07190119315929,0.9465464445440088,0,962,1,9,1,3,0.4434506733226903,0.0357033521597232,0.8442474592792532,0.4875390879826681,1
4.369892883114518,0.3835518969340236,0,1467,0,2,0,4,0.5953051607603993,0.3021736143847664,0.079195821165703,0.9299995254036308,0
3.397170541620768,0.6484061284483223,0,314,1,3,1,2,0.9882028696195297,0.49245592133348437,0.06635707924046197,0.25024926273377,1
2.4982608780972204,0.9761267791625894,0,1488,0,2,1,4,0.1037150064501765,0.08639602424442894,0.8226066226521026,0.20052000423989758,0
5.275448744971828,0.5507877563307355,0,71,0,10,0,0,0.4846423835078235,0.4835379607307613,0.18252039699052258,0.5339114879184516,0
3.752781396934941,0.3053459492287359,0,113,0,4,1,7,0.9589868121848948,0.10712891721055107,0.44705896208037177,0.46330833702013485,0
9.699318830498086,0.5319484559520623,0,671,1,9,0,2,0.3478768776280132,0.8377822146990704,0.9366332034060425,0.14979761323403584,1
1.7292730776693144,0.05463719933085931,0,986,0,1,0,2,0.7405973109183801,0.2700843918682262,0.20896370006654863,0.5806573174815871,0
3.1966556762708698,0.11236987409269117,0,250,0,6,0,1,0.9292704247540591,0.5230111825052224,0.7805837451792138,0.5744903778640993,0
2.9396047092457103,0.0071711050522699216,0,409,0,1,1,3,0.24060742331264606,0.6183178543705979,0.5844398165607646,0.6054308283541028,0
5.43309176235957,0.8842100415650043,0,584,0,6,0,7,0.08138025389551451,0.3057256170571151,0.4056957599416824,0.41355548093839767,1
4.992802569741479,0.6712804288995956,0,188,0,1,0,4,0.07569302871463068,0.35131469978282936,0.45923075032776384,0.29004872727533215,0
6.437404654242731,0.2983297651327481,0,263,1,2,0,5,0.0729936242021676,0.510516053914428,0.4103105710547795,0.3283284638815658,0
9.500017705742078,0.2211614192073046,0,223,0,2,1,4,0.3505208527739768,0.8054346988451915,0.8273030516802233,0.8343571358805708,0
2.852210854938674,0.6830766011577799,1,1431,1,8,0,2,0.12621463048615766,0.45269187701582825,0.8139855371839396,0.6250967837834708,1
6.927715692549965,0.9195320647852825,0,1404,0,7,0,6,0.4050258330508706,0.4908959243354748,0.3734197570122655,0.39802362782136447,1
0.25040203005183614,0.2991390910521107,0,942,1,6,0,2,0.7541275777442104,0.5958649365087595,0.6972486286165758,0.6132669409921065,1
2.6238847273362453,0.3215591093867818,0,1025,1,2,0,6,0.29822619746299284,0.42521143982955034,0.5318670662334928,0.3496139314546115,0
4.637197279965928,0.8542407251937729,0,205,0,3,1,7,0.47941818191978036,0.7260783562763257,0.7482185812766162,0.8626479069549019,0
0.3099478848113446,0.8933758158837523,0,75,1,4,0,0,0.12736879691031677,0.004907607294123095,0.05004640288337725,0.7276320210088763,1
6.176694605536389,0.9140365668297785,0,565,1,10,0,1,0.6982897119412751,0.4830197345132503,0.3360342799257938,0.10094865681422438,0
6.783106084017082,0.2931542080066948,0,1476,0,8,0,6,0.3176747862433862,0.9230161800775405,0.3358063299650652,0.05617001143993505,0
7.467317148380467,0.1203125675963489,0,716,0,1,1,0,0.13522576532803054,0.6159037681539978,0.5968122484044689,0.03341740796208925,0
5.165745048430122,0.43999757199854206,1,1211,0,1,0,5,0.9546705568484224,0.48639974244492323,0.207636342462044,0.027533436070937056,0
6.039446649786266,0.29576486514118105,0,554,0,4,0,1,0.7696224519118392,0.7720248354714664,0.5316938546625483,0.4969099815924428,0
3.9606525127848724,0.8838666668118358,0,463,0,3,1,4,0.6523277031439774,0.3930007425318919,0.9798595260097508,0.180841821947351,0
0.41253032506562537,0.036634941803544874,0,1218,0,5,1,5,0.7229996436769286,0.4672456147234486,0.04350593134634839,0.6745328531106434,0
0.9995185577451304,0.6338804696362723,0,706,0,10,0,2,0.42549232019897,0.1951597214074824,0.503443818590761,0.48276231409281756,0
6.5499592420146415,0.9061813657481139,1,1097,0,2,0,6,0.29833109906546684,0.12420415090794479,0.1382883476097153,0.0934768881944047,1
9.955552995857763,0.976670366806066,0,1089,0,6,0,7,0.4999866613568129,0.025522724171355038,0.582401245407103,0.0058318402882976406,0
0.1580323916329618,0.6501305992980432,0,1090,0,5,1,1,0.825258016782839,0.7315089038554331,0.24086283339806114,0.03672474585645813,0
5.575834968263828,0.9499229570223799,1,1014,1,7,0,5,0.9637926874297196,0.468190114178919,0.9025088218918077,0.5333367501830152,0
7.510087528825578,0.07565946262506729,0,1214,0,6,0,5,0.6052813042596228,0.9393532495969783,0.3179909782118463,0.5866043087451789,0
8.267748280138786,0.35927834599623976,0,694,0,6,0,2,0.3763596309007029,0.17681604969096665,0.9583127893897772,0.35301440792097094,0
5.452049012226401,0.008714697326733689,0,454,0,3,0,6,0.7182059914353669,0.24398342968400966,0.004134749826148587,0.07890048716501674,0
6.199159801841051,0.9811837721908184,0,768,1,10,1,2,0.6970677908060207,0.6387259465346254,0.8321147219350966,0.9346888582082908,1
6.967249452745534,0.9027264787666992,0,486,0,3,0,2,0.24746427210716104,0.05459768563068801,0.2616836691988178,0.4057136467005281,0
8.589662496934306,0.028052556248201355,1,64,0,2,0,5,0.43551402632145864,0.5034132540191462,0.20162247562638547,0.42930860172233465,0
1.2228953720281865,0.018132650459765975,0,542,0,1,1,0,0.13401361757412455,0.12358151741147627,0.8841456404140157,0.38145765117599606,0
9.261821962748634,0.36696949410636615,0,750,0,1,1,7,0.40227833799943,0.16139745425648777,0.3043739546199713,0.05946737104378663,0
0.26017403551570006,0.2585379667909018,0,780,1,4,1,3,0.7627488048578895,0.5120998733428421,0.5838784203515217,0.7104474835990735,1
8.361997509577753,0.8469322772425022,0,510,0,9,1,3,0.3139027436111651,0.5690708093124169,0.7367795406195154,0.6648101561133504,0
0.7674042655969726,0.1604844032718623,0,1088,0,2,0,5,0.633032709280976,0.212034744918023,0.41920172275896617,0.1644645160108451,0
1.9462821160492227,0.7906494627008573,0,427,0,1,0,7,0.3276496746696176,0.27123861586811115,0.10133797265815891,0.26858231140984057,0
0.03894146381132613,0.5544596999906632,0,971,1,6,1,6,0.14710367253862133,0.2841075876337974,0.9223370425621521,0.5469198304177435,0
4.452567055360407,0.3773917714049878,0,404,0,6,1,3,0.7413875552360039,0.14180982799742825,0.6475008974960218,0.3767662382766743,0
3.3435922671739227,0.14571976173337875,0,1479,1,6,0,5,0.5893122437040242,0.9657208521747049,0.8923974271695855,0.9979291977501759,0
1.6599291148702733,0.997691305959671,0,973,0,1,0,3,0.8254576627326645,0.692199930858819,0.767726688929603,0.49647762831603737,0
4.510901608039063,0.6179861209215367,0,835,0,3,0,4,0.6789541072750334,0.1108418314271844,0.7739817137139872,0.8822293647912807,0
4.023708831721838,0.43938223256799425,0,643,0,4,0,5,0.8171921553406362,0.3571601819218181,0.589882484921011,0.2046127711317408,0
7.676610326987415,0.37112755655273166,0,1133,1,8,1,4,0.15494807963450696,0.1726027956000067,0.006193902111183536,0.5562210141802505,1
8.931303060700325,0.9057282306308553,1,638,1,7,1,0,0.6145836732002201,0.2343861333249182,0.8826583299434567,0.32179540855505373,1
6.525672517670818,0.821191808190761,0,1204,0,9,0,0,0.3673785899944696,0.9394777761300473,0.8309242229699748,0.9345016552119155,0
1.2441038872652388,0.8111857883682237,0,238,0,6,1,1,0.7465064694317692,0.13675295329534476,0.7270088993839715,0.5511805215144665,1
2.9539079470985063,0.6161984729623928,0,1230,0,5,1,0,0.5800860450496786,0.8798117296833915,0.8781593929214062,0.6539460251055811,0
9.133182968322798,0.8879565826958018,0,1442,0,6,0,5,0.054180098347804684,0.8418350348521122,0.1842080633177755,0.07602078522907918,0
0.8873449300788916,0.2992783721220704,1,363,1,4,0,1,0.5335459762000035,0.7436682519047838,0.2818587978562468,0.4876871749682763,0
4.068558393908265,0.7037061351632893,0,335,0,2,1,1,0.7442913339987256,0.49672202392088516,0.15712146379469183,0.5794730554671664,1
9.425046192334813,0.4044477423918925,0,1432,0,6,0,2,0.2627883905311358,0.25836765477067947,0.6466188103402656,0.29040289782003403,1
9.506648414694856,0.5999988085596921,0,609,0,3,1,1,0.6545265068390898,0.8309798656928384,0.43839190758265334,0.7357666522583574,1
4.112031770488924,0.9981530006126929,0,1043,0,3,0,6,0.8409257698780793,0.8340749656393157,0.10264412607483198,0.4665799967677693,0
6.673968880987974,0.9845247806753183,1,285,1,8,1,0,0.06516754374335532,0.5253159953461247,0.5756370218560969,0.5613104015481427,1
4.56745598353999,0.5126190164674482,1,641,0,1,0,1,0.5780223709971288,0.04761338641616819,0.33898575628213135,0.36093033092573745,0
7.5346053943634175,0.5738634521648246,0,1054,1,1,0,1,0.8876008978948684,0.19296118053633138,0.49050787721291755,0.6765052859133421,0
0.3158133069299851,0.897321769137301,0,1342,0,4,1,0,0.12641988954934602,0.05608345950601734,0.2613818713610123,0.10317148893323769,0
1.4415714892135845,0.985635712513855,0,654,0,6,0,2,0.2692476749652408,0.17983801797713073,0.1611487372922057,0.5062274465194456,0
6.141988035435992,0.7786078026260798,0,112,0,9,0,1,0.6259240394533347,0.5084212807744103,0.45081442076697964,0.8956404343303636,1
2.325522624430636,0.0651844579586307,1,620,0,6,0,2,0.5851838901417317,0.8541734561081626,0.22614837016509726,0.23518386380134315,1
6.660522992691486,0.32263973434386395,0,964,0,3,0,1,0.7933961221871138,0.6532368324712254,0.4050135938595608,0.8684480306343986,0
3.5122292746129835,0.8965623399203079,0,1312,0,4,0,7,0.6290528750922503,0.600902969523361,0.38227531712154883,0.8850516108891114,0
8.866455581278213,0.7683525058504805,0,1250,1,4,0,6,0.5758450153020541,0.747953542095095,0.9404251041755745,0.2304317856588569,0
8.192593855599865,0.7422330710244271,0,1139,0,4,0,5,0.45185138692202453,0.6399114745585177,0.1868445855700186,0.08072460259201963,0
4.928378000687822,0.6679232304681411,0,247,0,7,0,4,0.07824928181824709,0.44342726445456737,0.2864423513849085,0.7644183999066667,0
7.7289508709485775,0.4152638496323835,0,779,0,8,0,5,0.5910883108728138,0.8153634452631032,0.7918643055298717,0.9585820329152862,0
2.711378862350904,0.4032413203447017,0,864,0,8,1,7,0.15662583105047412,0.3101844704534268,0.2958623873375372,0.255716649235754,1
4.942597768118626,0.808932487590801,0,702,0,4,0,1,0.9958494909970061,0.9281149072819286,0.48026302328462245,0.9130039424376545,0
1.9748205186327816,0.2937802917650709,0,1384,0,3,1,4,0.07850008205671699,0.11619058251729963,0.761947122269947,0.20816741357581092,0
8.608861685209938,0.6848318727009735,0,1439,0,1,0,1,0.07571630374287386,0.6376798928642896,0.004387640324011399,0.3593046550730502,0
8.230676165684148,0.7262085234239566,0,315,0,8,0,3,0.787329432064701,0.5005163530401366,0.9565590182841128,0.8859060005137254,0
9.021496684090012,0.8445559893615288,1,1434,0,10,0,7,0.10116525649018104,0.42576165667666543,0.4628330453796504,0.30406045987418806,1
8.774769812242594,0.3198855907070157,0,1269,1,1,0,5,0.4050762787323793,0.4297163797949136,0.7594497585113289,0.7556956587852272,1
9.595962620594948,0.7418892668382021,0,1057,0,2,0,5,0.9274990278513697,0.04220752403904726,0.9208072604531413,0.14696833517342078,0
2.2833623163192596,0.10648989757868688,0,572,1,3,1,0,0.7878824678096347,0.7515138048628117,0.8768041999055618,0.3787662469154913,1
9.318242907953154,0.13806172895190472,0,1140,0,8,0,6,0.23284219539094353,0.35234708016206495,0.2203789747913073,0.9407375805883679,0
5.712131913519976,0.41733604017340153,1,879,1,3,0,5,0.2510298660422158,0.47663635697337703,0.5551872612235709,0.22628237274352925,1
4.224950839181521,0.05522577635524728,0,1348,1,1,1,2,0.5922702548893328,0.8475940869705246,0.4106547990560999,0.7017016605616205,0
5.60373895967873,0.9476983214653384,0,1066,0,4,0,2,0.48643913902240543,0.577108501080367,0.5323626142289959,0.9195538144755238,1
3.4260235665027783,0.9018958105093605,0,1446,0,4,1,4,0.11674636115488701,0.8514365951571664,0.7796307228985777,0.7849547412505452,0
2.885530069609521,0.048933695525843146,0,628,0,4,0,6,0.15864734020030502,0.13707939456275986,0.3544791423942615,0.9479890216727022,1
2.4131433797752875,0.8383117218922788,0,123,0,6,0,4,0.8028963318271438,0.28181754969450523,0.47720970735230606,0.9437483784212553,0
0.8242798945712682,0.5088741740900253,0,737,0,3,0,6,0.34479076236913664,0.22793241443112855,0.6079791886317779,0.1136362900792185,0
4.965648971471874,0.7019628883735499,0,1496,0,1,0,1,0.7990122518772892,0.8863342807242539,0.2705633920085322,0.6016627250824749,0
8.877616757138874,0.8869311692981873,1,982,1,2,0,5,0.18982729495232764,0.7815571951471503,0.6066047196070601,0.4268950061985477,1
6.301519692743847,0.5769744870776986,0,1054,0,8,1,6,0.5994325285508626,0.8341008569008981,0.14891233243174573,0.6827382339048126,0
5.209756327557735,0.11632710028462945,0,937,1,7,0,5,0.5051087280359994,0.5686835601201101,0.6216463327228485,0.742549168545007,0
4.2859291825091645,0.0025786104865862525,0,889,0,3,1,2,0.3263854767996137,0.22074891177888667,0.14323167181731755,0.245237435232869,0
4.6440162631719195,0.49692153225144653,0,92,0,10,0,3,0.6085770387122191,0.3769983743370917,0.775659955839384,0.7998678085577786,0
2.0927734757195093,0.9492321321243601,0,619,0,6,0,3,0.12453484269018322,0.5503008731811014,0.1940211549483829,0.40920268876331634,0
8.229358771930972,0.5726218716131959,0,129,0,8,0,2,0.8564684028710685,0.018978577205020386,0.6461183304008409,0.6567384904315529,0
1.9838296328152805,0.3729391380882292,0,504,0,8,1,1,0.7433833453183712,0.6396422677419699,0.5811978267604686,0.42770625808541296,1
7.16622756727313,0.030922017080913355,0,1079,0,4,0,1,0.2869733259609272,0.8548694969042162,0.4253314396754372,0.34611592532544644,0
7.5998501149615265,0.9149794172782003,0,1206,0,6,1,5,0.5801517721812299,0.32563532541352613,0.6454593244904878,0.6938969116472693,1
5.748690420277343,0.3271566608580422,0,335,0,6,0,1,0.9021689043100211,0.6797895420779172,0.846516026588506,0.5419070133451608,0
8.629263749548285,0.7047774013150961,0,981,1,5,1,6,0.4223047907423727,0.48356328891514255,0.12016914536449053,0.8529240104722996,1
2.9105035245065003,0.6942372021114649,0,339,0,7,1,6,0.36334160995870246,0.003977491967490088,0.6764289823111291,0.7860087999625076,1
8.816172212428633,0.2538831613687479,1,301,1,4,1,3,0.7989471190579588,0.28399219291591093,0.4101241045703268,0.8683329950577173,1
7.2941045959930415,0.06377750646072533,0,1439,0,1,1,2,0.0011860208688685425,0.5278602538258668,0.6739247328912914,0.765771781682363,0
7.987498277617608,0.38500037867184356,0,914,0,1,0,7,0.6863732360937015,0.7249084783746015,0.8750377760534784,0.9168411748772415,0
6.645797095273141,0.3171310138371999,0,296,0,5,1,0,0.2158060612160666,0.4020337673740981,0.65283756208366,0.15666684096140016,0
8.463430169899693,0.7002563988723258,0,211,1,10,0,2,0.694246994279554,0.18624539551802888,0.15982755992957176,0.6404815876778392,1
9.93098862717636,0.8197824956598391,0,74,0,3,0,5,0.4379010044983589,0.0610497208163302,0.4161341416079757,0.08240880979609044,0
4.201628545246386,0.22244541739167467,0,745,0,6,1,6,0.02029522505088932,0.7146921001006208,0.5494486529492508,0.4996473065192756,0
8.139156837095703,0.5282310697764423,0,151,1,2,1,3,0.8742598508278199,0.3650413404132077,0.12687693091434604,0.8613453862739773,1
7.445797595180336,0.04060834738816166,0,875,1,7,0,5,0.5465397574016737,0.6471042038961071,0.6436111045008353,0.7255975898980036,0
4.52870165712018,0.2142558229334619,0,650,1,2,1,1,0.3136012429740792,0.2217518385907885,0.713241904664044,0.5829286320106826,1
9.26948999732512,0.761761605322083,0,953,1,5,0,7,0.7033796379201319,0.7546855371542496,0.7625153346215605,0.6939859036683218,0
3.944259295725947,0.7933983204890724,0,311,0,9,0,4,0.49594050163489056,0.34438616569984715,0.1199021942009817,0.17328907343102573,0
5.654659162762376,0.7764044634518033,0,217,1,4,0,5,0.03494859499311864,0.05236868014359053,0.7051439553864325,0.9308023399593885,1
1.0594235699096155,0.14238792498827013,1,151,0,10,1,1,0.6502564009774173,0.5102334997148489,0.3661838543647611,0.21247227563845195,1
2.2577519406626623,0.5510347274684173,0,143,1,1,1,3,0.9695316149129121,0.7314466472759033,0.21122812539838454,0.16697117313637966,1
8.406961705337606,0.4227084144433829,1,108,0,1,1,5,0.22197943037613588,0.9324971579458695,0.5243460763864293,0.140003229850857,0
3.9655272282884733,0.9914862967950905,0,388,0,2,0,3,0.8629260945593032,0.9708577809314796,0.5727189474495489,0.9362186071108302,0
3.940840894152582,0.6540698690583361,0,1200,0,3,1,7,0.6209949134896843,0.4564196071657546,0.456764017293416,0.4608567690776433,0
2.459810181906202,0.9352020913957291,0,910,1,5,0,6,0.07789838599965637,0.6118733570754354,0.8408451199873934,0.5330652172854563,0
4.9161033429745435,0.1453503050084376,0,375,0,10,0,1,0.7299749788915345,0.5572209274377481,0.15579683749161743,0.3790250220216266,0
8.058169613506225,0.45087327310022907,0,1397,1,3,1,6,0.44149015438065575,0.53354158803857,0.40715349566283865,0.02727867132788675,0
8.951641177737397,0.7716076001058686,0,1141,0,4,1,3,0.7937339754963493,0.1145391152070685,0.267016278080341,0.06666256124046899,1
0.7011443204418388,0.3678577280304026,0,1168,0,1,1,4,0.6357455613780776,0.6708650452525811,0.0488001659282159,0.01575973643360895,0
5.748207312401155,0.6325084961536467,0,1347,0,8,1,3,0.0027846646265414776,0.9652702483565516,0.33906402344797204,0.5389962548163755,0
4.672733678923345,0.5117021723736607,1,1118,0,6,0,5,0.12629720646274611,0.12680288860161282,0.7180756703644846,0.1934836382529782,1
6.142818504715784,0.9919294092179923,0,1435,0,1,0,3,0.35243962001385953,0.31185450791694913,0.5232490190797184,0.40212100086327096,0
4.4727568690826915,0.17387254006549147,1,495,1,5,1,3,0.48185431753401264,0.07704991555536056,0.4187465372799506,0.46032467023169377,1
3.986448208534151,0.9353486953301278,0,1284,0,3,0,4,0.932127287257451,0.4027828974344817,0.4747047798101931,0.5325781451358654,0
4.7188071242948935,0.40157095380329677,0,167,0,5,1,1,0.821972207906366,0.4816721160444959,0.3125019162365099,0.8928058233239378,1
5.819991287564141,0.4679929663772945,0,450,0,3,0,3,0.8016154582649122,0.35801809116928685,0.12216351800670688,0.04323408618251068,1
5.009832110317768,0.528601883689979,0,1337,1,8,0,0,0.5395763950744356,0.47658214417901135,0.5904297660409314,0.49422898485114497,0
4.721444510206462,0.26536654943357985,0,200,0,1,1,0,0.09286370517334963,0.8029668666502157,0.8153925125136989,0.1318641585204242,0
8.178353099580807,0.963657442610793,0,751,1,6,1,5,0.7458075116847572,0.21392359326567445,0.789053245327357,0.9265185543679415,1
7.456479912378578,0.9114872052347894,0,510,0,8,0,2,0.08654832215943975,0.757971695170944,0.23334179347121087,0.9174567268097961,0
3.413784941811928,0.9729051002113627,0,150,1,1,0,5,0.0914477148846079,0.7932879975272654,0.43428766570777166,0.13993801252575455,0
8.005771175153205,0.996919572209523,1,353,0,10,0,6,0.2550859620282213,0.5811331310703819,0.552122279558171,0.11735922343096528,0
8.536506690045002,0.669800095180972,0,802,1,8,0,5,0.9225637350972175,0.31532118755191585,0.8024521886632899,0.10986965668213267,1
1.534922053741905,0.4516854958057447,0,946,1,3,1,3,0.7499187851421557,0.9365008323525994,0.1965073327833725,0.09808351658745595,0
5.8268246173075875,0.8507339014963048,0,1013,1,5,0,4,0.07665255121947945,0.3639035560911019,0.13223178936192304,0.1580972301234449,0
2.8531199359921375,0.023804877836338556,0,197,0,7,0,6,0.918910454481374,0.04992118491536035,0.9316235711824974,0.15568889333430436,0
7.3917232192672255,0.8344040447135034,0,479,1,6,1,2,0.7833751801080943,0.13608785198371753,0.14571982034498399,0.16350100517160326,1
2.3878532935868324,0.49728602421100665,0,156,0,8,1,3,0.6036427882749054,0.8915900056444146,0.98910962732558,0.14857592273103404,0
6.714035241730318,0.6732200270834178,0,13,0,9,0,1,0.12696202780345833,0.14997648119839757,0.5989735488422729,0.37791430751255883,0
2.551246560576339,0.3740460613425076,0,585,0,4,1,1,0.32012284855134154,0.4473941416007615,0.49899832307888825,0.25389512958470006,0
5.111437634299431,0.3686231538668159,0,932,0,2,0,0,0.30068182371306273,0.6919715608214649,0.18893971445938018,0.4170788148105947,1
9.486464679161921,0.03171715281088772,0,556,0,5,0,0,0.6400471402944355,0.5736447009236711,0.8605065191962326,0.8937443539315199,0
3.8130753845643452,0.4237894304290133,0,60,0,6,1,1,0.5878696214556742,0.6533717002147803,0.1721650895430128,0.35196569594309035,0
8.757384859632078,0.40835419541933005,1,329,0,8,0,6,0.27724099377751,0.34881466452617604,0.40126792682449375,0.28647376936254787,1
9.869445812038947,0.22479110186807127,0,649,0,3,1,5,0.31109923989233945,0.6622361384386447,0.048034478369946565,0.9143544436950021,0
8.748508488051632,0.24732327353976746,0,533,0,10,1,0,0.5184417153224824,0.009085575017453107,0.022547916451349903,0.32160762600705217,0
1.6586602972334286,0.5841395804425117,0,1237,1,1,1,6,0.8454065969340913,0.2632502364635927,0.7295764231115975,0.12200547733683742,0
8.196582195351631,0.31777144253950307,0,896,0,6,0,6,0.12622503524059492,0.12359984350615028,0.20774279612759539,0.6189850259597135,1
0.3214939510056125,0.8302519090172897,0,1498,0,5,0,7,0.7257380713278834,0.4552629772531621,0.6007909285563328,0.28179481311078325,1
3.9330188369930785,0.11138510685706648,0,263,0,7,1,7,0.9956742234799547,0.1458230823605906,0.7234044590238508,0.5199590370048812,0
8.707333733178638,0.5776449465750436,0,555,1,3,1,0,0.74973288007119,0.5473710716715965,0.49178664878324607,0.7679868629112427,1
6.8875221275991985,0.16004472713910234,0,131,0,10,1,4,0.4415711151322581,0.18066504125929206,0.6564313276179761,0.5655691817534083,1
5.3274042733787805,0.5282406269206588,0,30,0,1,0,6,0.7316745697402229,0.41426467490376784,0.24114850472478022,0.8087670943952016,0
3.878640250826205,0.5525458869503187,0,1385,1,9,1,1,0.860686471409858,0.07422151399293042,0.8178620138801606,0.34470183806132837,1
8.12296946470286,0.6422976865257292,0,739,1,5,0,4,0.7685000997344731,0.43998027066252177,0.20623395681993661,0.16867726213485812,0
7.095584039482209,0.4274249472728937,0,989,0,6,0,0,0.012757501956892514,0.8079832792400667,0.5906136311024951,0.39466717230853177,0
4.684053196156733,0.5094746851292544,0,414,1,4,0,2,0.13149351505446372,0.31690125905234356,0.8358632898056251,0.41192783039551395,0
8.924843372096598,0.18095261608129332,0,77,1,4,1,7,0.10714261073818443,0.7063167363049091,0.7932005945643977,0.7159682611645811,0
2.299480178186324,0.46301534973632963,0,1339,0,5,0,5,0.031825945607647954,0.425986093241705,0.051269766651816484,0.6868392575512055,0
1.7039150915862489,0.37303038909429054,0,987,0,4,0,2,0.7145230014586309,0.2342118316346471,0.36718246740908367,0.3093705868091613,0
6.4280376433358155,0.6661311046544097,0,1067,0,1,1,7,0.26737344510282923,0.30347859970181135,0.8525786147775628,0.9293255915545461,0
9.719943427017704,0.43482172349648607,0,800,1,5,1,1,0.7219566065664371,0.30257826653439734,0.8509402134732953,0.27558842856545185,1
2.472565733067703,0.7793416509802202,0,606,0,5,0,3,0.666098439679374,0.742378908011334,0.6364093244477284,0.9964638287250347,0
2.496703789338265,0.42599209857369214,0,633,0,8,1,3,0.523611154101697,0.2009359610954864,0.10853118941558548,0.0327010338852024,0
1.3949884796218992,0.23577117297395866,0,1143,1,5,1,5,0.05971422357764078,0.9777715299995696,0.404267280322007,0.6737406181610295,0
8.605635552736322,0.2736887189585846,0,340,1,6,0,2,0.3053062226959652,0.6874842621800981,0.9611520300915175,0.6202110682153643,0
2.263975404113341,0.04528522509163657,0,511,0,5,1,2,0.027114749293491003,0.4011544326451919,0.10653869821098028,0.5849291099564724,0
5.031785267248878,0.5399188106009101,0,461,1,5,1,5,0.9100202412209905,0.9980040097954245,0.8014033724686886,0.7791381552226365,0
9.908724780022046,0.8308808839003218,0,782,1,8,1,1,0.30863361616582885,0.2161715481351879,0.4178208178549567,0.5908761316005449,1
0.12140900922043563,0.7691117068175701,0,1451,1,7,0,1,0.0949495532757112,0.7629112146930627,0.7447408779123617,0.6099173944285132,1
5.564860905107941,0.4377894663384714,0,1384,1,10,1,1,0.0025181163521733607,0.2709368975834655,0.05431128018095954,0.877358217763317,1
5.122890427049458,0.1961203551445122,0,817,0,5,1,2,0.6115126652128509,0.5435644513128398,0.010314472168123645,0.18674299848860043,1
8.074473764101548,0.8634844432974528,0,300,1,1,1,0,0.6209690496423085,0.05442136857580904,0.3006284256587096,0.5311575567167703,1
3.5528153955277695,0.0567810340450684,0,1410,0,6,0,0,0.9949252926436672,0.846459136302377,0.8701797317337677,0.7121011450318714,0
4.103413588990415,0.399222725202494,1,469,1,4,0,5,0.28860918757777543,0.36615190210438453,0.6797998414691463,0.30787731134742236,1
1.6793798059886367,0.8566151423839511,0,534,1,1,1,4,0.04652519655545906,0.5844863908607759,0.6118237623879137,0.21948462406035296,0
7.408152316357866,0.3931766874041964,0,1328,1,9,0,1,0.7793823551010405,0.9272838317012132,0.9976794694408475,0.12890173930155369,0
7.847089091881482,0.11787547075695992,1,394,1,7,1,2,0.3045819567528014,0.030246725384152073,0.34729583116106355,0.2626883582936921,1
1.3666332077883026,0.2659495003457961,0,692,1,7,0,5,0.33065904057827733,0.968017436835368,0.8502522690744179,0.6660778224491224,0
3.9345707398832177,0.6000294417429484,0,1375,0,7,1,6,0.9077343388319611,0.5251793489020143,0.10966542526854439,0.6149654399396826,0
8.92904995362683,0.15203590769457087,0,476,0,10,0,6,0.5753702769378235,0.7807465739281201,0.17072662850978937,0.17175251673004333,0
0.027072736757871585,0.6549353268423558,1,936,0,7,1,1,0.4003496483740948,0.47304476560584907,0.4780967023498527,0.49115373377532323,1
2.9875907062263227,0.43816193119924574,0,55,1,8,1,6,0.9505577079147378,0.8159077776669772,0.959479347143122,0.21376973378367847,0
5.550422850525477,0.3343895008205219,0,1493,0,8,0,3,0.2652911614592224,0.8805588276147848,0.7034027991853846,0.9359727554912446,0
3.340938596599533,0.24092548052316387,1,628,0,8,0,2,0.02147791185907255,0.3816740558732372,0.11253022415206149,0.7241342681565095,0
2.720451891776694,0.8233299858567095,0,1005,0,8,1,4,0.2308752834258585,0.7226322306224646,0.9549073131546026,0.17332867502912708,0
4.600374849032126,0.39667394746340157,1,750,0,1,1,0,0.04412596573596439,0.9986180079394087,0.7657184340005546,0.2897122906203715,0
1.8152310810969374,0.7384792656062277,0,650,0,5,0,3,0.4077473442990075,0.7571316755944383,0.7366073487026202,0.8530793854507377,0
5.296252409594838,0.44035519263738443,1,609,1,3,0,3,0.8310665585603373,0.956879827544563,0.5514891240674054,0.5571220926547574,1
7.066959213132259,0.09186718688677942,0,26,1,9,1,4,0.9751795736538413,0.7366172300343776,0.3935328686858174,0.35595509878284604,1
5.752949526285022,0.4405059751672604,0,416,0,6,1,1,0.7003209199630149,0.32988693746143605,0.10989763967621402,0.5984208459787314,1
0.931093308585309,0.507687779735764,1,570,1,6,0,0,0.9261149092326136,0.8271516748585387,0.6197928922396228,0.3894825518500393,0
8.444086141655733,0.45784219349337685,0,553,0,6,0,2,0.40853203110617886,0.6663407647195553,0.12769050370148716,0.9114282524607801,1
1.7497783748748819,0.8162417117482725,0,410,0,7,0,7,0.3027094829185841,0.033067973451222255,0.5899455222395726,0.8735407969551843,0
7.648120006111286,0.9108513490430293,0,963,0,8,1,4,0.1542252285720972,0.17243404511156413,0.5396487321979001,0.16038644364545374,0
3.6056511077585043,0.786778675211034,0,1243,1,3,1,4,0.5008806993726558,0.2612730078601363,0.5965243685947964,0.6774485492412161,0
7.827613480561023,0.5827819022109597,0,1336,0,10,0,5,0.3269380556771876,0.7435638071719333,0.8267843106310069,0.8375878905049003,1
2.062729034053458,0.5414499605548907,1,1458,0,8,0,4,0.10753769672115288,0.7971326592965348,0.4111777512353847,0.21124377282043483,1
1.866621036954298,0.644616030123659,0,974,0,3,0,1,0.9319150519604701,0.8268854367104835,0.436597965217838,0.8715098583162885,0
4.970258462174822,0.2878302964393745,0,616,0,7,0,7,0.1237038061102167,0.067214737535923,0.05997984469807793,0.4195574237427445,0
0.32936014698360494,0.8118468461486851,0,969,0,5,1,1,0.7397394119989789,0.07215668147210919,0.28773981159983864,0.3077270979570663,0
2.252973387823334,0.8568481776036609,1,198,0,4,1,5,0.06807507135168556,0.2994432177884566,0.08102213716048301,0.9840613126230663,1
7.240122521843483,0.26721716318183053,0,1225,1,9,0,6,0.5271164669865139,0.6812433977719089,0.14175823927863895,0.6880049363946359,1
8.373834783054255,0.9028182081400776,0,802,0,3,0,5,0.6748025318596172,0.8421849088866902,0.4267967179404807,0.29050751262407626,0
0.8078536393781044,0.8487327239916674,0,247,0,9,0,7,0.23453448162056323,0.8693756671041979,0.4071938308756158,0.5296902346228336,0
8.820777094381043,0.42448676748251024,1,638,0,7,1,1,0.0756496485600241,0.20751531478613894,0.9358575357253441,0.6434652380280973,1
7.97517204053179,0.9090002020927456,0,451,0,9,0,5,0.5933646034205271,0.7674152811834145,0.1193199933644421,0.7119382136680539,1
8.696842957069654,0.12043899381150813,0,524,1,8,0,0,0.6029068967194756,0.6407749327496293,0.1493026326893213,0.20939069799144683,0
6.984285545788399,0.027986559208900363,0,75,0,7,1,4,0.31198249891201835,0.9267300191694517,0.7508663086265585,0.616599701618816,0
6.741530672939647,0.34786682559405435,0,24,0,2,0,1,0.37619335019426725,0.7728610438564426,0.02239860121277082,0.8472620320882129,0
5.250932333448638,0.565435698827345,0,524,1,10,1,5,0.045605765350892,0.5286212841730012,0.6509463762838361,0.8036597108945316,1
6.52787224491315,0.3514426145328662,0,452,1,7,0,2,0.2957885879711394,0.7831942828254159,0.7475611260911335,0.29427409868497323,0
9.191096645666052,0.9420677336713595,0,1498,0,4,0,1,0.8826024750451681,0.3082776946835387,0.628986977907132,0.9701926694495511,1
1.0052200141670842,0.25471022905514507,0,393,0,3,1,6,0.17129451004123342,0.786145239402536,0.2878049635911073,0.01258880299490217,0
3.157644778460912,0.28121339359267894,0,493,1,2,1,7,0.4680518943946017,0.7811684747624661,0.10358698050192339,0.7790157474389225,0
0.7245497359587183,0.6348276125448551,0,1372,0,4,1,1,0.6768262211650198,0.8552085904008625,0.9941742393213673,0.3171116299337039,0
9.448051719440384,0.0038638823417082024,0,1289,1,2,0,1,0.8028822582253597,0.2423960537090598,0.8593542519123561,0.941205325928942,0
4.45265465999388,0.7275570523545992,0,85,0,9,0,0,0.08114916927680438,0.8490008398718981,0.7306364856950489,0.8610566151344647,0
6.753444706761885,0.3774694830931572,0,128,1,5,0,5,0.591836124095916,0.16905021849437185,0.18704034079219356,0.8811608207413351,0
8.411200645043214,0.977747867643296,0,142,0,7,0,7,0.6272901739593187,0.771899608656862,0.43090999434254584,0.2518675499709794,0
9.910002480764886,0.6914175930297486,0,689,0,9,0,1,0.19738135839651294,0.9299174891628784,0.7098197882615662,0.7964155127720243,1
1.6178245779226574,0.052214955082343084,0,858,1,10,0,3,0.03084851705793501,0.03579811461396398,0.10143231972502487,0.332653148723135,0
7.995126057182286,0.09262780874197363,0,527,1,5,0,5,0.8443668984244065,0.626012647075664,0.9573279739452215,0.44720840948676766,0
8.874228981367363,0.08816810692415855,0,19,0,1,0,3,0.4400698320737513,0.6595917225561632,0.9552328903622439,0.904335354027731,0
0.4887537685087562,0.9526222598919437,0,302,0,7,0,6,0.06077926822808155,0.8151429025696821,0.1504951747697887,0.7204534024537989,0
7.540905601855734,0.6840515412175877,0,921,1,10,0,6,0.5780287087253008,0.10282339906953364,0.19705680460013542,0.6405666839515479,1
3.5472532119655034,0.4276060072889357,0,558,0,4,1,5,0.3769129604400334,0.9094306794787214,0.36407638529596564,0.1289733942257576,0
6.48596791470432,0.20048268988003104,0,185,0,2,1,5,0.08020131017371745,0.9937871197592297,0.4506843372810334,0.5382832380088017,1
5.140481960388648,0.8736397464358032,0,976,0,8,0,3,0.2871112323187289,0.6721052728263512,0.4407356867642932,0.12351449158953165,0
2.5974225208663695,0.20155592767134045,0,920,0,7,0,3,0.32683112330821584,0.4299329831699703,0.6882041586077422,0.07502378553731626,0
1.3522136200398605,0.7066792164758174,0,735,1,2,1,4,0.5749049813290407,0.6350153941606677,0.4702122310737372,0.9465804999789895,0
1.169472330892083,0.763324361545346,0,1410,0,1,0,0,0.4033335380085077,0.05470611636370715,0.18425374679346962,0.592398692632808,0
1.033228577084917,0.2946560888554083,0,1266,0,6,1,4,0.10699217783472859,0.7530341662223022,0.26102233742810543,0.0061461399669673344,0
6.377900401345777,0.5049147371706423,0,59,0,2,0,0,0.6353354188434033,0.06996659081934387,0.4111953713111678,0.4690287603386707,0
3.5141085139953807,0.22298928231839388,0,1357,0,2,1,5,0.7287991882568118,0.32259099847226924,0.5192982622515973,0.28674400013413226,0
2.166334382058724,0.3789296574554981,0,74,0,4,0,4,0.5073029722473233,0.13939872286106403,0.9230165694523235,0.15390966963822672,0
6.91885092705903,0.9651343982800088,0,722,0,5,1,3,0.06335074338510449,0.7260412546565949,0.09621295528865526,0.819121376280361,0
6.868495657664669,0.6931380346544302,0,1352,1,9,0,2,0.1032247939573736,0.5944282600983286,0.8043375132868977,0.15360896717420525,0
5.391682923569977,0.8466142061905151,0,1472,1,5,0,4,0.9446458792797889,0.6992038106551112,0.31085663597689106,0.1663500278968021,0
9.349578168658509,0.540599571466741,0,33,1,9,0,5,0.18936535753814088,0.0645661307571671,0.7270279431670503,0.23260704838818402,1
3.854142314414213,0.23903974215135615,0,108,0,7,0,5,0.3074945565264511,0.3704063367721899,0.25825748992314745,0.7124423612050047,1
8.35862971269293,0.7128798566671936,0,361,1,4,1,7,0.687513715792956,0.40616966621650075,0.38514437481924757,0.19073148537406026,1
0.7513940793219631,0.5005679607905664,0,414,0,6,0,1,0.7918356159790042,0.6023985304356019,0.4432567997992767,0.32135991703986255,0
7.398310940385045,0.1768488681070587,0,419,0,2,0,0,0.9110189202856108,0.10233070071413763,0.750774598940792,0.9023462543623902,0
9.8844741383193,0.41242988961821025,0,625,0,10,0,5,0.39518575477593165,0.6472369792558652,0.16625454867142397,0.5651415289776762,1
8.465982162878168,0.6348402190163059,0,478,0,4,0,1,0.9922920041938073,0.39469857443516954,0.3465523205277835,0.1730086238360492,0
5.796647193100593,0.7353318566822382,0,874,0,10,1,1,0.10389053211088184,0.9059199635316207,0.5285513447962473,0.8599029835456629,0
6.267660643271606,0.24322079589035173,1,1280,0,7,1,2,0.8265342560146973,0.44980913983894066,0.6575926221982399,0.5121623959905975,1
3.532895494369468,0.8759973393493311,0,818,1,3,0,5,0.2721061528892921,0.1020715736443073,0.07606938254902307,0.8342277908853334,0
6.794852182581039,0.379551107074678,0,497,1,5,0,0,0.9370909214807118,0.10340202117729225,0.0947262440141663,0.07874511082252322,0
7.703953831813271,0.2711367178927484,0,851,0,2,1,3,0.8691963097942869,0.25429557306821793,0.7184802720480686,0.16182166503933682,0
9.98228481117854,0.1951200554537248,1,930,1,7,0,0,0.7622706069297871,0.23981162943024392,0.3661488505423376,0.0918145071978882,1
4.92462917000433,0.8041713344029736,0,1344,1,1,1,6,0.6037474549941152,0.7966862038462046,0.1656155477365463,0.4812359114257986,1
0.6130406577344227,0.35416457496606246,0,1421,0,7,0,6,0.21445633879868997,0.7223885497171945,0.26320129636347167,0.38737901118235796,0
5.958579507309852,0.48339902788793465,0,416,1,2,0,0,0.4619253605327107,0.07667271971256717,0.5982146338790935,0.41600936891138907,1
1.190241499821686,0.22281982356387564,0,1377,1,2,0,2,0.03478582474717862,0.8514340499565859,0.9532964562404395,0.36653936072899984,0
2.4476504355611004,0.6860910711689315,0,1225,0,3,0,3,0.7094035737968369,0.09613004476843523,0.7319115412566677,0.42414920975838455,0
3.2877991130573725,0.7810334075524223,1,192,0,1,1,3,0.11587926745320509,0.7856278134607477,0.7970569124749614,0.3812337315039339,0
7.310298731484107,0.3394252489533416,1,837,0,9,0,1,0.2582882335468597,0.11161709610214932,0.6084485631271255,0.15966080718310316,1
1.8380812387850054,0.945079385371402,1,228,1,10,1,3,0.24504959165181317,0.3763583440171562,0.37118149002512735,0.5690829147617626,1
1.6575294684235253,0.03061060956023609,0,735,0,10,0,6,0.7879486558241905,0.7509306223327887,0.9622081138390182,0.8691678813314435,0
0.44964242498827467,0.13294310327404035,0,67,0,8,1,1,0.4006478101086971,0.2536349908172345,0.08127376733040226,0.9940816939292653,0
8.732399363538809,0.5887870315604908,0,449,0,3,0,1,0.5345409775979186,0.11332994156746234,0.8086205774171156,0.11730829248627006,0
6.935054243560606,0.7014068620483797,0,882,0,8,0,3,0.20861855614112967,0.7871952665001634,0.25827104536795065,0.4112344872896373,0
0.3994646561762649,0.250682989509059,0,456,0,8,0,3,0.33410211409035384,0.690975571726668,0.6078583448585386,0.24109132933985122,0
0.2829230563811458,0.5540710968913485,0,15,1,3,0,2,0.5118989430735408,0.8912679328248673,0.9823863824717806,0.5669003715009022,0
5.58674296475056,0.3183862470428127,0,582,0,9,0,0,0.1942038895024839,0.6415525293800594,0.8422916611584458,0.3603654018274701,0
2.8253440128671103,0.5540892456215902,1,811,1,10,0,0,0.6898125014363373,0.07395071994643443,0.8501406182696114,0.8777540021234856,0
5.967263504319288,0.6593276777642525,0,1145,0,4,0,6,0.44926737828853736,0.6386346670237922,0.823067931980626,0.9352042539331669,0
4.346041756809653,0.9728080535690574,0,204,0,6,0,1,0.9836504167458601,0.8225070718305034,0.45379374122850646,0.32508722285668723,0
9.233125623102547,0.4556968600211837,0,715,0,9,0,2,0.2465303965749429,0.08367854505336603,0.3930522319672234,0.35641754153548255,1
2.878090149613679,0.6482160402713806,0,298,0,3,1,6,0.3960596001184975,0.1356933025353767,0.5185495202296008,0.534962933729199,0
6.7914536843889355,0.5780392479199319,0,230,1,10,1,4,0.9246628826854728,0.6775672569863848,0.2851127432989057,0.6355217114737126,0
0.5405431161859919,0.31755489388757296,0,182,1,4,1,0,0.8859973882887181,0.7913304777250089,0.47814427148560745,0.7524589813287759,1
9.558605341889253,0.25306413169772035,0,1139,0,10,1,1,0.48416979732928744,0.3531510793737036,0.1267960881466782,0.10007123963240261,1
9.807574679083523,0.9878707217447237,0,1379,1,3,1,3,0.12359356338836336,0.7352616011867654,0.8925343094786797,0.05109263267571951,0
7.390746290164124,0.20685236170151533,0,995,1,8,0,2,0.4087813792321826,0.16736823254365962,0.7356707064882388,0.6782279982546094,0
4.652124715635732,0.7902752670742368,1,567,0,6,0,7,0.5873306218026368,0.4440053140897252,0.06203060747865241,0.47868731545662524,1
2.1999343932726134,0.14658739102076102,0,1423,0,4,0,0,0.2542291376628695,0.7479740588178585,0.6599489874684392,0.6727521626724711,0
8.125163402479647,0.8043512693612508,0,745,1,5,0,0,0.1911328781191779,0.1989861537557569,0.7586979057832453,0.301606964875485,0
7.363540971470223,0.18572844298954805,0,794,1,3,1,4,0.531437662534854,0.3488963455073748,0.8616119177563131,0.17217243647848712,0
2.2195403956094903,0.967156644016167,0,951,0,7,1,7,0.1760239921113077,0.6290658320006733,0.329125054019463,0.1112514892631552,0
4.512152941572657,0.6859876565745173,0,981,0,10,1,0,0.8745347378287577,0.3459952082872979,0.6307349608019082,0.7863334076687358,1
4.62798937816785,0.09011824367582888,0,738,0,6,1,6,0.07424087285775172,0.874158271214762,0.27608648831560445,0.40302949829705537,0
8.26410549972709,0.6931771194590108,0,718,0,3,1,7,0.9874006754794394,0.95672611518929,0.8488806798341524,0.08287464365904329,0
6.8384468433407655,0.6036207627815519,0,476,0,7,0,3,0.5379430100127969,0.6422895115166096,0.8751599230352265,0.2467663348059076,0
6.431675435400551,0.3375462466939585,0,1021,0,5,0,3,0.9835623205382057,0.7824002391929318,0.07655295804884155,0.8615188070071531,0
6.498274225632784,0.26073599775671463,1,1008,0,10,1,7,0.7515160505997021,0.9066964980858496,0.285071764834789,0.48153986310830577,1
2.704700793824789,0.7187607817481522,0,654,0,3,1,5,0.1528980850860504,0.7018593375997247,0.10281078650659026,0.8533423441365213,0
3.71711259829534,0.7413613729498658,0,1068,0,6,0,4,0.22743752780249238,0.7733141774336614,0.3987608843451692,0.9453351930826539,0
0.4566228543670614,0.32720584895253657,1,206,0,5,0,2,0.10694690384769223,0.08021920126153115,0.005149123900252572,0.06695729070885637,0
7.869411358121238,0.8762271108395037,0,624,0,9,1,7,0.7290852922066601,0.8237626852590444,0.7828229089809406,0.9432229626037708,0
4.329982151698139,0.26882721888849126,0,1480,1,2,1,2,0.1686584728717455,0.2745646093669597,0.43145179448202653,0.3710657916178254,0
4.382383570875735,0.06986442597481102,1,1100,1,7,0,3,0.7145796948678638,0.07080452413740412,0.5342918764676163,0.6982719022392544,1
2.453562649336267,0.5998678448275786,0,1080,0,9,1,6,0.8594984906292134,0.5894715218015206,0.7426179719041822,0.403127991111079,1
2.094272814594289,0.10707057283161614,0,1294,1,4,0,4,0.4117144439300583,0.22678696968846523,0.7123238678121002,0.614617421661568,0
5.878219295690292,0.27666406426648527,0,912,1,6,1,6,0.6610375099010591,0.07984686079208558,0.3146622201771908,0.6697659473965362,0
2.325530152036758,0.5071863930484379,0,993,0,3,1,7,0.8951957817531911,0.6095614354276612,0.7827673601098959,0.1329850726102867,0
0.6420885156546441,0.2863596223572976,0,722,1,5,1,5,0.7531256100919933,0.09855232510690637,0.6407575414780873,0.43112378539785634,0
7.675074159808983,0.2149963424200444,0,1239,0,10,1,1,0.13076061955117146,0.8872275296400584,0.21817119912208205,0.20659150612232824,0
3.7646943440636593,0.7031854149056544,0,1067,0,4,1,6,0.2925122339376035,0.969272483143582,0.02925199427578551,0.11930620829854455,0
3.8023558389930443,0.5469993414022956,0,785,1,3,0,4,0.5356376166309499,0.7381923303516411,0.7561632244608928,0.5919435985802382,0
4.313182815157913,0.8397612482502805,1,190,0,6,1,1,0.26426913574522337,0.2876632417980365,0.16564743743974275,0.6802630739370872,1
8.150448234080939,0.5812395946554776,0,1209,0,5,0,0,0.5059238034632734,0.5625410527307343,0.11261465415233662,0.25756784498603114,0
3.2083689593981712,0.48344721177377836,0,489,0,8,0,7,0.9528307529421376,0.031385687153298814,0.4204105254217043,0.007325351908029631,0
7.58036211257836,0.2612563516107882,1,538,0,1,1,0,0.45316706612895374,0.62139951690359,0.9217179383948644,0.9707596255762408,1
9.395448407795433,0.7920658750912973,0,187,0,10,0,3,0.26166984913228897,0.26384076219675023,0.7181552715797512,0.474849357213895,0
6.608681959247994,0.19687100856436723,0,325,0,8,0,7,0.14657867877900765,0.4550242818996063,0.7980616294067185,0.651825320747677,0
4.316810811770246,0.24222841097316028,0,189,1,9,0,6,0.9010975030264898,0.17886806946121825,0.2698925179663093,0.0752227622294539,0
7.477897231466647,0.84158859675307,0,146,0,5,0,6,0.2297931891012831,0.9865516651183877,0.8350519285221407,0.6202175923234717,0
4.578973697513855,0.7411925257292111,0,32,1,5,0,5,0.19362009841911842,0.20742455889565148,0.41538050733199805,0.7626004772233483,0
4.144272711081408,0.6128734889795205,0,442,0,4,1,3,0.5511372819706148,0.4169351083829361,0.9793979830460666,0.047387900043259434,0
5.2528316357268325,0.038920530786573426,1,1133,0,9,0,2,0.46171105189134565,0.25460072984657767,0.5697541928471931,0.5235721877618763,1
3.177223348092938,0.12725761828472648,0,1295,1,1,1,7,0.3856648914121309,0.5415876091416923,0.6062341047666188,0.14201302481998002,0
1.042502162800012,0.49995746018760967,0,340,0,6,0,4,0.5786516826314644,0.9053421672651598,0.9151326888166651,0.14691961135340847,0
4.148520055261652,0.746338923482891,0,635,0,3,0,3,0.5694058866846756,0.16338846390844586,0.9484019252124999,0.6148017184907132,0
1.2385688112930193,0.4641008641918233,1,1248,1,7,0,7,0.06840251816600695,0.14081288095608635,0.01764631327721622,0.6192580467270252,1
4.104414735554467,0.017293024414783087,0,1060,0,10,0,2,0.4149186621504757,0.07406513707339124,0.23245769328443266,0.5537700399357265,0
5.569337212134503,0.1842699986668217,0,1356,0,7,1,0,0.7209866160477623,0.5893513073376321,0.6142450356682508,0.5101688899585539,1
9.307111812056467,0.5887666996202181,0,630,1,1,1,4,0.38167914691701466,0.6020769798903751,0.003614407803161357,0.4699885812569513,1
0.3622233104530359,0.6942170596879913,0,252,0,4,0,3,0.9976593476324369,0.8213903763193698,0.3175302672592071,0.4812212724489465,0
6.214584065019442,0.033428312711904384,1,214,0,1,0,4,0.2353850609709076,0.8359613310840178,0.19631391843976387,0.33445977356758483,0
4.577351866500773,0.04333175346050033,0,1063,0,5,1,4,0.49636428623469797,0.10194245233752586,0.5234770992621208,0.25732982681427363,1
0.20261128204139167,0.26131011545636296,0,39,0,2,0,5,0.6739292805223791,0.9105253505448782,0.5973131087892772,0.26564519783359863,0
2.4954817593872036,0.08350169538656493,0,690,0,7,0,2,0.547862685467851,0.8293831064827735,0.18901445360972213,0.9080998667121749,0
1.1848525235480156,0.5419462321933647,0,529,0,6,0,2,0.03907312192589274,0.6472470729170018,0.5363867238948418,0.26670787294116427,0
2.1679414573144475,0.12370198195668047,0,1378,0,4,1,2,0.5136661869979653,0.3470601101203731,0.3967257686868716,0.37451421210916047,0
2.745702434609182,0.6482193349014225,0,1497,1,9,0,7,0.9664271691633401,0.7455860178214347,0.9909618421759712,0.5040840765863086,0
4.013063353821963,0.777225319307587,0,726,1,8,1,5,0.4066638831653392,0.620673718964351,0.06510276349606747,0.7426933306065562,1
5.290393934888903,0.9705166637521067,0,870,0,7,0,3,0.1161788787195881,0.35304644749360403,0.8406852061535814,0.7770972448948372,0
0.009899939263861013,0.9484069616377143,0,568,0,4,0,7,0.021258406665039975,0.013255714879659264,0.9994809782760012,0.7216784266931019,0
1.618693606287408,0.2733651502352782,0,1165,0,3,1,6,0.41226481905908063,0.5924609766327088,0.541591719267331,0.3030311510591652,0
0.9356638560880071,0.029409602623172826,0,441,1,6,0,4,0.18529681861517155,0.5764910044870456,0.6805725679052572,0.1630923441765445,0
5.496733992627437,0.32941221611176796,0,1116,0,8,0,6,0.8346987466546977,0.15457797666981832,0.1279472657559203,0.8170265072505851,0
3.290748704012698,0.7084801187126533,1,1355,1,9,0,7,0.9522574736197861,0.9063261563989532,0.35082212020563797,0.8744866550034145,1
5.483977360347181,0.05980120927253929,1,257,0,8,1,4,0.9405300726720326,0.15927640544405708,0.18148967162322882,0.9129256840419304,1
2.2182330217467783,0.3597126576714287,0,339,1,1,0,0,0.3745295341350493,0.28709614838677433,0.5833207995565389,0.8583427359602083,0
0.24229354087584865,0.29803454754690695,0,567,1,10,0,3,0.4547570608068896,0.3719880445235677,0.9420892571805831,0.3613767083155244,0
9.413669012702467,0.2193456358189767,0,1241,0,3,0,1,0.3150797280486106,0.682965655212832,0.029593611945688436,0.15350597410919464,0
1.0830812118899402,0.7061307547303153,1,961,0,1,0,5,0.12905245659036924,0.08164012585890634,0.4944461480550538,0.6704280513426865,1
1.2685874796171681,0.6590970050243741,0,291,0,6,0,0,0.5590388023329278,0.7023744374493458,0.7235572329553919,0.649417483151055,0
1.465468265101405,0.5354940940343433,0,552,0,5,0,3,0.18620525252626685,0.4144777643283143,0.4306201659937027,0.24789883352347664,0
9.812765239932727,0.9107746396815976,0,965,1,2,0,3,0.059408197546951924,0.18294625524768482,0.5388697096438622,0.6202206850547651,0
6.176602401699961,0.10313885273027246,0,1447,0,3,0,3,0.8494333258146024,0.11208046718733666,0.45297396386186717,0.9982428319495054,0
6.102899517038506,0.14968922447813082,0,676,0,3,1,5,0.7985159920852952,0.4123360025626529,0.5974900716122936,0.16853395088969247,1
9.866982015185297,0.3834496792194131,0,111,1,5,1,4,0.9262824224757654,0.4459827750270713,0.06857778280790872,0.3785781527385247,1
0.8843876927465477,0.6558820518629006,0,156,1,8,1,1,0.32740576742886107,0.13730153337061324,0.5467947571866901,0.3910497932892366,0
9.74500892542289,0.5840792922454121,0,43,0,7,0,6,0.8707205453573744,0.48246582595265863,0.5117802216227227,0.21353181493222673,0
2.040131465540409,0.07404268746793197,0,188,1,1,0,3,0.3984519300239401,0.5024386031000043,0.1818550254419231,0.7880697310948824,0
6.230715035620355,0.9584248037464674,0,618,0,2,1,1,0.07277942765194712,0.9810105177894052,0.5347506639268736,0.7073028719783266,0
4.200835653027917,0.3050648164613915,0,422,0,7,0,5,0.45784110487063034,0.7133043031501126,0.4631492648902389,0.21696951386179986,0
3.839518134771782,0.35897261378309386,0,451,0,9,1,3,0.5537861530415527,0.012168944152816885,0.5931767163377466,0.8577957347645594,0
9.312433284794626,0.6236297990434235,0,1149,0,1,0,5,0.43209251885962796,0.4768681997787383,0.5638253582507112,0.4258001916427756,0
1.4922772844025645,0.9451655174597346,0,715,0,4,0,6,0.7854358662802758,0.02158983179650964,0.4045884299476249,0.5509083397137505,0
9.970690110762435,0.662688239103272,1,1093,0,2,1,5,0.3518277763604337,0.511212974238124,0.7811346313645269,0.6848929375538612,1
3.791250610915485,0.9547733295477041,0,812,0,5,0,7,0.9210610167681825,0.3379371040636082,0.3574559692462673,0.8741580884514236,0
6.4877490388855446,0.18759111882047896,1,307,1,4,0,4,0.07416337298797981,0.9035067870596001,0.4745372486124906,0.2268350268639182,1
9.6790673148336,0.618809928972935,0,1422,0,2,1,3,0.7204073384860645,0.49328899540524485,0.42641014917707076,0.5923454622078125,1
0.5760105037897478,0.8288788918762848,0,714,1,10,0,7,0.9289779793323514,0.8499042620153793,0.4858721853271458,0.6715756715389148,1
9.228643629251906,0.5090244682548472,0,1254,0,8,0,4,0.5531622082205802,0.5838724245212231,0.8001829114076783,0.8863808770847271,1
5.678113853543433,0.36217367582934046,0,145,0,6,0,5,0.878678296964503,0.39651318539867697,0.7096615097555942,0.7722932916989212,0
7.043968789774523,0.9847585300318772,0,1274,0,8,0,2,0.6918311865247455,0.22970696980417804,0.04223791096965601,0.9144346670366498,0
1.4918418388634835,0.1409873403966605,0,1073,0,4,0,7,0.014529334785205572,0.18315709599837737,0.49457835880679357,0.07523262704602907,0
5.333874308310323,0.41092952752865664,0,374,0,10,1,7,0.6712446444139886,0.7945462962015212,0.12475378285908723,0.42545655383547165,0
6.735137147252437,0.8733737525606602,1,1189,1,5,1,7,0.6565616595264343,0.8829865570812248,0.7293428867594981,0.30632864058847775,1
4.562473073876818,0.9004807465059209,0,1113,0,4,0,3,2.7464833659673893e-05,0.32408507002760856,0.9866943047156446,0.49718332009750354,0
1.5498517810605672,0.9803821015597741,1,1340,0,6,1,6,0.40916072770621514,0.49461252423821245,0.6188020311545858,0.810810610222132,1
2.441190750855766,0.8848475922643815,0,314,1,6,1,5,0.03879941706190748,0.2875016095171421,0.3798614569489024,0.4925607359597933,1
8.543927909934986,0.050957025387412536,0,1328,1,7,0,0,0.2929987974973789,0.45529440116755215,0.07231427177993832,0.03515159132184997,0
0.3447099283276278,0.9297664996274883,0,1143,0,9,0,7,0.9865824789393582,0.8694913731115523,0.3325692527081119,0.6708194634365011,0
7.088620784408124,0.4281671914067853,0,506,1,3,0,4,0.9402841832108733,0.13797455500158096,0.5252915768344263,0.010293196095569002,0
9.993900365145269,0.651619187456582,0,525,0,8,0,4,0.6848592718425573,0.2914860268283572,0.8808584727744649,0.09775238055967628,0
0.07482996106766615,0.3942758691671191,1,381,0,2,1,3,0.36685208653165,0.6952715704494526,0.5129934938611873,0.7277282956412113,0
1.6104568281993992,0.8136680766135487,0,715,1,3,1,6,0.3964519299883533,0.31062578058466006,0.9844315162759247,0.8310003745167445,0
6.741443008931345,0.5759192763227661,0,1344,0,5,1,0,0.038214687320596075,0.08115617242767026,0.36916648582670997,0.31811448846877155,0
0.5999083458534826,0.8455446425540043,1,1256,1,6,0,3,0.33828491818593953,0.37440528118402683,0.0004913922774196777,0.5690062630049711,1
5.897899838558589,0.19377147152076724,0,219,0,7,0,4,0.7843845313912499,0.6763920002609853,0.6286252790820226,0.5471845646189263,0
6.840001035610561,0.18498309475490227,0,196,1,2,0,1,0.5193529536745303,0.9840049346013388,0.21913909919854657,0.05559812513782092,0
5.881463481140702,0.440376801584787,0,89,1,9,0,1,0.47667777605888073,0.8921429949766916,0.24378463761572744,0.5448474758812091,0
3.6518470302106723,0.004751544962480536,0,921,0,6,0,4,0.09109792065722688,0.5618778356133606,0.017422697280147226,0.010970328621419556,0
6.97282295986639,0.6928529548962581,0,471,0,6,0,4,0.9190004771393835,0.7773331335088302,0.5314722656990835,0.8199707489154315,0
5.942944280138205,0.296053727808011,0,1141,0,8,1,6,0.2830732194045358,0.5713881754428211,0.2475077742742401,0.7481343658630872,0
2.076371720939197,0.5572993462144499,0,1140,1,7,0,6,0.38290280985919656,0.4938970860034456,0.9942902420480947,0.2837115531724984,0
5.6313554358510975,0.07000356046084688,0,296,0,5,0,0,0.3307098526955984,0.1706326036421597,0.8356570523555833,0.26233042746120905,0
8.819072171389275,0.17064435938269396,0,1041,1,5,0,3,0.32873410250500945,0.29216951745965014,0.7211900643187025,0.19012280475815901,0
6.6683328569045,0.6228591700219328,1,1146,0,3,1,6,0.5993239547510599,0.45210689054808095,0.3538915587209345,0.9527626919448834,1
4.717915073938471,0.3056626271110431,0,1480,0,6,0,7,0.6270323432537884,0.9856036459704535,0.07159713619856467,0.8457877703259956,0
3.215841028694512,0.2147219425856337,0,1084,1,3,0,0,0.5985621055648228,0.6085623868984944,0.6689428513091572,0.8377364887878735,0
0.8588620943757286,0.22884650080776792,0,539,1,7,0,6,0.06849812703007507,0.944878731098092,0.022301500124081386,0.4662133901433413,0
2.4462713275902868,0.21481936472549545,0,1499,0,5,0,1,0.9695374824410293,0.2586829223872441,0.4416009167358578,0.8115214586271022,0
0.11186753086876888,0.6228509494305482,0,413,0,3,0,6,0.7139876960657188,0.06897125732061327,0.05277033505786011,0.5915631330418597,0
9.866259175249644,0.16769121446945712,0,1207,1,5,1,3,0.8827286835758722,0.9783750766120805,0.5597077838699588,0.29946194232942214,1
2.2248225212873995,0.36270635917989036,0,567,1,10,0,0,0.15966932564368186,0.3296242891822355,0.5595418639403994,0.4304354425224213,0
8.148759426853726,0.6878868655934522,0,1402,0,6,0,1,0.9321080701637954,0.5353061191396459,0.5306156146588372,0.4090892324792871,0
1.686448818049786,0.5136710573476506,0,1173,0,4,0,7,0.7216806665306396,0.07114294468219262,0.7145870932276999,0.35182474883666115,0
2.836011496055739,0.5972808707754839,0,899,0,5,0,6,0.5007157364696412,0.8603915435096204,0.22815530122786887,0.2422966801876566,0
4.182773192283667,0.2509069794637485,0,321,0,7,1,0,0.023132512380655057,0.0006800892946756676,0.24216839641482324,0.3982452128792262,0
3.244056641416051,0.9327148731652056,0,282,0,2,1,7,0.25318577007700516,0.906011893669623,0.41616329594374724,0.5992919931896725,0
7.983508127598611,0.4138792483163356,0,1421,0,6,0,6,0.8387413683612424,0.1653708640773247,0.7027706012783023,0.19618705441595463,0
9.576934080154231,0.28696393661233455,0,1202,1,1,0,4,0.37918169967005855,0.18347827863885524,0.11675247606492067,0.14184625310483745,0
8.752944836508485,0.9043261840584723,0,768,0,9,0,0,0.6782767273819127,0.8257994515569463,0.8858878189262039,0.6902278030016832,0
1.5357786694775655,0.655289615264387,0,1316,1,7,0,3,0.7307930299748063,0.3862304230592023,0.252212090524809,0.5263383960151525,0
7.766886763492903,0.6139458631384505,0,1174,0,2,0,1,0.7756497079254584,0.25601782549530105,0.12788692664877743,0.35216888381136013,0
1.4794691330471144,0.8867346521661681,0,581,0,5,1,2,0.38235228296694057,0.5964410360690969,0.598974217053364,0.9079019794580315,0
9.133811065621014,0.05854028627138441,0,1240,0,9,1,2,0.9098333782170352,0.2544114782747743,0.27558209117429855,0.4613203658344819,1
5.178785756685784,0.8376795120075803,1,1194,0,10,0,5,0.29219995908475027,0.2865474042366678,0.40876280698619805,0.3317365323464352,1
3.3638108805670672,0.6778643643051009,0,718,0,2,1,5,0.8360645983219457,0.045550333960988953,0.061114573360340096,0.21625597830614685,0
1.570254973341928,0.35999279478012935,0,29,1,3,0,1,0.42473307040451447,0.5394112796593747,0.46496406922492717,0.3231716594539723,0
0.11809088179004612,0.2563513425238556,0,1112,1,2,0,7,0.23422885292664564,0.12941910571057091,0.30369530636542463,0.2737472878801044,0
2.4794699166088474,0.10480589988155764,1,509,1,4,0,5,0.34344935151256606,0.8371213779342331,0.16982212781900863,0.866809230320367,1
9.14020063281312,0.94107417024669,0,547,1,9,0,5,0.7995634388062371,0.7510201351820648,0.38631481264943646,0.8919880562235347,1
7.972621922722275,0.1419121033295362,0,1070,1,8,0,6,0.6148705674420806,0.28545927469926025,0.7700671783123528,0.4125803709456901,1
9.697937077507195,0.25943853573088427,0,1216,0,3,1,5,0.13667870919772362,0.5337785773483824,0.7636501570531273,0.2609523288651062,0
1.0076152112137304,0.6911071795694699,0,131,1,4,0,6,0.12396725973486167,0.5773768915135781,0.3604859842422712,0.13034791264618817,0
5.921787435056695,0.7101524378859926,0,1235,0,7,0,2,0.6872008068056038,0.6664516950837737,0.9742359037524223,0.7161310528415555,0
2.571504740307766,0.16076870460259396,0,439,0,6,0,5,0.2394922736621281,0.41892076241839915,0.12588616109245565,0.8790869647795904,0
5.429417057724074,0.8141311607656276,0,849,1,5,0,7,0.20865948491760344,0.6525321714757648,0.8547508306440132,0.4111171318743815,1
3.2045488556345516,0.5102872691763625,0,1302,1,5,0,6,0.7495017669227739,0.16938966498625796,0.9789520356113572,0.8748984657091671,1
2.8346555024335753,0.8484566781151089,0,327,0,10,0,3,0.32265367289590374,0.4710187315656543,0.5729598082113346,0.2475131705840461,0
5.738453020245975,0.08728538984754453,0,331,1,6,0,5,0.0683052599281172,0.09400626715564664,0.060133752343963676,0.6087134420891386,1
1.833181618695403,0.042829999093689675,0,1455,0,8,0,7,0.42483487158365585,0.9410698046655295,0.9210391405317616,0.08109212047685432,0
4.691334369721169,0.6369903814943497,0,559,1,10,0,5,0.5691787042446779,0.40140936828644735,0.4369609836435283,0.5631244061002828,0
6.508122650440348,0.15002379710981684,0,1420,1,4,1,6,0.6014891970061493,0.6174415001639944,0.17188853685967131,0.6386811426209485,0
1.2818207318280406,0.5249490457332999,0,535,0,8,1,7,0.058505408108135204,0.48981634215429026,0.8914229985988523,0.6443796860767034,0
9.30594270876904,0.01410875928450872,0,929,1,9,0,2,0.45355930965991464,0.02681756434188476,0.42687941751754543,0.7787850570112961,0
5.057246994541248,0.7799292605482002,0,765,1,3,1,2,0.35956199329080873,0.06271349787556868,0.4993871680176053,0.09474526910848768,1
8.195279718843423,0.8995301701785016,0,1475,1,3,1,2,0.44893475290042417,0.26455624757823115,0.5710205486401232,0.2785608136305364,1
6.539054306210633,0.838882761964288,0,825,1,2,0,2,0.041697302457728624,0.6749350593620272,0.9066008772175476,0.6930642040656745,1
7.100009412225456,0.9583528131504183,0,754,0,7,1,5,0.2956069104989383,0.6414346732757498,0.5037495627596872,0.5920751983874026,0
7.16130940992838,0.9030957546587897,0,699,0,8,0,3,0.6434585387518903,0.18794499124222852,0.8882045707811027,0.9494524944128505,0
8.750998970614726,0.44401801829036525,0,563,0,8,1,7,0.1259163614526323,0.4886132130782421,0.17022999222835622,0.7841793184420969,1
6.136054350469241,0.3983482084436466,0,660,0,4,0,5,0.9592203888231016,0.3670612170626847,0.6167049964670286,0.4709798902993171,0
2.782171517213896,0.896183667971543,0,690,0,8,0,5,0.9939107501084263,0.5685442736555306,0.5255038017451873,0.5337474478332319,1
0.9950964286545716,0.926938795357227,0,1145,0,1,1,7,0.36044230020605517,0.33468632128158937,0.32503832896425344,0.6596989179065122,0
6.062506194501415,0.972835948318037,0,68,0,7,1,6,0.6809554363264771,0.8961981008439106,0.21252906733360344,0.010228263465330012,1
0.6635280377058106,0.7683172348427827,0,751,1,5,0,0,0.6353435228672073,0.47241859237204553,0.06993996344866471,0.3642125958467325,0
2.412934516895302,0.20198882994138034,0,823,1,9,1,7,0.16716481565989394,0.4265778370068195,0.2617348896353675,0.12190207351253501,0
0.6070718460191171,0.9449541361107224,1,1129,1,10,1,7,0.388194109473854,0.7033262941678026,0.6805887234369787,0.2394402891022669,0
5.488875890065671,0.9471414668162196,0,999,0,6,1,2,0.9806462925693095,0.7806877404185467,0.2782088162834512,0.8295071012641434,1
1.6033812494286803,0.6661313639129715,0,647,0,7,1,1,0.12767426722714914,0.437552710192457,0.7281084156753312,0.5484717616491654,0
6.104073194334733,0.8572802663494847,0,164,0,10,1,4,0.5751767718959588,0.10896019707829452,0.8751525470400037,0.8604602568459463,1
7.908651308632676,0.5611764211639523,0,558,0,4,0,7,0.5991807441222877,0.08508901473569708,0.6943053017614538,0.8888180195133005,1
8.218807207718623,0.9441269454117227,0,383,0,2,1,4,0.1675254276309004,0.3268742875688647,0.8050691804194776,0.8059490084920649,0
3.0954350813762743,0.09393639659209119,0,306,0,6,0,4,0.5352481463437031,0.7325822761179959,0.5732061867035743,0.7620753184297707,0
5.48954532694496,0.8639636964847707,0,1081,1,4,1,1,0.9174620934774843,0.653638783834341,0.9466051291373735,0.16609913946645172,1
5.63010760086359,0.055503629037139346,0,717,0,7,1,7,0.1156562117766522,0.28773535438235265,0.7629416326804225,0.2692926614745995,0
4.728871821541666,0.3391070522180205,0,1190,1,8,1,6,0.18974299449562815,0.004393375631808416,0.32267589681168407,0.7040777974649095,0
6.551138914247648,0.13532564261526192,1,207,1,6,0,0,0.2556285812395164,0.6426725997905931,0.7233494012174879,0.3010485818307802,1
2.1008712382353356,0.4791350924629122,0,1478,1,4,0,2,0.750979584600647,0.5644003439964344,0.6718583366868096,0.37514959978858575,0
9.792432395867943,0.23224615799246995,0,710,0,6,0,7,0.5772514178770745,0.7724891914852918,0.7514191000156187,0.9363517232591413,0
0.9807982709093244,0.9520723793339971,0,379,0,5,0,5,0.5035470273142567,0.6861658311336846,0.31936235285838144,0.7058685403253752,0
8.292211412031191,0.5593213336534095,0,544,1,2,1,3,0.7920642102348427,0.24690027393483438,0.5095817216403938,0.10663498928446524,0
5.940959869511878,0.8977307363037248,0,1262,0,8,1,4,0.9782671449305222,0.7328993700339828,0.8803853294487477,0.721202063745044,1
2.448547471937159,0.27805846905115095,0,1064,0,4,1,1,0.19595805134911926,0.4863810871399712,0.9757142553595096,0.7937873893930236,0
7.456750006602998,0.025977559946560813,0,258,1,6,0,6,0.8120504188283537,0.5747767520213994,0.3599375321544521,0.9133130446052782,0
0.8448089567707195,0.7756550036839217,0,1485,1,10,1,5,0.3700883707133811,0.3569931875673312,0.48670371465419415,0.6851238368794104,1
7.744178344487831,0.7023776599719719,0,196,1,2,1,4,0.14599122375890994,0.7905893341811501,0.33082474931324446,0.0957079355940963,0
5.899852222430136,0.5454916456741936,0,413,0,5,1,4,0.25652010092779676,0.19608760616769538,0.7179391717781058,0.765276218602589,0
1.107503183964016,0.8153427297292126,0,1093,0,2,0,4,0.39929648309146926,0.2045393841141403,0.03878873350536649,0.6562994055415836,0
0.7950556309237022,0.8400843726481325,0,794,1,5,1,3,0.8991608921642679,0.23742608566830925,0.953812582280984,0.4561332157350866,0
7.508363334364625,0.5879033080181738,0,668,0,4,0,1,0.4784095311960024,0.7895521873509292,0.5493679861367298,0.7605381138030096,1
2.929359065038372,0.965927791853937,0,1389,0,10,0,3,0.6143030626007719,0.7281038785618835,0.27094833127946194,0.5251181779597172,0
8.893018507672135,0.7197119476173273,0,1190,0,4,1,6,0.03323446527274854,0.2695876173620333,0.03729041870770966,0.932290752509607,1
7.62073021030176,0.6768753761626287,1,1443,0,7,1,0,0.06400671171532202,0.1438846122927705,0.5607427494864817,0.9315960244150382,1
6.981902447177161,0.36142179255864537,0,423,0,2,0,3,0.9383326339560449,0.02818969916985159,0.5861767682182634,0.22544932337085366,0
2.7860605263345093,0.0022585786000076657,0,1275,1,5,1,6,0.8383178128389648,0.683824523025003,0.6952451018008701,0.4405821909104518,1
7.089445190216179,0.240942673894178,0,319,0,9,1,4,0.4896406506797496,0.5388730865187122,0.5253952725659546,0.1985201354995071,0
9.48147684514834,0.7639205068146299,0,1208,0,7,0,0,0.20039825875437256,0.7023143566229407,0.5157046007704,0.3307178528387055,1
0.9155983437056892,0.7098712544371741,0,823,1,3,0,6,0.04017562116047413,0.7082550995310121,0.30412948344690804,0.22309317867059741,0
3.26162642003566,0.3310221448300942,0,896,1,10,0,0,0.9753488518740228,0.8447760370354996,0.19403749202803133,0.5119184992419706,1
2.3467226546159417,0.6255829745384388,0,172,0,9,1,3,0.005672287880468807,0.4159663289514125,0.2510033118128906,0.000643871747159741,0
3.932501344006667,0.19528747947313718,1,1318,1,5,1,0,0.23764778532885655,0.8272741602415477,0.37475681657436166,0.7914016330698697,1
7.423326548539464,0.26362771926904405,0,418,0,10,0,2,0.6839029729042115,0.4357674920637221,0.7733459323685014,0.15894020740092019,0
4.742425814253865,0.9474080939024966,0,897,0,2,0,3,0.937898256210071,0.7078214111239601,0.11825444410559072,0.27412266469142776,0
5.707306061202463,0.4131805729355945,0,249,0,4,0,2,0.11705930915112495,0.5511419496970155,0.6436836296464699,0.1749104447419334,0
3.1415488807834233,0.24498759429885453,0,1388,0,10,0,7,0.7738909989687388,0.9214247038965667,0.03796127122931359,0.3539532681036197,0
1.4128926708710055,0.48710824683899145,0,480,1,10,1,4,0.3317681307847691,0.37012845357613555,0.043087209187294806,0.0770322528625742,0
2.6693364893772853,0.3870158797873662,0,1144,1,9,0,2,0.6797184264798182,0.6898271290816247,0.27364847772436307,0.8589073020435194,0
8.59680301241987,0.7295290373491057,0,1148,0,2,0,2,0.0966332303980848,0.5980949690553223,0.3571915344561053,0.41494856335390085,0
6.024169621534105,0.9621161064908811,0,825,0,3,0,3,0.8648168268977217,0.9986826687970033,0.1898881752485343,0.9242199472831524,0
3.7798867319723373,0.5917374244576918,0,181,1,7,1,2,0.7072239339604005,0.07726177437932358,0.886236363202509,0.04696157586297389,0
7.899059817355876,0.591147186936915,0,419,0,1,0,6,0.9556018394526306,0.5981088648771107,0.3047165866068283,0.1725957891771992,0
0.6445743245490876,0.36483385872348306,0,917,0,10,0,1,0.5024191575607241,0.23244314242534525,0.4683586001296469,0.8358266217192544,0
2.538910879223857,0.5646309319752953,0,803,0,10,0,5,0.8876913302177539,0.8841859381003447,0.9941164095450801,0.463810813871685,0
2.3010315405733928,0.3193288663871382,0,877,0,9,1,3,0.5403986272974277,0.7944990068013981,0.25389899735858656,0.059443131932685134,0
9.85364562168222,0.0010920743123419285,0,374,0,10,0,2,0.5127891859193724,0.6618393623193991,0.6187931819518704,0.04667958558634522,0
7.060985823927602,0.8660961728784851,0,807,0,3,0,3,0.09461042121593477,0.480348608585745,0.7465250119756806,0.8948532549306547,1
6.177859363885542,0.4294440855217052,1,127,0,9,0,0,0.8141694769851137,0.6812916984101965,0.27104239061644186,0.2617071466994123,1
0.049849652944728984,0.4920884850539967,0,726,0,3,0,4,0.41220251882876524,0.5543376314007776,0.057482034522193914,0.41088323391261894,0
1.8431000208985737,0.08350091542592819,0,137,0,2,1,5,0.6000250443402845,0.2872990653055132,0.7913641814758431,0.8970089545482425,0
6.355412929730782,0.837110513405392,1,995,0,3,1,4,0.6506916287488145,0.8194221545647133,0.28902169549799916,0.6676367756667485,1
3.7971932648166575,0.17033707037759038,1,850,0,8,0,0,0.7748113021731773,0.5125760654387105,0.32126183138975184,0.7704481494893681,0
9.242803836790609,0.41062115878431593,0,1277,0,10,1,4,0.5753443128565303,0.2571191158068642,0.4147437152293554,0.47150060489102996,1
7.647242191417579,0.8402655470638813,0,693,1,7,1,0,0.6199105482309952,0.6643506370910625,0.03904963892998459,0.6952495186340051,1
4.4738407280412,0.4577829402135195,0,243,1,3,0,2,0.5207546646004206,0.018641777829166206,0.8514164910511419,0.5843193477933111,1
7.495149775382704,0.9311523354664637,1,352,0,7,0,5,0.613951722996516,0.7200893849599845,0.8633326822824289,0.17028881875027913,1
9.754043238262216,0.20931430342068968,0,1221,0,6,1,7,0.44422901334093245,0.4703349939036938,0.871362975090268,0.5726867169590305,1
4.609808247014707,0.7152328299547713,0,1437,0,6,1,7,0.7764115149914489,0.6343142157707548,0.182620838902403,0.9255834052374896,1
6.425258878885334,0.9779985235617275,0,92,0,4,0,4,0.8105072479568572,0.1572176388716241,0.9762119913500036,0.34523287014185344,0
9.186646150612951,0.5496136372203109,1,1014,0,2,0,1,0.517107573718847,0.7182520664346251,0.6614858292733857,0.4938786356691025,1
2.4867466203617328,0.6921838986439929,0,723,1,4,1,6,0.14662803930809742,0.7232760847674212,0.5929499760698216,0.41608469230180767,0
8.865579136662783,0.39322665960100844,0,386,0,9,0,2,0.37349797241662863,0.7415905638072333,0.7222657005817117,0.6886283721333871,0
0.9754470677298266,0.7513373397254689,0,767,0,5,0,4,0.8399386696479172,0.46719986052019347,0.7559556876124358,0.627017542081124,0
6.4844817058764646,0.9088740565237291,0,1403,0,1,0,1,0.9167490021598936,0.6405063924226293,0.416127392643736,0.47705683493628614,0
7.828381550557843,0.7030555670505292,0,296,0,4,1,2,0.2670530017376632,0.549255217704818,0.5839225352150476,0.047280132019497545,0
6.146062192524261,0.9359287113809792,0,1255,0,5,1,3,0.9411026002545265,0.23307984619236755,0.5851439921931673,0.26453631968508207,0
4.95534804152543,0.5886526519923097,0,134,0,6,0,5,0.27671324274587616,0.02302286822474997,0.007809849664620505,0.31452738936274593,1
6.17347099925686,0.5771374404509629,0,1080,0,7,0,7,0.9188768427465391,0.4135768382239383,0.009767309235793165,0.73249118816546,0
1.5166370877944457,0.30462738810915535,0,112,1,5,0,1,0.935435526037511,0.8149170497558506,0.47070452604211566,0.39628754469027794,0
2.1557071033021833,0.7096274911637859,0,91,0,2,1,4,0.5048319088182472,0.3222374392158708,0.5584707622109691,0.37830495854606094,0
2.6989934395634196,0.8819525217561553,0,55,0,5,0,7,0.9505521542389218,0.7490018366632072,0.7072211447561958,0.4458635815546296,0
5.977793406300381,0.6463162261289312,0,1207,1,1,0,0,0.5492723658641315,0.6396655074830934,0.752714916610162,0.4319839472378334,1
4.419010737450705,0.23303922059858295,1,860,1,6,0,4,0.3788902880280586,0.3532640040561389,0.5857807636255947,0.7176709509256658,0
2.4447584248583953,0.5441091147216865,0,1035,0,5,0,6,0.8101595052526882,0.0005755643648684972,0.28439380366328293,0.6703085328593836,0
8.8280933214458,0.755937416951415,1,233,1,4,0,0,0.1085221015119876,0.43100619087786507,0.6193098033797654,0.7628679090193758,1
3.739218402932234,0.9393633148727528,0,1382,1,7,1,5,0.21665506834932613,0.3928502035080208,0.25980078114740124,0.20741247147782482,0
4.460317192298912,0.15659604952055395,0,1213,0,8,1,3,0.2132501055258128,0.13874263854506041,0.817575165011894,0.7414499010647726,0
4.097010765489946,0.1274970909665606,0,732,0,3,0,4,0.62207352857774,0.8187276410748112,0.4233160077000502,0.29619796418161837,0
1.8194295527675264,0.412943530232906,0,1348,0,6,1,5,0.7088728251627254,0.9554826507205103,0.894955950354201,6.21333425160353e-05,0
7.316270154302334,0.12561116946261086,0,214,0,6,1,1,0.8374254135273428,0.1212429613181033,0.12793665649601704,0.6395842759615008,1
4.484582622688579,0.9804289125051184,0,438,1,6,1,0,0.8998619645963163,0.23094116960118682,0.7054739505465614,0.011796881550545812,0
0.16257109892718447,0.42430436728255916,0,72,0,5,1,2,0.8750475164854444,0.6324968491162226,0.429320274580376,0.09799415481444618,0
9.640137023597969,0.5336105190679049,0,246,0,3,1,2,0.6819945969146564,0.9508620125350741,0.12737888085501647,0.0411317887554854,0
8.157636115954137,0.2270877812927713,0,1262,0,2,0,2,0.9148266774600968,0.9339993041214988,0.5590156257220827,0.6063633299811378,0
7.235593540918033,0.44912612353692927,0,614,1,1,0,7,0.27554454167601294,0.9313442163496078,0.21185380543282484,0.2078874887675447,0
8.69091870518529,0.9846939348612198,0,967,0,1,0,5,0.7252759262272815,0.44014497964853017,0.2923566438360925,0.8091656477623576,0
9.068072536055503,0.4886871513669695,1,1322,0,9,0,2,0.07666743171473012,0.9859027955128719,0.45622123503154355,0.35630720099800994,1
3.3748970638443865,0.00882392580448621,0,1146,0,1,1,4,0.12522842473991602,0.3646632881996035,0.3643602644341235,0.3351784016027165,0
6.109586784166986,0.24252753025063056,0,599,0,9,0,1,0.22612214405297304,0.08669936392175137,0.3887153217434547,0.514792705257728,0
6.088078092055942,0.9784548304785041,0,522,0,9,1,1,0.10267674237688373,0.7044391667274529,0.3970283751789361,0.775040212614528,0
2.67299668810597,0.9890675134107325,1,162,0,3,1,0,0.9656658466053425,0.5561844399927647,0.01697304675276179,0.6963970994245932,0
2.219522514470672,0.21049308977170567,0,1244,0,5,0,3,0.4662442294673884,0.7994464661940718,0.3673144132157641,0.20654383534712495,0
1.1390725481902209,0.6152640878438534,0,1477,0,4,1,4,0.9067043604777993,0.6211078160177004,0.39350461320324226,0.7635076169245223,1
6.593141959164528,0.07690833050541446,0,750,0,4,1,4,0.4766319479754181,0.8206468947877075,0.5927355357603404,0.5068091296084458,0
7.809189910307799,0.5774416424446291,0,749,0,4,0,4,0.6996761889017341,0.34389133128696747,0.4809177935263257,0.9874052447587592,1
7.6095297951700385,0.12592070148643741,0,1272,0,4,1,1,0.32171479594053287,0.2879369388231875,0.17254236110269583,0.5168094334099577,1
3.1627537718497436,0.8186615236426579,0,513,0,7,0,5,0.9506654529042675,0.7572463098299914,0.5879126665895108,0.286180815372688,0
2.052598504652022,0.9395749876022444,0,609,0,5,0,4,0.03489446179518274,0.49771872622791613,0.035083022738345515,0.7611418843244078,1
4.536141784546219,0.17298680804948263,0,1340,0,2,0,7,0.6974045812209717,0.1793953635794594,0.33327285986859434,0.029290701294989563,0
5.468134602405106,0.462712168594824,1,569,0,4,0,1,0.9503799929883825,0.3750191953027676,0.6201144073753859,0.724631960235186,1
9.190871279685558,0.10204299847463416,0,1391,0,10,0,0,0.7881486297603499,0.8006576153465604,0.6239826393021813,0.5431797530719704,0
8.748231542740541,0.339140007072975,0,242,0,10,1,3,0.8275962790413184,0.9239221814222736,0.1804107446217933,0.1756486701847919,1
9.160583313018277,0.06509775476052648,0,745,0,1,1,1,0.29916301996036676,0.7603222714762528,0.33918937014795514,0.024103398688255173,0
8.502623851359797,0.26454652801742706,0,734,0,6,0,1,0.45184799011553944,0.7181252553305062,0.45769738755374867,0.04658080594093805,0
9.645812044363112,0.9902236670893015,0,460,1,10,0,1,0.13618093038673185,0.8116479498464068,0.4114287058362941,0.08178705278404341,0
4.654999971690574,0.04460326732140185,0,1444,0,2,0,5,0.37640556537766456,0.20053027737442186,0.6854115790153403,0.48772357104612507,0
0.4747349743309437,0.8589683296186706,0,723,0,1,0,3,0.008435268131620877,0.5795811605320023,0.7401881609961447,0.7075864830058421,0
0.8356203214847824,0.07745257775410486,0,1318,1,3,0,6,0.7787696057350504,0.5941857347642565,0.040860872531849,0.13380253596637193,0
3.9027614177234318,0.5289969311173601,0,328,0,4,0,0,0.9530123472523272,0.9459329315828608,0.7452674406406026,0.15896954480939451,0
2.576870912729973,0.4521197924273457,0,523,1,10,1,7,0.7008493507103244,0.015304545302492478,0.8785052639393307,0.8140253408791166,0
1.6994059136106732,0.9315546600206449,0,717,0,3,1,3,0.8102975936529436,0.9705230061166062,0.9139058913589235,0.22792336940553182,0
9.532037745086486,0.19904986228508958,0,845,0,4,0,4,0.5134697254752956,0.7260739282905505,0.05598177048352582,0.827903230702043,1
1.9541958841062246,0.17968201537963513,0,344,1,3,1,6,0.1916684702994481,0.022438424178080507,0.8837155479095015,0.09504486683596902,0
9.59379272315231,0.7487140885678323,0,469,0,4,1,3,0.720815461608853,0.5188125526077411,0.16370573118325527,0.8369276871809866,1
7.6083884032120705,0.7257194731003539,0,933,1,10,0,1,0.29928380489573025,0.06978429751691173,0.3383460430889883,0.732583573150957,0
6.409456721252234,0.6991817704927987,0,417,0,1,0,1,0.45952500475180835,0.6033947600323524,0.38166207613411196,0.14766730121040839,0
6.760189600893783,0.026127116172380727,0,1139,0,5,0,7,0.900667844705391,0.45160720808232757,0.2989861948339191,0.3379432338482522,0
3.31474323659124,0.25995968672490866,1,715,0,7,0,0,0.37293713248602933,0.7724262649439826,0.2947141547130404,0.3331123029439518,0
6.464270380582821,0.8398951778542993,0,1454,0,2,0,7,0.289369517656597,0.5794288823597189,0.16941322451344643,0.13384355301177853,0
1.866921182812653,0.6008581214567726,0,356,0,1,0,5,0.03169450373647975,0.7863803581620818,0.659015799514345,0.37711839215164733,0
9.377054325359795,0.6021949207321816,0,1263,1,10,0,4,0.7014568734086619,0.36878610177897486,0.5804511504393336,0.6778351971790904,0
3.017933399605935,0.2959166054048117,0,735,0,3,0,2,0.21521991891323755,0.8568870177975284,0.6135212326845036,0.7305490543398679,0
2.5518651229354217,0.2601730885569479,0,129,1,3,0,6,0.6394166312732141,0.8663062078001735,0.52135599455449,0.2029039855138295,0
7.1116279819415755,0.9465548880182547,0,1057,0,4,0,0,0.3666041739010273,0.6554387258604235,0.22083563564868292,0.721784828426882,1
6.564487180661819,0.7277552788532122,0,317,0,1,0,5,0.7876756846396264,0.263717337206007,0.5863086954133498,0.2666606752809999,0
4.512989183433053,0.12686611780183754,0,207,0,2,0,1,0.889894480862972,0.9914308463813398,0.6537268807687456,0.04250374395110401,0
6.324462346907863,0.9377069421437638,0,797,0,1,0,2,0.2357032385743677,0.8177336287077678,0.05192335429684025,0.1946341038873063,0
1.5949307176085614,0.5823701518180548,0,1178,0,6,0,0,0.7923111006098921,0.8516517128604331,0.9877395340532777,0.34223719612095016,0
6.733283074019551,0.3333623669570881,1,386,1,5,1,4,0.15281378734042517,0.011551240350734182,0.579785102079209,0.03590774440883948,1
2.7061069519519387,0.3971394463995984,0,934,1,3,0,1,0.14092734534652918,0.8261445320930985,0.6383324177874814,0.09530205431323335,0
2.728359766764573,0.7254045103526182,0,21,0,10,1,0,0.42844565244935195,0.21776057402407256,0.5696817647176516,0.3562473705973369,1
1.6217993494378458,0.3762726516860836,0,276,0,4,1,2,0.32450950136836854,0.5082562390345761,0.690719789392185,0.9245871481572332,0
3.323771350361646,0.578744799118607,0,1132,0,1,0,3,0.9871577710234988,0.7042855532033893,0.65684446777962,0.6358022878764708,0
3.312510603113281,0.7104994966484048,0,19,0,1,0,7,0.8039789838860062,0.4102922438549398,0.7991528274007563,0.9343780849133523,0
4.541790117022693,0.19537499730596453,1,536,0,8,1,6,0.8902368862819408,0.2436233782228191,0.1615465989371213,0.03723636113076001,0
1.904195046663495,0.9442414862425493,1,761,0,6,0,3,0.1359976568651774,0.5001818889137611,0.16372319784200862,0.8680967609297,0
1.9300753615876631,0.3561727714354098,0,99,0,3,1,4,0.7139609567603044,0.29976621706121664,0.219579387999577,0.1356970237692523,0
5.417385716632284,0.4193747570769143,0,1467,0,3,1,6,0.6042843059037903,0.6153206818372273,0.9634531873929069,0.23694440315799103,0
1.2887740467047515,0.6985143678678206,0,763,1,3,0,3,0.09923925086559804,0.10970686917201422,0.35703555254218133,0.10031537049537653,0
6.8889700798883515,0.6087850893877641,0,507,1,5,0,6,0.7936635941824046,0.4083174917600999,0.31617453516965066,0.4111970609350457,0
9.439471258625966,0.4401198369391792,0,1465,1,8,1,5,0.85378180101701,0.591602613012317,0.22930923331271347,0.20245160771086013,1
4.267956216643782,0.6497420403007914,0,837,0,7,0,5,0.9140929961043727,0.9905214557530986,0.48140544795683926,0.7393524625023697,0
9.011053131506767,0.9028283075720446,0,1017,0,8,0,7,0.9398205363562263,0.49545777009077985,0.9053162651188084,0.7549257155289527,0
0.9831659112586444,0.8002836166454186,0,135,0,1,1,3,0.10781056914004028,0.4258859464417637,0.6741789820041638,0.29048750897295816,0
0.4295762737564457,0.8242590099547736,0,238,1,6,0,0,0.8821722879561253,0.9892125642413263,0.1877610351413932,0.7997893741393648,0
7.213688775138399,0.25840840856731295,0,67,0,8,1,4,0.945360019172417,0.9253849895496901,0.8373523399507704,0.16365401305767613,0
7.610215729814965,0.41940334929763756,1,771,0,3,1,2,0.6907941950191558,0.6729667568208703,0.9455047093981729,0.04025335001957264,1
8.430582409657513,0.5538191416540592,0,1254,0,6,0,0,0.18385133592792435,0.5447733003583941,0.7130540874836038,0.16504071223411276,0
0.5681767839998142,0.04419081916148293,0,1352,0,1,0,1,0.40083767118487545,0.27089533760884565,0.5936236131682223,0.24577655948541188,0
7.769070549568305,0.7697921803773246,0,861,0,10,0,4,0.09011024478861285,0.6238527814987821,0.671771475129559,0.05032778884208844,0
3.7653873279658177,0.3234634244150889,0,81,0,8,1,7,0.004246445479610728,0.8339734200395608,0.7359768452749842,0.1097863463918689,0
3.033376326821986,0.2825960780410143,0,939,1,7,0,2,0.920062084482463,0.9815866469317356,0.8594018471836121,0.30270269871299127,0
1.7302392134329692,0.2592920093561464,0,956,1,6,0,4,0.9723384095715685,0.17097080931872366,0.6586706750999327,0.8524465345592467,0
9.96015755102527,0.2833792654200644,0,895,0,7,1,1,0.9192928904461264,0.2740565590107069,0.5314756476285288,0.8554722066363609,1
0.6366358931886362,0.33801483215783223,0,1081,0,5,0,1,0.2539625830034066,0.8844258619881087,0.18244983435620177,0.9935755719288887,0
8.270080146079994,0.6048245580761592,0,835,1,10,0,6,0.6211109304998842,0.860965103778436,0.37422537403908607,0.09800741062677532,0
6.394944354905276,0.5835653219000632,0,1056,0,3,1,4,0.4996976250393098,0.7166588265313554,0.0845938161773091,0.0018414948625040672,1
7.350804442618672,0.25571175360187537,1,729,1,9,0,1,0.4960475715810756,0.10373128931194786,0.7285271597150654,0.5656113999118663,0
7.117171199217964,0.2064242765732075,0,225,1,8,0,4,0.4283338219310062,0.7062553576291646,0.9922927285532613,0.6032454780959571,1
8.584344850731826,0.8263581900713568,0,119,0,9,0,4,0.9411804556188852,0.4690590960893698,0.09596536586544369,0.23617501485485148,0
1.837920698561083,0.09272333767636654,0,1360,0,1,0,0,0.7908893958323794,0.3712511599543601,0.4401958314342447,0.7970417156657076,0
0.008246168346853766,0.5128228412009275,0,661,0,5,0,2,0.8468685674027843,0.25068640552784205,0.7000761304147973,0.9559526049583049,0
5.985284890432662,0.5205608741892761,0,483,0,7,0,6,0.03461067543291796,0.3179806560194808,0.029921906840307377,0.33168703897087726,1
3.5385863932333397,0.5741368068116216,0,439,1,7,1,2,0.41195016711788457,0.5357929591924245,0.439571489886614,0.9458355649084439,1
1.2378733111713769,0.8856501159071357,0,77,0,7,0,5,0.5979782650528206,0.1619498362790961,0.7947769231476925,0.10427387111475828,0
1.8613875410423886,0.6239139400947676,1,1417,0,7,0,4,0.6587215105352687,0.5093054584941635,0.29320806935821275,0.47564063512330923,0
3.317493124592229,0.9736337662480233,0,124,0,3,1,0,0.8948797720858866,0.04820330700431796,0.6597021199284009,0.1971685415353157,1
0.7023337088670323,0.8713530833487275,0,328,1,9,0,7,0.16700292094969182,0.4106369882555386,0.6073407872446832,0.5844318295010813,0
0.5691320212845086,0.21474025948721154,0,686,0,5,1,7,0.09003671366676957,0.9600264623859571,0.7000308627301765,0.07113014314853916,0
9.160262548324441,0.24118331022530115,1,537,0,10,0,5,0.8931988642486959,0.738975138280024,0.24015771071634417,0.5043629138036629,0
3.121027493536962,0.3447741359151706,0,59,0,6,0,1,0.5066192418149894,0.06860207539155394,0.16833424027764032,0.17317166141483142,0
9.822306974735849,0.3915144150801313,0,493,0,6,0,6,0.5392155631276356,0.6878362350014187,0.016911055673181408,0.4174508095731456,0
9.643670083303999,0.5529951203076955,0,1169,0,6,0,0,0.8900006586805523,0.1961131651802197,0.48034935570205683,0.688052200847103,0
1.425712823271138,0.23251263289633883,0,375,0,9,1,4,0.7498099723067936,0.47416437307756165,0.18683817087259424,0.333785261661956,0
7.149243028961909,0.22234518111376567,0,1298,0,10,1,3,0.7307544892322132,0.2941685112535217,0.6512071821901907,0.5404469745756252,1
6.0080488912706915,0.38138995736807957,0,540,1,6,0,5,0.18602846119580319,0.934161025095654,0.5491779957176526,0.9714945124554494,0
6.906470731051536,0.672023113212752,0,20,1,6,0,1,0.6214102925764209,0.05444016502150828,0.833714457991176,0.8753168431331599,0
0.9619100001447478,0.6881256130961884,0,163,1,1,0,7,0.4500712270667696,0.8809580391642924,0.8019372293361275,0.9969667370390504,0
1.8856007863455804,0.9761167400402896,0,1215,1,1,0,4,0.611041498724646,0.701378668635012,0.36121167320247605,0.17704126610326965,0
0.766386614508815,0.20241543392181405,0,608,0,8,0,2,0.5756771776387793,0.3627891688783891,0.29626790055962327,0.49413283742371417,0
6.0413420521707115,0.3928591518569807,0,1471,0,4,0,2,0.026279974910153103,0.8796425488406892,0.08217240095119416,0.7842406190539978,0
9.86591075849091,0.9646774979390604,1,1183,0,5,0,5,0.3438754054706076,0.40630286634341006,0.7563720829415871,0.9290030342781758,1
6.719845376579414,0.6900087426655521,0,45,0,7,0,1,0.45780320706325817,0.6983700415299322,0.49620461500310076,0.2408916346486073,0
7.107615350219296,0.5922785248220191,0,468,1,3,1,2,0.5002219216296195,0.7878654671621859,0.33629711726059164,0.987757339383573,1
9.84585041543281,0.5396460514013469,0,1087,0,4,0,7,0.09946926964376668,0.28639094672815457,0.7035604539118597,0.44135023229950954,0
6.7801155417179615,0.07551038013625655,0,94,0,1,0,7,0.8985389013627374,0.07225576250809995,0.27410488580395787,0.7721053228723925,0
0.4018157262847033,0.8933738088159103,0,1498,0,8,0,2,0.3343156927050648,0.8681258499127755,0.47803312828532485,0.5183842123047521,0
8.670056008565975,0.6255052154151076,0,249,1,6,1,4,0.48942197541377064,0.2312872520810363,0.43596189521905704,0.2976024644551001,0
3.6467829037879627,0.571667407928034,0,1195,0,2,1,3,0.6637274143366922,0.93180700050296,0.27023055795738493,0.1089004209056027,0
0.043636215147153656,0.5395003433218426,0,1260,0,6,0,1,0.719081636083751,0.3150396858354547,0.7904402134412494,0.16185031312267428,0
5.072341775608206,0.3919142073211117,1,758,0,2,1,2,0.37802751557290837,0.4148958421182751,0.7073361674021021,0.6473956355496715,1
9.370150008762636,0.25466469136089276,0,1205,0,8,1,0,0.12911282629705967,0.43031019119477953,0.5195329049491272,0.5538676240294212,1
2.573306871949832,0.7553219853344842,1,1327,1,3,0,6,0.20731766923322714,0.46788919531942064,0.6912454831289107,0.43275696059084723,1
4.915131730528399,0.5095675177616621,0,1101,0,3,0,1,0.1650518574396247,0.962762457376015,0.08939878296231751,0.6260936152231926,0
1.7377688778239075,0.03393953228922031,0,1061,1,9,1,1,0.24413780451961764,0.24508682900964918,0.4298292731823681,0.5073903643352486,0
0.576926716664401,0.39909449977216327,0,582,0,8,0,5,0.6036463313327989,0.6082739975075577,0.600151600744548,0.14131789061906708,0
0.8054494671311319,0.9286036382228325,0,438,0,7,0,1,0.5357588204609784,0.29413115483039287,0.3938176638584786,0.26154928215029516,0
7.270109059613555,0.37389456154086287,0,1301,1,7,0,7,0.16863044782484216,0.1309301791931633,0.7141238194439009,0.4317914644315639,0
8.64074470742149,0.4132330079255737,0,336,0,6,0,7,0.6815165043825611,0.28877206593556215,0.5222173820018295,0.3978311999766949,1
1.432988392524911,0.6239611230550356,0,621,0,2,1,3,0.06370469926476219,0.5524041081544417,0.38288236284489496,0.902525658088605,0
2.883185678104687,0.8016748038158823,0,768,0,4,1,1,0.9096070218175075,0.6069899614577521,0.41534966876986434,0.9419149664826076,0
1.9502946764482731,0.6684611177047122,0,586,1,10,1,1,0.5661908317796172,0.2637213310683644,0.7162435142578889,0.5340539439695795,1
0.2685577692642793,0.8500547311229465,1,559,0,10,1,6,0.5904173248773297,0.9873144462951406,0.06580817145777051,0.2656502422155559,1
5.534313698869836,0.11397058704069829,0,898,0,8,1,3,0.2858938414164107,0.3627425178420094,0.8381523387221816,0.7988713209466349,0
6.9992217013764755,0.9245925533186489,0,494,1,9,0,4,0.5116370030198576,0.8320379329108243,0.05735775594444359,0.1818352712759882,1
6.478774808850705,0.903921932411386,0,1483,0,9,1,0,0.42625729070805796,0.035033881259548316,0.1326741268157231,0.4921668109989995,1
3.8805354730224764,0.5191485865855878,0,266,0,4,0,6,0.950746446085436,0.6952180747333307,0.8102108238926963,0.994245120946057,0
5.550102459399053,0.6247422377872011,1,583,0,8,0,4,0.07622145740839725,0.3034625731535342,0.37445995939282295,0.8747670077659485,1
0.9409930663622468,0.21281305020140173,0,1267,0,8,1,0,0.45873563564133535,0.5368891823277729,0.4594253554221106,0.9295842449244524,1
1.5430371872268445,0.4479474379813889,0,713,1,2,1,0,0.7915173504786017,0.8366034345893086,0.37275804440029725,0.0978772653536426,0
9.317946195529833,0.20270336091981234,0,1057,0,10,0,7,0.5445770908442562,0.7248445257785335,0.09304637900675528,0.46214684523623595,1
7.615077478198968,0.021976678941019512,0,970,1,5,0,0,0.5652179617637452,0.3596335775093267,0.6085578318098812,0.7691035828983823,0
9.227390958251673,0.9809030681270525,0,496,1,4,0,2,0.911215614656741,0.7324794635900412,0.6890707498843555,0.15601391086307093,0
9.166802844993672,0.2591465157102051,0,1116,0,5,1,0,0.3756927847929775,0.41399749637586125,0.18993375549729685,0.7689638423261415,0
6.4939261710774066,0.5931083088978353,0,356,0,4,0,0,0.002064355530918105,0.06348638661684058,0.7521003791883782,0.34178666453665485,0
9.282386481121652,0.30025038353786304,0,1124,0,4,0,6,0.9256714136513439,0.6655849197813264,0.0998023760736213,0.8872117068760514,0
4.167041030824632,0.3706216202104349,0,192,1,6,0,6,0.03305974830599212,0.9368161981059427,0.7748190512506293,0.41760250214832706,0
0.03616244784940936,0.3977615585822748,0,1041,0,10,1,2,0.7974041239070854,0.08365226315180241,0.7013360859390624,0.2502675084574929,0
0.6257111584615938,0.3350467313247577,1,168,0,5,1,1,0.13959421843226738,0.6876253016884915,0.9121165660968518,0.9168643497581944,1
1.094873257008152,0.6373997593399358,0,1303,1,3,1,1,0.020684187742165294,0.8397339994971507,0.8134975768904621,0.7127919995327645,0
0.9535345318286026,0.9609362704886061,1,938,0,8,1,2,0.3546702372922743,0.5966325976740976,0.8444955202207716,0.46297226245862644,1
3.5170239085026345,0.428634650006233,0,60,1,3,0,6,0.8640564267559583,0.485402248595155,0.957706903638399,0.9610288653084844,0
7.012708071093576,0.9733267240542651,0,163,0,6,0,4,0.03693786906855068,0.23721193288703535,0.8443338260902923,0.6023870087352192,0
7.9064880660049495,0.6677972373447831,0,281,0,3,0,3,0.2626801074654841,0.19385153216680417,0.7964069315506718,0.5870432454385099,0
5.902132743446247,0.607136195021009,0,1440,0,3,0,0,0.2790492281189,0.3962965588100016,0.19612621675643993,0.36122804206858516,0
1.4643617455697955,0.23710385179892302,0,884,1,3,1,0,0.0948069325102896,0.641287991560086,0.7550742456826592,0.8347153963586751,1
7.479016021481753,0.06292070589938081,0,418,0,4,0,1,0.09255804354271446,0.3146721058229931,0.6327064604986405,0.5852820729845034,0
3.5480191913759898,0.8519347702918288,1,415,0,10,1,1,0.9081806151559505,0.4884058991988519,0.9615633302697078,0.6216477890965736,1
0.12993348671796245,0.573981063944269,0,38,1,7,0,3,0.6952956549707265,0.5999893232029582,0.7200339600305334,0.9362108605955696,0
2.8058862053274938,0.4144138624248819,0,304,1,7,0,6,0.31113753522372334,0.20997962730307673,0.25957684962880645,0.2699254250606654,0
3.306005541409779,0.8119673220884834,0,1282,0,1,1,3,0.23832078145990365,0.7413952607915885,0.1641267750113249,0.790911778120493,0
2.742455352181029,0.3105803825773188,0,898,0,1,0,2,0.0428812128867333,0.6286487747909293,0.2813578268203203,0.810767370766788,0
8.118701531875857,0.7836172559644873,0,551,0,4,0,4,0.3587872312297772,0.5918339250916056,0.48014050831873867,0.06338479062066704,0
7.599263975940903,0.327963835405797,0,31,0,9,1,0,0.30113456617549517,0.4781112574856057,0.652508189403592,0.7223344383640721,0
6.955520304126415,0.9208811864041636,0,514,0,1,0,5,0.9170798085778178,0.364805731982903,0.21509219393873336,0.830381138501888,0
1.390050785122653,0.26796687445680256,0,574,0,8,0,0,0.22050856511729455,0.5488135270661735,0.2328204657708639,0.5363659088287718,0
8.07833909706282,0.13755411757457114,0,177,0,9,0,2,0.40514724422175186,0.7657315614985112,0.30186474836936217,0.1111829257617265,0
6.771759616633237,0.6980967083494118,0,910,0,3,1,7,0.6820140861231125,0.7060103624017229,0.807282902987119,0.07892856950262639,0
1.9483768648139188,0.16284725306477077,0,990,0,2,0,3,0.3211803748213544,0.737711479298795,0.36542029707590973,0.023551834723598786,0
6.480939302815164,0.9493630502889856,0,1497,1,2,0,5,0.7817859598902779,0.20941748869958954,0.07838078442125063,0.3661083599150301,0
4.835116410036811,0.655555112388866,0,538,0,1,0,2,0.7262564249050744,0.7796846335409765,0.5450352399425766,0.6212149850571593,0
4.393500618562251,0.23086066128452598,0,413,1,9,0,6,0.03546895004201622,0.3354122222553375,0.005948897151285326,0.570122994632416,0
1.1212316347238882,0.20881893428542875,0,1234,0,8,1,2,0.8558306278106035,0.23308193873142058,0.6737040281143468,0.5097758711677407,0
5.183042758451654,0.9238750391204216,0,525,1,7,0,1,0.36390007169360716,0.12155112318136785,0.8420754545768206,0.41725146697189286,1
0.9993180897236364,0.6078579128498909,0,945,1,1,1,0,0.09585574308717981,0.8303273985889655,0.16638202826244386,0.6808697571071727,0
1.6425338725426664,0.8937360066724167,0,1106,0,10,1,2,0.6983455985824785,0.6231973394630598,0.8445998692862876,0.8832412316434116,1
1.325463142747627,0.11022520484582521,0,1319,0,7,0,4,0.7471466483644981,0.8413059291625596,0.6790236602764979,0.8264838890803314,0
9.541082790700075,0.9253921955791762,0,478,0,9,1,0,0.07100969784965672,0.5614158049480726,0.09855279880778733,0.7150396539805958,1
2.8486469044389007,0.5200493119940883,0,933,0,4,1,1,0.35392065522777494,0.8602804437794483,0.2278942947915622,0.2923274372779123,0
3.5520432359600775,0.6684219163313505,0,196,1,2,1,2,0.8954804885767367,0.5565712305987622,0.2273390435663104,0.9404513929635073,1
3.220806062960361,0.37287547154128065,0,1168,0,9,1,5,0.6694379693550747,0.6458445715392559,0.20573303960102995,0.8612229739394525,0
8.982504451781438,0.059140322005826196,0,67,0,1,0,4,0.5339216995478577,0.05636055398076967,0.3345505505639862,0.9477741238540707,0
5.629659113348885,0.9579724413418291,0,1044,1,2,0,0,0.5041129883476959,0.6696586695724378,0.9076733655109315,0.6190564999868547,0
9.191598989333118,0.994598329108482,1,313,0,2,0,0,0.6084163325758952,0.5977116459570809,0.22414077057480242,0.3329756553162715,1
2.9992490582789557,0.36454684876044297,0,693,0,1,1,0,0.653020935213741,0.24207620431064603,0.9267015862808872,0.45215524466363366,0
1.1483467443194895,0.9438679297519796,0,114,0,6,0,2,0.06883657877266491,0.1127338223407891,0.5496583606199451,0.3273659244506273,0
5.562184527241746,0.16772629096156422,1,1033,1,3,1,2,0.3341482900114333,0.3471848063811306,0.5170362825855608,0.35093107795626266,1
3.455369917900175,0.15468444965857553,1,723,0,10,1,0,0.5266519522169419,0.06018270872253251,0.6737807920637306,0.42557406427943634,0
8.019068334907484,0.07311184000917148,0,995,0,10,0,3,0.730341473016099,0.6008292549165513,0.8056768430534392,0.9350046071630196,0
8.794234089116586,0.39126940758415074,1,521,0,2,1,4,0.7427747266908376,0.5459429216709938,0.9576360566437833,0.4974704554257777,0
4.725735109070718,0.052302250181599175,0,10,1,9,0,5,0.6055093322140428,0.9178155610332244,0.00268961778556176,0.4043729938167613,0
9.713590240855083,0.39465718961289675,0,871,0,1,0,7,0.5865248306567811,0.5175616088081992,0.39813137808180554,0.6393730016944728,0
5.530130063444059,0.13839042864966822,0,1047,1,3,1,5,0.36775085182893663,0.7297306384076884,0.17903074310426037,0.28634433206675847,1
2.7092039338631246,0.7305277955729573,0,997,0,7,0,7,0.834700066520687,0.6639850757895018,0.15175001371629326,0.00880636651329636,0
4.889755153442746,0.833362649336408,0,393,0,3,0,7,0.9164002297616528,0.6996638831691006,0.14702559674260662,0.7298943042719032,0
0.37310292402927603,0.687815427796288,0,1074,0,1,1,6,0.8463174107732996,0.31365217159238856,0.7097768289116962,0.33245299076765356,0
8.040011602630676,0.20049415243615587,0,812,0,2,1,2,0.8719209938655703,0.41535008974104304,0.051140900600851746,0.237483401005823,0
1.0143505085442095,0.7668481929079557,0,315,1,7,1,0,0.9088100784006296,0.11976964923816968,0.8367247192920212,0.5350271417264615,1
3.0874848850300496,0.24950019703327497,0,166,0,3,0,0,0.20206363550762274,0.6504722163881376,0.7525670676542198,0.16109887541072654,0
5.653165470049434,0.7594885969685274,0,487,0,3,0,6,0.5138765716830801,0.30243783270250313,0.4092703594222131,0.27797210338526324,0
0.4297512564689887,0.5673975748963909,1,34,0,3,0,6,0.5345402977329957,0.5487925107660289,0.42545969805151607,0.5122991631073995,0
0.7931689918144824,0.3667125162912097,0,1074,0,9,0,2,0.48542490410647243,0.921523732912958,0.6783624121230718,0.9743891965765216,0
6.9611635761301285,0.08349237801605769,0,22,1,9,1,5,0.8484885195691889,0.6829141490263344,0.010771216410845219,0.243920377822329,1
0.7177709306076874,0.8275095098070258,0,72,0,9,0,3,0.3250389332370539,0.2676661727910489,0.3871339049459176,0.46703544123903495,0
4.770828662473765,0.9396529207982254,0,237,1,1,1,0,0.16131370628582187,0.514647175956967,0.18013610710914352,0.528016469365614,0
3.386956334207504,0.6659177800006375,0,489,0,3,0,5,0.27430061349969304,0.602176888164742,0.18077832634070712,0.7129084726637257,0
2.2807940795641644,0.9645415666934388,0,29,1,9,0,0,0.14312765068013045,0.8501534755757484,0.5505901507845165,0.5220021117271502,1
1.8877889786366542,0.9341114190429911,0,944,1,6,0,1,0.4047900450822213,0.7937612040530255,0.24592863569085588,0.7334026512362414,0
7.634112937325794,0.19460840080375363,0,198,0,1,0,3,0.11681109994679495,0.3152356784160091,0.3751837807558752,0.8642101766370615,0
9.515421931502825,0.7312123485982135,0,1204,0,3,0,0,0.08757576331875006,0.9196416200143391,0.7173157707372152,0.2827850741336764,0
1.4017974220333174,0.34930481943769454,0,838,1,9,1,2,0.4510052495122113,0.14738798247467455,0.6206721021550762,0.8356610048256297,0
9.59681219174127,0.487517360565626,0,125,0,9,1,6,0.6011407482453511,0.2760882333466883,0.3300227668923007,0.26272985405256355,0
5.947625034751037,0.15696543114884576,0,600,0,5,1,4,0.6076418791793079,0.03386440605220431,0.04960269133202422,0.8093494547511759,0
6.416604053632571,0.9747794280576525,1,210,1,2,0,0,0.0922866532512342,0.31126356016866963,0.02666626628194857,0.6366543000215874,1
7.099263781425819,0.7261373830764085,0,1471,1,1,1,1,0.9715749504346589,0.41404850545175753,0.4875461042680852,0.568534150998475,1
7.04118890354581,0.2669083096309681,0,888,1,3,1,7,0.1217462886972942,0.24130826166471542,0.42153104191776025,0.46393241027477505,0
8.198111081856883,0.3714716901680335,1,1213,1,8,0,7,0.6604634642633531,0.012612160254789395,0.796445968491246,0.5454252596991954,1
4.834686513476974,0.4224829268287844,0,561,0,9,1,7,0.8886404967965899,0.010514271010912402,0.08202508869239278,0.23457905266861,0
5.333585875147011,0.7475337241438402,1,220,1,3,1,4,0.8847660420942403,0.9239660231511285,0.8499284678133147,0.49806626808547605,1
3.2382700246341587,0.9256972667695845,0,352,0,10,1,3,0.5121289662261421,0.7348063257501448,0.2125323209942881,0.6085061965624206,1
1.0525759378311705,0.32144013298457164,0,625,1,9,1,6,0.2774528012746681,0.6983952804216833,0.3507312210201756,0.3815662957188699,0
6.646401909262191,0.47250008828041956,0,1155,0,10,0,7,0.8278694791646746,0.7857338997471754,0.8599283744193322,0.3818370092920915,0
0.3360996918625092,0.5932075728347012,0,646,0,8,0,1,0.6125897962082961,0.6941894273616149,0.8376545900801674,0.347420280297586,0
2.7563505108336828,0.3933439924003156,1,1392,1,6,0,7,0.7910465946476063,0.06145743500496126,0.5149047450804946,0.8179018572256833,1
0.9422986444610026,0.5041813233656852,0,543,0,10,0,4,0.39999203383260185,0.9257309338599092,0.08166543969619733,0.38444194063028514,0
1.9072715732271805,0.105707629020102,1,349,0,7,0,1,0.913428660099046,0.4288106713211546,0.5904775788315563,0.5803263811866004,0
6.387309128973808,0.16767438772016607,0,743,0,9,0,6,0.9295926691217502,0.45342680833249527,0.7617437824301386,0.9722121242122461,0
6.2847663020491815,0.4011012572201449,1,166,0,5,1,0,0.7373470957115458,0.8865695293924508,0.26231179361553447,0.030094394792644086,1
4.210549129957121,0.9149390117705525,1,1004,0,3,0,0,0.9425668310653887,0.20450295413072705,0.18306177233626075,0.21990301356484543,1
0.9017197648949116,0.3493580457446336,0,151,1,6,1,2,0.4534982075620727,0.3128195601225233,0.49704203913093836,0.9252256896231581,0
4.333739164594084,0.24979280860501363,1,961,0,5,1,4,0.1944636200894252,0.8550117940548043,0.7493058252949685,0.7167054750443644,1
3.527448718582934,0.7428622208492759,0,573,0,4,0,3,0.65590404661313,0.519661491497845,0.5048889791279934,0.3764586222100751,0
7.204591528559497,0.9491301660766093,0,535,0,7,0,1,0.6533650894424057,0.4201498298699321,0.2394653039129927,0.0897694757308628,1
5.790266081990517,0.45912361706354743,0,916,1,7,1,5,0.4913220256803341,0.954562212572338,0.8689164099413836,0.5139344873553385,0
4.9156576733699895,0.008604955567183104,0,1057,1,4,0,3,0.2606185618623361,0.8887172929824889,0.8720067885886007,0.7838701902884807,0
4.869820823049952,0.688149331475618,0,1393,0,3,0,0,0.6243429527282085,0.8873894901794349,0.6583316955277265,0.4228899192365939,0
9.66296887260419,0.4150608016161449,0,434,0,6,1,6,0.18077973873018305,0.2122021837687652,0.07428977721696095,0.8439808331622425,0
7.5629422170345055,0.6736455366162152,0,1217,1,4,0,2,0.7532989534346831,0.843896932185448,0.2321248509775662,0.29048806459338217,1
4.969795604601278,0.27771651582920354,0,1253,0,3,0,5,0.9068120325759873,0.6566943414823379,0.618664192622032,0.4951607590858842,0
4.7922261288897765,0.002408143816962416,0,1493,0,3,1,2,0.1666212058603187,0.6915275195804564,0.7813032711151666,0.09018371705254935,0
0.2647910130496345,0.34449621874560377,0,1446,0,7,0,6,0.8202713053582606,0.0478307207771691,0.4742606709676185,0.5255707024583212,1
9.425092633198066,0.7047923426129415,0,1185,0,5,0,2,0.19847201702519168,0.55573453206941,0.30404410790023273,0.8610559851340958,1
3.1917397176732965,0.39311328300918924,1,442,1,4,0,1,0.5004242856884645,0.218561351728348,0.8845217691959534,0.15220236450553715,1
2.5593908188074375,0.21917413965322596,1,1041,1,2,0,0,0.9292461169841566,0.9271158322707078,0.38133199023200504,0.609567158046595,0
9.994089253876714,0.4640068641341015,1,1177,1,1,0,6,0.08271071756373538,0.5616327130323776,0.9162403000196209,0.3142585242717676,1
7.186896715045244,0.7523485232983854,0,437,0,7,0,5,0.08976672005448583,0.617389880457384,0.5323409705542862,0.3534152422532649,1
0.4736377329928798,0.11943308679230602,0,1220,1,10,0,4,0.9587234835417241,0.24328494401467238,0.6142789816389379,0.00858230718308739,0
0.6188547702557645,0.6917520336466478,1,1052,0,4,1,4,0.15884935537951206,0.42137611739844383,0.12495712820321647,0.532991813414371,1
0.2550156396019787,0.6673440238039473,0,736,1,9,1,0,0.34204762872912875,0.529401567573217,0.26758475949522875,0.9853289725162604,0
5.996188995128691,0.3707378796850713,0,1292,0,7,0,3,0.45899400020773784,0.812040179188615,0.9746850140334251,0.1468633409663601,0
0.7156450006195181,0.9703361913794945,0,131,0,4,1,6,0.006695979139281771,0.6115867322380646,0.7186675489272899,0.2342543263072796,0
9.333883568449306,0.8947052994803515,0,1025,0,6,0,2,0.1880803920017715,0.11303671881477395,0.47707460745893315,0.2263004049912365,0
9.369065400226779,0.31616148080206985,0,1179,1,2,1,0,0.828405420456323,0.4507811710667585,0.5214271137103466,0.5621312209429564,1
5.460540667480798,0.031091093393843083,0,60,0,4,0,6,0.5188538394343034,0.2955227246330936,0.08779521529904322,0.1899081383183906,0
6.166389313959508,0.30830480674507665,0,611,0,8,1,0,0.39389799014898674,0.5389158254824645,0.7833300561421972,0.9516544877557259,1
2.918944015252498,0.20472194254104326,0,775,0,9,1,5,0.6819696777288288,0.469835104259105,0.07136604954768577,0.6963236415383286,0
0.6397254240827333,0.5472519140475928,0,312,1,3,0,6,0.3247691642465538,0.022328106618920707,0.3869923789307469,0.6252961657873995,1
7.374604451918155,0.9187444211821546,0,1319,1,10,0,5,0.4385384472029831,0.20751691990093024,0.4106522947643648,0.003972257612538943,0
1.0178598874901745,0.8703375100375215,0,939,1,7,0,0,0.9937263525174195,0.6600789048991993,0.6030850002893502,0.47058147492648805,0
0.8555764101839314,0.3058291556648267,0,412,0,3,0,7,0.7742861495045885,0.5443291855541649,0.4155329281722364,0.8094351551180373,0
3.1122310920422382,0.428597533555637,0,655,1,8,0,0,0.5539733051373236,0.05328133291964754,0.9607129683148661,0.506993945388176,0
0.1246565983788206,0.03654219907956646,0,168,0,9,1,6,0.5267454602163455,0.5976673022111709,0.7979028519565818,0.7382785507596958,0
4.34035615756316,0.5441635076491494,0,131,0,3,0,0,0.8442719589977304,0.5032561254448243,0.9593256160605745,0.6820577151550762,0
7.076809100800768,0.06336798005072886,0,1119,1,2,0,3,0.6008669493730574,0.15020155789959988,0.5187347345023371,0.9294679838148558,0
8.01348931421939,0.9386061662290996,1,1475,0,3,1,7,0.3392786547413722,0.0019592665721701596,0.3022348981120294,0.366644902360194,1
6.043073037989213,0.8669338348522723,0,415,0,8,1,2,0.41779170646593145,0.3354162496664046,0.9813102698661748,0.8253668618946448,0
8.468742031139126,0.214187626437503,0,366,0,1,0,0,0.18338969518599924,0.7796932643503073,0.08122382081555357,0.2604309531172767,0
4.0650220376711035,0.6993686798620454,1,1025,1,3,1,0,0.9595205801575413,0.13303015384907002,0.9270796393588608,0.5575318266630165,1
8.487720850604767,0.5680203824333331,0,766,1,4,1,2,0.6522063110905242,0.9444316778021657,0.09578189678884819,0.6179439812444242,1
5.064733104983793,0.801357712516183,0,209,0,1,1,2,0.39857042075805715,0.5424534970269094,0.8069063373720021,0.4427179011425506,0
2.230361279982953,0.4756521067515199,0,1000,1,6,0,1,0.35988792111357804,0.7583949059242998,0.7799316297115251,0.10236547228067827,0
9.44145646660466,0.191771970665778,0,314,0,9,0,3,0.9069923141150363,0.976854126411326,0.6596984981902035,0.4342024864804991,0
2.749708738371165,0.6398434001228317,0,172,0,2,0,2,0.36031555367379386,0.2626515001219515,0.7825532164658157,0.19698554093810094,0
0.2620148418779311,0.080280326995945,0,696,0,9,1,4,0.7563647944526696,0.5828573375299007,0.08805742978242537,0.48731414474061696,0
2.4267404295502693,0.5845879911684221,0,1109,0,10,1,2,0.8354263242119623,0.34065713252127394,0.37351030401967356,0.020623795073728024,0
3.6668756125742776,0.21270480546445758,0,781,0,9,1,2,0.909800339154851,0.08454585195901798,0.33649378562513177,0.48341594878533967,0
3.513496832892641,0.6849364371235602,0,972,1,8,0,7,0.373051854348993,0.7935016973285497,0.9815308057807169,0.37732884427209523,0
5.246675094435717,0.8280431617281085,0,356,1,5,0,6,0.765326903305932,0.012086469367959318,0.47253493731028584,0.013508722771562232,0
8.831268820359234,0.10952472928207246,1,740,0,3,1,6,0.3268817668359971,0.868834961448951,0.04965016793643051,0.6227588190649492,1
2.9233822710969912,0.40026855214859236,0,1069,1,10,0,3,0.9440191253307537,0.7945525221977258,0.25931337635958895,0.31300357530920486,1
5.207706079591689,0.7335215877759967,0,792,1,6,0,7,0.011160161684554692,0.6384006028207482,0.8440835525392332,0.5823738473457005,0
3.4013895368847935,0.1637030615188585,0,359,0,5,1,2,0.570190449532882,0.5911399140808798,0.8916463870510191,0.8859182185097941,0
8.217730593732004,0.5665236700357131,0,1432,0,4,1,5,0.5099519368939293,0.8456605085269677,0.9273573919253635,0.8644097236029202,0
1.5760151328847838,0.6718389818757231,0,100,0,3,0,6,0.8776224774919423,0.05570500519396859,0.14411845231008968,0.5035695878144457,0
1.035102683100585,0.35479360723938225,0,1366,0,4,1,2,0.21631225194536974,0.7363903265498717,0.6880869642249875,0.47125952508606916,0
5.029952532376018,0.8319822742026011,0,1086,0,8,0,4,0.08728790128757491,0.1804193868175069,0.40233430261903436,0.5333075055166433,0
6.718875857654919,0.5106581850467138,0,167,0,6,0,1,0.8464395625348557,0.020354166128724205,0.7354744595012815,0.3903219943464973,0
7.955252010907666,0.62699483994051,0,382,0,4,0,3,0.35010189542398984,0.31229011219239866,0.8243817832372073,0.2950959544586681,0
5.896248529053164,0.1408727967047787,0,553,0,2,0,4,0.3249192475325976,0.3271689734229578,0.2612549048595708,0.15763436263980768,0
7.738497613190006,0.023160174532669053,0,1436,0,5,0,5,0.10531046746459372,0.19261787774783956,0.5003381142108508,0.9150900849371476,0
3.927100585609238,0.050748570824986294,0,775,0,3,0,2,0.9200589123353682,0.7108367051814015,0.3272862640010832,0.061642225682299046,0
0.32867670266468973,0.9039201481982159,0,387,0,4,0,5,0.632957829607823,0.5589109542491043,0.4559185498633639,0.34511418836267194,0
1.1609930790155654,0.8826423842482511,1,1379,1,2,0,5,0.6921837765192858,0.9200610713105273,0.2906158086128573,0.16644024863401452,0
0.3872260122899618,0.8075914391618425,0,177,0,10,0,6,0.8979379980303789,0.761692239212484,0.3396358270394215,0.06053409324583081,0
3.2894365047649265,0.1996120912348608,0,1224,0,2,1,0,0.8438545270527719,0.8261299154203038,0.2722750925904367,0.17275084075148528,0
4.954913412686823,0.5254586519495033,0,1246,0,2,0,4,0.4518138707919822,0.9025043162803132,0.2984423602044498,0.45596542439251797,0
3.563174836569394,0.7961171005483734,0,579,0,7,0,5,0.15977204154063507,0.8063588604771063,0.5779648678491951,0.5589472974908982,0
5.605994750663922,0.6746691812557738,0,64,0,4,0,3,0.672313902652216,0.11813587843533913,0.6002835393166873,0.8943644258561131,1
4.806091484927877,0.1155211936759376,0,1329,0,10,0,2,0.650715230868677,0.18547909359559844,0.9207368751510814,0.6838386659101031,1
6.779428018639403,0.8955411998124237,0,1451,0,5,1,4,0.047079585032858584,0.4018115544980614,0.39058015712612737,0.8019632026073424,1
6.669621635634062,0.16068239277796226,0,567,0,7,1,3,0.8994013458171588,0.3320670758400629,0.6574694252028591,0.5533028281456691,1
3.180641471086795,0.17179569341333545,0,278,0,9,0,3,0.3352392414826968,0.885425603434181,0.9654687185512403,0.201266265127241,0
3.462144553610915,0.9010086291707082,0,406,1,10,0,7,0.4287797474920294,0.5241999689784974,0.4663615582312961,0.8498551828265122,0
5.8514782164130335,0.4846169390945161,0,204,0,9,0,3,0.5137813955414087,0.8759362722133648,0.7791524306677126,0.4745154895008362,0
5.964324678908418,0.37289182595646686,1,914,0,6,0,1,0.91201923640852,0.3871614691742745,0.9697524620754351,0.7712492543471865,0
3.146999136371331,0.5536567422980565,0,777,0,9,1,0,0.17048987056315623,0.9065083492956025,0.7897762217435138,0.006351077691652551,0
3.303178857754252,0.9813973328321114,0,533,0,3,0,0,0.36868979429489723,0.07172756689329252,0.080503391074642,0.445638575521488,0
6.940450131861471,0.11963045524104288,0,975,0,9,1,4,0.5013405061694296,0.4455476589345837,0.193112670710902,0.3388813071024299,0
6.474108228760695,0.7569488487920653,0,933,0,9,1,1,0.9918987264530285,0.9011273487841422,0.2948836980456071,0.29720246535584816,0
1.350508046797747,0.3343258622441275,0,16,0,4,0,0,0.4397510471240602,0.44962610988807394,0.686215775554009,0.6748458814116725,0
4.410418796753934,0.11704927084762373,0,614,1,1,0,2,0.3985378121829727,0.7326919296400551,0.6714382573512967,0.8245433206353556,0
8.927060787105903,0.42193335535293863,0,1295,0,7,1,1,0.9350268106136651,0.36087667189855877,0.13715201448291203,0.8639566677325434,1
0.36305676104475215,0.5487528777252709,0,1193,0,2,1,4,0.6614948612931775,0.8292101716394059,0.4493477312676806,0.8007307550161358,1
8.551639464842136,0.2059616377281469,0,1282,0,1,0,0,0.1635742615854262,0.6314137165698048,0.4218190494613646,0.8116632602391876,0
1.6317815706414363,0.4052694590966025,0,1431,0,10,1,7,0.17580186154420363,0.8118585727344663,0.6898683201206008,0.8350834001975056,1
5.072486324617159,0.6356760254722905,1,92,0,6,0,7,0.644452685783485,0.5364870672885916,0.2609476212460168,0.6935666411534509,1
4.243364289230115,0.5764480197202222,1,405,0,7,0,6,0.4670553461500734,0.6376144242088488,0.2377754578564769,0.7599121564983449,0
0.10129337341458822,0.7231605940548506,0,689,1,9,1,1,0.00896805672347989,0.5286549641483752,0.5967244195813488,0.22115990451570222,0
9.15396937089632,0.8364045329374012,0,765,1,10,0,5,0.44859208101024906,0.5673120142193134,0.08282958082941716,0.9572481210641864,1
4.549252273343056,0.4091403317693737,0,1179,1,10,0,0,0.9396953103328828,0.6891668435765265,0.6688543992832299,0.5031440666231899,0
9.54268276760615,0.42296727546222745,1,1086,0,2,0,5,0.747378885380207,0.12084756955784959,0.4394286795954031,0.26275802440411167,1
2.8674390097921787,0.49669213445515314,0,1059,0,4,1,6,0.5586025091364271,0.7685771957130377,0.5363447961265855,0.4545453382584266,0
8.662757734159724,0.5663533783813035,0,237,0,8,1,2,0.19519611543825233,0.3552076034004268,0.8019884959346235,0.8232653252813712,1
9.223895739956305,0.10832267423789166,0,1016,1,1,1,3,0.3356400611075072,0.012578949582709109,0.1809716326752614,0.6924883196841038,1
5.568324163707806,0.31263535419477406,0,1193,0,3,1,7,0.9966392831370743,0.6436748568538964,0.2099463328993546,0.15260472368363331,0
2.026777878677175,0.17189179537702426,0,1128,0,6,0,1,0.659053663055349,0.6136399154395689,0.9010804243095988,0.4386470220815043,0
6.8524743210572,0.3858527623441316,0,874,0,4,0,4,0.27628757706442786,0.725821249222726,0.7409781308672716,0.755132150649679,1
5.489780665294601,0.9733540725740365,0,132,0,2,0,2,0.7379908372744368,0.9983191262768706,0.2626965763757483,0.6939757797986058,0
9.445296658526258,0.5827309566809797,0,224,0,9,0,1,0.09136487132046722,0.46144900698435654,0.720728738710751,0.18957329762989117,0
4.392720618104918,0.4293815199205463,0,1114,0,5,1,5,0.370582372053357,0.9733223407404558,0.45718868072842656,0.7428673418826071,0
2.68513647639822,0.5659368952237088,1,1302,0,5,0,7,0.2291308216582908,0.5777812572655348,0.6172841862299968,0.6748429321276699,1
1.382870014941071,0.6690765554271793,0,1238,0,7,1,4,0.896008084833574,0.3578770278614404,0.7866457477156802,0.24437534715588372,1
6.986335686866795,0.43495346329040097,1,640,0,7,0,4,0.735145513862915,0.6777898299040197,0.04475537984609057,0.30757685375623367,0
9.741096189805823,0.4477098042528872,0,880,0,5,1,4,0.49749986230226817,0.19645481900346107,0.6111813299124301,0.4194045045979957,1
0.28343770571398474,0.7014011293817086,0,264,1,9,0,1,0.40780011990407394,0.9662921121115962,0.33846486980319845,0.673727776580471,0
7.404453547781268,0.06086258320570126,0,887,0,3,1,1,0.8585871985454987,0.44105765104859707,0.5161485310834114,0.9514410245075047,0
9.269303625596667,0.5400805682883442,1,293,0,9,0,5,0.19543169061558308,0.010631452299236344,0.36375445855022015,0.9947427003607232,1
0.7478153422734934,0.5473278122177014,0,1192,0,9,0,4,0.074762805817981,0.655325505929925,0.9410495725973776,0.6892439787167809,0
1.1017004510613315,0.7567522611283809,0,1178,0,1,1,1,0.8517707823887117,0.12033028848765548,0.597156740213168,0.41243935970828205,1
6.919570984497087,0.982644752336658,0,76,0,8,1,0,0.8564961194720502,0.08891587338718743,0.8465990984742484,0.06845703314180684,1
6.479633758957883,0.7957547867868081,0,1403,0,2,0,1,0.24307643134820411,0.02355446133383532,0.2567252387173685,0.5929870538327211,0
0.688274153162457,0.503788612650468,0,1194,0,5,1,4,0.19528382616704842,0.8829677412266284,0.36461051854132875,0.4817275899506517,0
8.344227521511565,0.16945317960717854,0,567,0,10,0,2,0.7213071725608893,0.033677918978171406,0.7870671728254878,0.6707198563766116,0
5.2342384784489235,0.5882609716331706,0,676,0,2,1,5,0.14338517197147937,0.5372022704059036,0.2344411211608899,0.96446889105068,0
9.071973733366125,0.8342988867126859,0,118,1,6,0,4,0.6219509970008522,0.4894364242852538,0.9999937332940072,0.1668059106131995,0
8.779908809927043,0.9324140636453325,0,1404,0,8,1,1,0.7012346149217484,0.9110379552022857,0.6600794831964345,0.3706198020026017,0
8.125077690501657,0.8253103794941006,0,151,0,5,0,2,0.6219799513333417,0.911142644910069,0.896819003935255,0.5761507517593626,0
5.158988962444213,0.18896860636256352,0,1383,1,1,1,0,0.4269283736753322,0.9208818424170817,0.10451478485482746,0.3507136227343258,1
2.5171064174943227,0.7125758643493314,0,981,1,1,1,0,0.8161777173929663,0.4000028507018518,0.4138295534176525,0.1760496272648705,1
5.059755039111326,0.8801549474858433,0,1378,0,6,1,6,0.9299834694812044,0.4735016315989551,0.33592123982114297,0.5985469394562419,1
1.0081137780178007,0.6810169666269752,0,556,0,1,1,3,0.7057086816602385,0.825668636951927,0.9709637265590971,0.03938114927970715,0
6.588461484734261,0.6857520409282152,0,1343,0,1,1,7,0.4189512529226149,0.12015812152503991,0.14474913634097597,0.3770431806353063,1
1.3397721922900763,0.5001622862510787,0,639,1,10,0,1,0.9957013177184731,0.11441829549097071,0.7481632224797942,0.9726962920392392,1
5.11172962500723,0.6369762221255051,0,525,0,6,0,2,0.4494158406261677,0.9217279962465008,0.6308466027978843,0.47820749703758714,0
0.5438197416681778,0.2943807192230211,0,505,1,5,0,4,0.11626342567409031,0.02943388793705537,0.8513576773894905,0.10158897474314643,0
2.9951249027464586,0.0888100867857452,0,1427,0,2,0,2,0.18258222623896003,0.38287381964741674,0.9772872436443579,0.8342889839083464,0
2.3208046066978785,0.8277149047454004,0,698,0,8,0,3,0.3479444371035586,0.1949462234323197,0.8058907487926315,0.17903882000146898,0
6.2003154271167045,0.9431443073915157,1,717,1,6,1,0,0.17111666560502514,0.08398652278735141,0.25215272627913965,0.2508315676909103,1
7.867867120225087,0.8568223353769442,0,965,0,3,0,0,0.778292438602144,0.9738681002991575,0.8342454800502717,0.962437483545658,0
0.5730295454052614,0.333913553780803,0,833,0,8,0,6,0.014105698826435753,0.1659522816610769,0.5267591055714446,0.7751022852422934,0
8.502836851553843,0.0935301513079283,0,811,0,3,0,1,0.4058833002920509,0.4319748558939581,0.653309615981077,0.3219079497237808,0
8.607676949546045,0.2801383876314065,0,568,0,6,1,0,0.8782070966414514,0.25617250436868133,0.28044206854150233,0.6472694238669192,1
3.422690742880228,0.8428353758099001,0,246,0,6,0,2,0.11773673478214808,0.4911695964991012,0.8160159279377653,0.4877666522959907,1
6.590040659703221,0.655814507633216,1,1491,0,3,0,3,0.5760838187553216,0.7668942039562386,0.44446223164570775,0.8924968805974174,1
4.026130317034495,0.9666942441029371,0,736,0,9,0,3,0.9338489843744603,0.6597169459245393,0.808367293683538,0.5602936655722355,1
1.541908821896315,0.3426810184371034,0,1458,0,8,0,6,0.07159632342573619,0.5717497691912858,0.42725417547660505,0.6608117056360286,0
5.286624185631103,0.5514721202916424,0,690,1,3,0,6,0.34972575943615614,0.5106812607098076,0.6165418850616528,0.14913781839018903,0
0.8635967450159665,0.7900382216382279,1,899,0,2,1,2,0.037661766667371754,0.13185204550744944,0.10299449312001308,0.24986384288744534,1
8.784721553959878,0.23399194273181234,0,818,0,4,1,1,0.6821943249348869,0.40250365946453714,0.09246595907682054,0.026542628123332412,1
9.242897594096085,0.9640899746596657,0,1448,0,5,1,0,0.4174993138872688,0.9052659521687871,0.9529691957907326,0.5882443925480629,0
8.216131370114036,0.5923976724918149,1,166,0,6,0,1,0.9473213849455798,0.8205230455947101,0.7260654529747277,0.5625180177821542,1
5.625281207559786,0.00789756331965319,1,776,1,5,0,0,0.6912899347922083,0.06473974847211494,0.17269530695018365,0.30781539091136967,0
5.575985911254549,0.025153275628012395,0,230,1,1,0,0,0.6019405725718521,0.840443421127811,0.5977353709313709,0.23213320817884198,0
9.846073766009297,0.8822160164015952,0,1302,1,7,1,3,0.9103223230657057,0.8280386418490681,0.7811955748481592,0.45303311640455857,1
2.479016898311829,0.6452815277610775,0,795,1,4,1,4,0.12966227708502231,0.8019608158314061,0.5987094458704069,0.10378246821737303,0
0.7594836590520748,0.7630725190638621,0,1384,0,4,0,6,0.7834449794834217,0.8148126255387302,0.4484471911941682,0.8529545002304376,0
5.619409236011777,0.784016000956908,0,413,0,6,0,2,0.7298047281167795,0.9830340184770403,0.8352456173706888,0.8318811301794544,0
3.287855978101033,0.42045977625077646,0,244,0,9,1,2,0.6732509663172851,0.05520552535687662,0.05077492993429655,0.5961457904793478,0
3.2233877280804424,0.7986112461423018,0,943,1,1,0,5,0.6380767792628962,0.3838047254019724,0.6333356911759831,0.9015796566484887,1
0.07085354169948044,0.9375324448125381,0,218,0,10,1,5,0.12437299995883022,0.9684376440138645,0.47300777411047024,0.6134862239652406,0
5.96239409547933,0.17217110776962163,0,559,0,7,0,5,0.8140433746930501,0.5526689368769119,0.648166386278351,0.4909146590364706,0
2.6403370227561407,0.7641363995420206,0,470,1,6,1,1,0.6351540649271672,0.6822971523072116,0.2904496254925203,0.599979994855673,1
1.87858548192681,0.307792007615565,0,331,0,1,0,0,0.7714729790200889,0.3618552163831119,0.1624753906837496,0.08543684626923054,0
0.40431931393003717,0.32149300305385387,0,196,1,8,1,4,0.8760900871277575,0.21189926022318006,0.9741937185906473,0.2174894395747896,1
3.643615764756113,0.4127548510363862,0,984,1,8,1,3,0.5424259842294892,0.9784259923698101,0.8642296796316205,0.558319555446999,1
8.789688723864574,0.8637195199080855,0,1137,1,6,0,2,0.9568852369177623,0.3616521828118684,0.9089425393476475,0.11224539475817197,0
3.3667080759737233,0.022056067310049166,0,590,0,9,1,7,0.10920138040203409,0.5608671245122139,0.7687589976870491,0.8095928427900493,0
6.790742101195937,0.43392620681026395,1,421,0,9,0,1,0.004037865401085194,0.24381477023426879,0.06492007882052997,0.17022427033921705,1
7.565469634019073,0.6800476495692706,0,236,1,9,0,2,0.32994361413805817,0.9669512390082474,0.6279126769761232,0.4184500674810401,0
3.2810080919019957,0.11041545828252197,1,1015,0,4,0,5,0.21655009478001175,0.25841379798223296,0.38141951924968776,0.4845668958601198,1
8.216407350120413,0.7922535970174165,0,1213,0,7,1,4,0.553609889274472,0.9139453275940881,0.33428829676529026,0.15793026680851185,1
6.918796596669491,0.941902597897353,0,822,1,1,0,1,0.28029539642866097,0.29180980971045223,0.2492207514815038,0.24216562647867945,1
5.592422287009516,0.09093482107697859,0,647,1,6,0,4,0.6881376363781524,0.9469255940749952,0.18065945463820987,0.4843912222186676,0
0.009924640506289162,0.15294813783087813,0,972,1,2,0,3,0.9453285044697713,0.3673319153845752,0.13944936452437529,0.10678805894185572,0
0.3509076592280813,0.9740972249462029,0,1372,0,4,0,2,0.7692564643273457,0.87206044079839,0.12120918595555563,0.18716731862284675,0
9.908658441060634,0.19785564078574158,0,1484,0,7,0,5,0.42025185163258905,0.5998248440936063,0.7115637459871642,0.023192495939730162,0
7.822839235035594,0.07893967570320448,0,290,1,5,0,6,0.9855029377705966,0.11382391983950846,0.9304159457013845,0.5064493118275363,0
9.375652587729471,0.9521925363959002,0,715,0,9,1,0,0.7711823857667645,0.29562128872797755,0.380317128352743,0.8222814405983093,1
9.023032049180275,0.8926227098094689,0,1314,0,1,0,0,0.810881582233876,0.760887600200155,0.10601820262376138,0.810812807783239,1
0.20442983142750837,0.6557254727331311,0,949,0,10,1,7,0.20474904648709003,0.6675376891583021,0.22115824484265334,0.3548964861548314,0
7.918472897910739,0.5514309272875533,0,1223,1,8,0,1,0.6868994658414427,0.3560979784269971,0.7469925189094472,0.68744271278672,0
4.5114574401115455,0.9192326963027704,0,1493,0,5,0,0,0.07063537251589724,0.1953454382546974,0.3485278354488196,0.9899081757575677,1
7.895582040006557,0.6555200751114227,0,155,0,1,0,4,0.23530941344510892,0.8288327062196441,0.6628235414123287,0.42340579052272465,0
0.06715784163385141,0.65839665931507,0,918,0,1,0,2,0.016437795616545903,0.6223840095276134,0.2056237736504164,0.9138292839334288,0
2.8819930120056423,0.843685564201953,0,797,0,5,1,7,0.7052361427229704,0.6819647422425977,0.7567775062920773,0.7785455080004713,0
7.513237757913021,0.6532456772924209,0,427,1,6,0,7,0.020946221869733828,0.479066807721824,0.6551740784535655,0.17683626358414162,0
7.930207886015897,0.5036768870376775,0,980,0,6,0,0,0.44917677628681074,0.3503408607371512,0.22223677345471127,0.4442336271315921,1
6.19714601214624,0.3897214978984479,0,155,0,3,0,1,0.6488673535107302,0.3822495175760411,0.9319734459779353,0.9307956799979481,0
3.0125618944626376,0.5031338927912408,0,743,0,7,1,4,0.30499555552796165,0.031111729781510222,0.5226598284116154,0.16755535690261691,0
3.103625912878629,0.5224786490871944,0,622,0,7,0,2,0.3672804432759673,0.9437630377460123,0.2198631534072213,0.05763560379486243,0
9.667639636420326,0.3608318811182518,0,585,0,4,0,0,0.8681590088385968,0.3665462659159351,0.5666789643131137,0.26726486289761686,0
4.392121792342046,0.44811840898034605,0,921,1,4,0,3,0.9014130417435596,0.48296909271171606,0.4153248805438622,0.004855279667931867,0
4.47125550243837,0.8018719328635212,0,1415,0,5,0,4,0.8587000580271618,0.3571560769242894,0.9171434214658989,0.12709950800785053,0
5.523327502406995,0.41651336867588784,0,1421,0,8,1,7,0.7499344311656666,0.35518604691180544,0.309856134341548,0.42627052362628093,0
4.095023368643887,0.02555976663542936,0,1051,0,6,0,3,0.2775293525656535,0.6856144368324417,0.8863103212732892,0.7644362319807348,0
5.526715645974142,0.28301932177384914,0,496,1,2,0,6,0.07467713618690297,0.6703560500444855,0.7423847482082613,0.21372102677162996,0
4.323354227675579,0.23174186409169817,0,1448,1,10,0,3,0.48869537814784125,0.8102250167661648,0.6798921316954356,0.849657363636527,0
8.267149196021867,0.7935820118319684,0,1497,0,3,1,5,0.9243929552437573,0.07179159941468694,0.18383263716342502,0.9878979000492211,1
9.090510197982839,0.4492930584718088,0,1269,0,7,0,7,0.22337364310528218,0.8740586888449194,0.08613543796100753,0.46417924187991255,0
9.321102598153617,0.28031054303513314,0,1309,0,1,1,6,0.20954938977017878,0.9566822015342299,0.8644370734224684,0.992134157899785,0
5.6429620582938655,0.8107048838416246,1,1225,1,3,1,5,0.7796488024322739,0.9891061649692626,0.5705419202598819,0.5778132648489193,1
4.4214855746449535,0.01921680455661201,0,1140,1,6,0,6,0.5919881864692716,0.1287919922726516,0.9652919610773012,0.06022587939289148,0
7.052400587918379,0.1742508427312176,0,1088,1,9,1,1,0.4042998762787634,0.48669736557427945,0.5163936618983876,0.11056864468896055,0
8.383235912959066,0.8269548193958,0,957,1,6,0,6,0.8626702752697869,0.9390429068259739,0.5913837306317256,0.5129382768009094,0
5.629822420663771,0.5506517276604026,0,969,0,1,0,7,0.5825282636757277,0.7589365001415537,0.9971087423033583,0.9218145077349221,0
6.999810218222613,0.7736497745794804,0,584,0,10,0,7,0.9202675506722844,0.06020125139991506,0.7158916971328143,0.0984807971854047,1
7.49729350721248,0.8381760147620776,1,1330,0,3,0,2,0.3681502460642916,0.8703044163300477,0.3600300028979727,0.5717152262503375,1
6.763937767172868,0.9419634885885396,0,951,1,4,0,3,0.44407550219063296,0.8385455869080463,0.8277952986023495,0.8110017504233102,1
7.461335557293095,0.06342459930333799,0,920,0,2,1,5,0.07430351131920176,0.7801680305993905,0.29549360630463695,0.983094004123833,0
2.086453325559984,0.799234743298472,0,1112,0,7,1,0,0.3676894221467363,0.41183702557541035,0.5250757095993298,0.9080015402953617,0
4.9837454702179755,0.7087661482198349,1,112,0,5,1,5,0.179714271193406,0.6322946764705195,0.23794785989624812,0.10604388299017742,0
5.8826855460508725,0.20702560067655917,0,1378,0,3,0,2,0.03283210684968474,0.7159230001876308,0.9946828749722579,0.07680177591723747,0
0.024779308570230807,0.9317022663401231,0,873,1,7,0,6,0.25576190601838533,0.3966497094430983,0.9345230008626333,0.20526311586434298,0
8.55962508813682,0.40420188030639204,0,1416,0,2,0,4,0.49062663913914784,0.7840002267049322,0.8738632066697226,0.27988886383134914,0
6.100245084449121,0.8876105274548042,0,154,1,6,1,3,0.2473577594757833,0.273287689431846,0.40114200451415316,0.8658048140538402,1
1.2913633169820327,0.6051137046649254,0,350,0,7,0,0,0.10908860575039525,0.18363415717533915,0.7285270308173866,0.6452121595741008,1
8.163570725758271,0.5267479465409566,0,1423,0,9,0,5,0.45153403763594135,0.8588993591107669,0.2607828012979889,0.9422242145611938,0
7.170569664405447,0.1595239338959794,0,1039,1,7,1,4,0.14784732087700236,0.3393211520095586,0.38999976216969123,0.41884789793305643,1
7.58299543463637,0.9143276242873128,0,970,1,6,1,5,0.0859932126314975,0.05677175711455551,0.8045332612618177,0.41012639410333873,1
3.9204246186185623,0.5566619073622462,0,606,1,1,0,0,0.960182655307655,0.8326973129024741,0.05640802896907382,0.2796144653878162,0
8.542025066949922,0.0060924054968174435,0,833,0,3,1,3,0.47595627143838326,0.7990156277944218,0.04950027723744077,0.43751798864750546,0
4.140275821323622,0.01828454107028321,0,819,0,6,0,6,0.8023273444083352,0.8023904588019262,0.661077489037496,0.7909174616376515,0
5.705091529455913,0.7776326050180475,0,296,1,6,1,7,0.17078405786732165,0.34088361893709884,0.7745982059860728,0.6966988634447301,0
0.006423036998737253,0.16193635337838963,0,849,1,6,1,2,0.4615498830884923,0.6032490898273074,0.3835427226959025,0.7897317445859985,0
6.448731146778623,0.5987384356281452,0,773,1,8,1,2,0.08992462518950461,0.01391552323190226,0.6746763415063264,0.8306953920336246,1
7.181757921279367,0.6810819619339803,0,469,1,10,0,5,0.411800739936948,0.002285307115397095,0.9029797502095644,0.004290857499527512,1
5.671093654887923,0.27936559294849683,0,513,0,6,0,1,0.8263997736632587,0.25926635097232464,0.09998525332539632,0.2372861439150289,0
4.965588170436161,0.5693138084114124,0,1151,0,2,0,7,0.8927476281043933,0.525307728194922,0.8305161635403792,0.6542528368811065,0
8.099364737117083,0.2402587459890747,0,1013,1,5,0,5,0.5190060969933854,0.6003154102805589,0.581740225629303,0.44621812521031123,0
6.813727171652419,0.9463154273679505,0,704,0,3,1,7,0.28640228019799263,0.13340037691800288,0.4223555777675939,0.11745250305438171,0
2.78074039720023,0.860170156349167,0,906,1,6,0,1,0.7334691972134514,0.8676630237964277,0.05171197722582932,0.06479072366965066,0
9.590733380799858,0.28804279149746914,0,361,0,6,0,0,0.6389283836685041,0.9595521790313787,0.3840751644718967,0.9433500496455485,1
7.072671941953407,0.5288144909503397,0,748,1,6,0,6,0.47047654438119424,0.11921215402254992,0.7938897615193095,0.8484499519941061,0
9.879389289124246,0.5006328571539057,0,842,1,6,0,2,0.4753635363598713,0.8238578415860601,0.54196431878207,0.31904633033093965,0
9.712613162688683,0.960023257950074,0,379,0,4,0,2,0.49321419772434805,0.6142378960612829,0.17630796247899905,0.6392931433296289,0
9.189097228100898,0.394028780183854,0,254,1,2,0,2,0.33924227075771507,0.5023983158715378,0.23222149863764963,0.14675660781276134,0
7.553715412253076,0.5622275546215668,1,788,0,9,1,3,0.5189707885136845,0.4890635085529972,0.8476205726843432,0.13497268876647928,1
6.094293684969674,0.9287065948874371,0,1411,0,5,1,7,0.05737390741882298,0.7498351607210808,0.43290759425468406,0.33363814302877093,1
1.7217066368292422,0.16281105117655814,0,692,1,3,1,5,0.5701838247964224,0.20891518842542534,0.09548693417962473,0.28123896238428514,0
5.433514174237577,0.5504856032783381,0,1352,0,10,1,0,0.49620460701569646,0.6089588103141742,0.9733320909199445,0.9793842738139892,1
7.653765223943273,0.10567292036182963,0,1276,0,1,0,7,0.42056266012320886,0.26135353809993567,0.25346241009942994,0.024357512472597542,0
5.208571587055678,0.6174989318185006,0,1117,0,4,1,3,0.3239936757491816,0.08516196117688946,0.7964870912901121,0.547291453366242,0
8.682391284056578,0.36568320338700466,0,1341,1,8,0,5,0.6217803408041763,0.5528797196185603,0.012802245626596931,0.8541227235516085,1
1.0965589919169827,0.9676360731796007,0,616,0,5,0,2,0.48497529821554686,0.26860782673767314,0.25650078121553843,0.02590632012159222,0
3.809403480486341,0.4154091811485263,0,1138,1,9,0,0,0.10083962388090728,0.7426538466979051,0.337122861251427,0.5537270699565571,1
5.059644185936572,0.13618763754170682,0,217,0,4,0,3,0.3744526881907727,0.6504128083200981,0.8594252667336237,0.3799936772934227,0
4.32325295869108,0.8339999609284041,0,479,0,7,1,2,0.07650539174293114,0.22432241794800678,0.7479481555215067,0.21589595229478542,0
1.0858654782155308,0.8208666914229141,0,849,1,5,0,0,0.37916941300484885,0.8615624548261347,0.30802123358442857,0.23536730408674844,0
1.5352829404463053,0.6948596195427844,0,57,0,5,0,6,0.5328318989319184,0.34699858896061686,0.7874829121674031,0.8144447518253517,0
8.37617292855487,0.748811801884228,0,1147,1,5,0,6,0.39102896318088576,0.7090532519352807,0.8100601155929414,0.46445322267621536,1
4.84384259201451,0.26471521768940687,0,1388,1,10,0,7,0.34163002079221194,0.26732342790438124,0.5120208288333931,0.045881894232583376,0
0.48722426752727643,0.6420535004227813,0,157,1,8,1,1,0.28114929209242,0.19659964429964982,0.5078874476930185,0.4088272999145004,0
0.16491258977649914,0.03801987120539363,0,1488,1,4,0,5,0.38177250344268243,0.8602729982493913,0.5095229319461302,0.8167239672477571,0
4.734754019943265,0.19689014389003456,0,132,0,5,0,4,0.06931069925381195,0.9186653208545534,0.16739687637509382,0.6891563587080866,0
1.643787259244437,0.9322794475530867,1,190,1,5,1,4,0.99390075264368,0.35205082145602873,0.8127315716288958,0.9549534819237306,1
7.0512594599922185,0.7392352970826587,0,1143,0,8,1,6,0.5553391368612007,0.3149703435050826,0.7146056701613371,0.7730891470133188,0
7.9532346252775135,0.23067254098925782,0,1028,0,6,0,3,0.6361757501627441,0.7025655085241896,0.84938442578762,0.17094837624974502,0
2.282967084571056,0.1113830895192881,0,1404,0,6,0,2,0.18314065225509268,0.2273641077124312,0.8156743305573905,0.06682754853053596,0
5.921769448817807,0.9489194448685015,1,637,1,5,1,3,0.9234047616689484,0.8642061093201636,0.7854371726960919,0.46255686565017984,1
1.54444643485386,0.11218766606013275,0,858,0,4,0,5,0.5711640308959676,0.008514877644854368,0.7803766607514682,0.4448105064400584,0
3.03582651594387,0.2570700480472482,1,222,0,6,0,3,0.4143739427843326,0.1421233815175672,0.9444506774616116,0.5476997407549181,0
8.887954941814334,0.18263399299945715,0,1037,0,9,0,2,0.7132140271899058,0.12070265295754545,0.6054109877170011,0.6716513978484834,1
5.440980914823108,0.007463820411767963,1,1497,0,10,0,0,0.3043503883397405,0.31782361719253405,0.8279364678820565,0.2543217740793251,1
8.858886951442,0.314134774098044,0,895,1,1,1,4,0.9346406879550316,0.8661411339239949,0.8013408753502779,0.9883186232422828,1
2.2524780417950696,0.9741788715987626,0,1399,0,3,1,0,0.1693141244179316,0.6400094942186162,0.27023370511312117,0.49476371382210094,0
3.3002434324866603,0.34190330580935646,0,590,1,7,0,3,0.8331105097340967,0.10747259348074578,0.5657276541814505,0.7149679766187247,0
4.709521384568171,0.5043048794677737,0,1473,1,2,1,4,0.9666083158664607,0.0789172493997281,0.7296916614287392,0.408399920353559,0
4.800800751945429,0.7459357839217814,1,805,0,7,1,3,0.49174259061036873,0.28843249422148953,0.10346682292502274,0.68442213063757,1
9.976479671837005,0.5510801020792161,0,215,0,5,0,4,0.876659899493739,0.6198324292060391,0.5305810455022885,0.9833964037074965,0
1.1444531897113008,0.7435915074123066,0,543,0,2,1,2,0.07156284378602928,0.5937583797382178,0.0028400096869208857,0.15358696957436435,1
8.519650356015907,0.6616358681905152,0,737,0,6,1,1,0.6205889158814184,0.11422284546678585,0.24030204456190218,0.4359255493438351,1
8.636820394218702,0.6085630229990148,0,100,0,6,0,6,0.3562326318630544,0.7607991060428166,0.48637089794442057,0.6970252780915678,1
5.531986315377874,0.6496489072117452,0,1343,0,8,0,7,0.3643113745680795,0.6322650629370599,0.306930015841296,0.8568550600957866,0
3.440371682591538,0.799164362078251,0,358,1,9,1,1,0.4503633272950788,0.9830562192806964,0.7710899250610036,0.6371876724888929,0
5.192261042882961,0.7101913948011042,1,1012,0,10,1,1,0.5967763771913823,0.5525952291404475,0.6374040800814198,0.23128456378309603,1
2.924677048065638,0.7917749207051915,1,1379,0,5,0,2,0.6160135060099534,0.3273237938761375,0.26754000349008245,0.6451561518971564,0
7.9910744843993955,0.14559763828353134,0,651,0,7,0,5,0.2782726200235375,0.1193514599136315,0.017077849970872694,0.6227341039070832,0
4.982791587103302,0.6776737327105403,0,913,1,8,1,0,0.3839459617493597,0.9191004991816306,0.2547130077947082,0.043644765558776055,1
9.258421788774506,0.7370219123255332,1,775,0,10,0,6,0.24952625578015697,0.03766969887240412,0.5190741321426537,0.6068939555171585,1
6.226913443560438,0.2999664324968345,1,1146,1,7,1,0,0.6325402975696508,0.34872797630093166,0.7622301434297726,0.5325848879237827,1
5.143193331146834,0.8745773278432823,0,57,0,3,1,6,0.10203483338927155,0.5307388589512119,0.6033678092987276,0.28946963550396076,0
7.1106935397765225,0.3047116033027004,0,539,1,4,0,0,0.4235744822586238,0.5697913840959905,0.0558177223721551,0.23891762113575632,1
5.0393296443023425,0.2438321193764973,0,917,0,3,1,6,0.9784873772009204,0.5823236049033429,0.4665206035373297,0.7678867222137534,0
9.045063504194472,0.8670968154805112,0,137,0,2,1,7,0.9887783192211242,0.717120368363703,0.9595145538645404,0.06492026903574322,0
1.8444596088684129,0.2470198381164267,0,1289,0,4,0,6,0.5179632534160343,0.12832195039471006,0.904046017164961,0.2845046484980617,0
9.733486837459056,0.4155024624318001,0,948,0,5,0,7,0.24746000976933347,0.7193463302363192,0.7423951397110834,0.7010688235141451,0
8.12190551851192,0.3679228300368189,0,4,1,8,0,3,0.5834959317524904,0.8895173246811854,0.2838148652626268,0.20920592712307184,0
8.607333618648696,0.8980618225582724,0,18,0,3,1,5,0.4884607856374945,0.030446862269473685,0.022166904441408897,0.11760595615497127,0
4.8290783237107116,0.45523573828796426,0,239,0,2,1,4,0.042486710556746576,0.0358076181363971,0.45636684777667036,0.9828948399316774,1
8.372015493375974,0.6943089332962156,0,995,0,2,0,0,0.9890946934323674,0.9913800628140615,0.3744387905189822,0.5656314128616413,0
3.0677408357720513,0.794038904643829,1,776,0,2,1,6,0.32716725068930175,0.31194251412596297,0.6758479508036178,0.2687651751435548,0
7.619481785641752,0.6279035807471762,0,723,1,5,1,5,0.39927963725822635,0.45506302265633747,0.07058925769758029,0.15396535097376962,0
1.4045015838902264,0.9436944983249147,0,841,0,5,0,3,0.513561027269504,0.310062582819268,0.9233785314189463,0.007106315379408201,0
3.070519159625087,0.8025075292560081,1,742,1,4,0,1,0.8803699476721791,0.5564866452906984,0.7358595100766768,0.7497520653398073,1
4.4573266335973285,0.40020662767486315,0,515,1,4,1,5,0.7991195964579685,0.7114815533561958,0.9709983166971176,0.3574960899373568,0
3.2231971814342186,0.9508118432576832,0,10,0,5,0,7,0.20555014616259726,0.7599498714084149,0.865313750906641,0.19456312621530836,0
3.8701711562418364,0.5245748332713341,0,41,0,7,1,1,0.7164463082037104,0.3553888123375807,0.43022839429554094,0.9035311268689471,1
8.20104744783698,0.022577322944895895,0,1033,0,1,0,7,0.8745647113776261,0.2605768953705545,0.6624968565277206,0.6963310053239978,0
2.566758921421676,0.2600132796528968,1,1115,0,9,0,4,0.7142639160704183,0.5466319979833498,0.8456294250545423,0.8104106841833782,0
7.452811721545722,0.6217295870372666,1,359,1,4,0,6,0.13918432361060395,0.3842550426095871,0.20387507524418946,0.6557397910505669,1
0.7371206911165185,0.15681490232443673,0,364,0,2,0,1,0.5388985026149105,0.6221115757568613,0.00963003375798821,0.9167107080153416,0
7.657391075150608,0.5840680448932036,0,611,0,2,1,0,0.8385579349920798,0.6115539237705719,0.30758337149410864,0.3444514613786165,1
7.92023242829773,0.3615980223075298,0,966,1,6,0,5,0.195617082024379,0.8944530543484964,0.4374548744295479,0.15640988891683527,0
4.01698775502482,0.534385480058274,0,890,0,6,0,2,0.5385372941853952,0.0038565059544932723,0.6245705499368085,0.00666978188988554,0
7.224778231674705,0.0018748478732528717,0,838,1,1,0,3,0.6695504884602029,0.1018481943999695,0.2634243453950068,0.033816772408181595,0
9.151384037450992,0.8484213546686984,0,55,0,5,1,4,0.6353699812074439,0.78674870081776,0.44205970118230886,0.8538593661821401,0
8.007129735545268,0.36192548777552835,1,646,0,3,0,1,0.106604038583617,0.5835599534322892,0.6486793958680331,0.6148580297383429,1
3.904465103969599,0.14015843427795305,0,1128,0,10,1,2,0.2774558206350156,0.0625060317692514,0.8244236941063188,0.04555915306336866,0
4.842135142800644,0.43791585700507996,0,885,0,4,0,2,0.5521328600067168,0.9425571677470318,0.22693531292751212,0.10672634225189581,0
7.793575447858054,0.4861772934888341,0,1210,1,10,0,2,0.20876320275635785,0.6504043812300362,0.799903600878581,0.6965108708645898,0
2.9259458984912357,0.6374027104961889,0,1042,0,6,1,5,0.33371205006083626,0.48599553415273467,0.9392002872207164,0.384887783721647,0
8.038827403088735,0.5245624403522797,0,1349,1,10,0,1,0.41507634490106204,0.7795860037807356,0.4095622479519856,0.7744057030599939,1
3.280711425609412,0.04352358206706264,0,858,1,6,1,7,0.013624001302289468,0.5960151023829375,0.5519878484203155,0.9365573323889551,0
8.059905823855381,0.8715123220777647,0,853,0,2,1,5,0.510422947647645,0.3732968688999405,0.009983914660969817,0.7559995126561908,1
0.8680044335072334,0.4565089317869613,0,836,1,7,1,0,0.9947565631785659,0.29663499181604847,0.7102095707168056,0.1815760574922528,1
0.44397296910590134,0.07698777253300892,0,396,0,5,0,4,0.4082678414954002,0.4534298546425123,0.8720133407119395,0.6496700654887363,0
9.976754473698223,0.7728282365291851,0,654,0,9,1,1,0.27429839163034253,0.47524626170680917,0.01998720302928758,0.5953423822105485,1
8.69457123234689,0.6601544187830682,0,253,1,4,0,1,0.2529953866924298,0.712031914053573,0.8436675815345512,0.8479165250684185,0
8.82847503466204,0.6494377727692218,0,645,0,2,0,5,0.5151744312631681,0.47300282569625574,0.14902232772649315,0.20028545409779186,1
9.512799476066174,0.42691400173556104,0,224,1,2,0,1,0.4560104381839808,0.018342162576291732,0.842098787517755,0.7189206553496265,0
4.383163094144878,0.4104970626209884,0,736,0,8,0,4,0.861985151055561,0.6846509927073705,0.5419047782246935,0.5997833179997175,0
2.868355546801522,0.5363386363873428,0,1431,0,3,0,2,0.6392447418472675,0.06960808253967021,0.3701593721151414,0.4775688745703571,0
1.30024995017903,0.05059441289910327,0,678,0,7,1,2,0.3986521502578392,0.8463308000766016,0.9412629067243916,0.29108510087940576,0
5.012091335384645,0.29895776421792086,0,1107,0,2,0,5,0.38574686659049473,0.7082760233267485,0.6123579990487378,0.026032075479086036,0
2.200483204766078,0.9878941735623735,0,658,0,1,0,5,0.5471905906718322,0.5978401735986646,0.03865573107149567,0.805600821640691,0
9.355508567393198,0.6621924891280758,0,1358,1,8,0,0,0.2533680635626009,0.4541590961175399,0.766000389780063,0.10742952342049084,1
0.04003162442779096,0.4189341654173221,0,315,0,4,1,6,0.42284560672978844,0.17211055274378673,0.18239879519519564,0.37737014583620054,0
1.4319673774312158,0.22236310294045303,0,1251,1,6,0,4,0.2850401090952581,0.6549960833181301,0.9232748778459726,0.49615488003936337,0
2.464758530834268,0.7452093619002335,1,1087,0,1,1,2,0.5154662027485144,0.10949411636729911,0.16645598176200105,0.32971898940034794,0
1.9895671159319506,0.2602903097061914,0,1333,0,2,0,0,0.5466023738989064,0.6045457785891913,0.48765798229767576,0.6624519857377758,0
2.257784365797103,0.16237010384629535,0,199,0,1,1,3,0.846809260405801,0.18333845878211408,0.5225778724276167,0.3284874754009557,0
6.5604760506117845,0.15451490023428727,1,1342,0,3,0,5,0.2511771582433885,0.5968705065605006,0.5637797784461042,0.5163132600247449,0
3.2751207831314924,0.7292632791647324,0,1363,0,3,1,0,0.9047249305912055,0.1511593388164748,0.5332945478191349,0.09519280926563944,0
6.150243819033733,0.6428102542887174,0,443,0,4,0,2,0.535268347312451,0.09448222644536564,0.43904589259757687,0.43449519652911794,0
8.902579336462912,0.06980609937123061,0,937,0,3,0,7,0.7268334812219761,0.47087070487230664,0.7128319436550817,0.5830005004735188,0
6.025567655257021,0.11504281536220251,1,879,0,5,1,0,0.6116715784881673,0.7097537755311213,0.15555975326537652,0.86182538678885,1
6.945327912863815,0.6338468673535771,0,73,0,10,1,6,0.8290388639245956,0.23845405864589542,0.787270603139239,0.18159160146454079,0
3.655032982213573,0.571116101872159,0,787,0,1,0,1,0.6631396755433536,0.49770592089567733,0.03745079723368594,0.3386352468567504,0
1.5973846762270916,0.6859990603718135,1,988,0,9,0,4,0.01107353185786164,0.798881045216278,0.8420954155563498,0.2592914389539336,1
3.205840624499061,0.17803890836326197,0,307,0,5,1,6,0.3902752901698554,0.5494360354665765,0.7498288903639001,0.15266517629483023,0
9.64282648704108,0.7265879062171671,0,542,1,6,0,7,0.9383642265379184,0.5971294451986134,0.7953997171252069,0.3856174217749285,0
6.218113844531371,0.9360964673305497,0,878,0,7,1,4,0.4514525961430934,0.2201592860158874,0.2969293172923523,0.9083372302771475,1
2.775111194340152,0.6010503145354412,0,1394,0,8,0,1,0.828384639718301,0.12449909642473767,0.8497078040318772,0.37293849416903313,0
4.509152671621038,0.19613001964278387,0,90,0,10,0,0,0.8689598012714413,0.14904244761955565,0.6911577454816733,0.27216429341811155,0
8.355130374309944,0.6795438552841065,1,1404,0,10,0,5,0.3325779605642123,0.9728041099128708,0.9685412333413986,0.958042279470633,1
6.684435707057736,0.3430816835460644,0,1224,1,1,0,4,0.8577247090353899,0.08661826347817869,0.020011131435277774,0.7154737443771374,0
5.606528407291682,0.04928774638572142,0,1268,1,5,0,6,0.3774349956428016,0.15150696943077524,0.7905223819930589,0.3696747378570229,0
8.851628766338411,0.30233869535249847,0,71,1,6,0,7,0.025360429009973817,0.20569402466308284,0.6233025563900623,0.7493185227558659,1
6.724395722167903,0.905585101950132,0,851,0,6,1,6,0.6944074812433981,0.7879456086377488,0.9890376467579453,0.6385445324333288,0
6.427297307910954,0.4111393201759752,1,552,0,10,0,4,0.8202892817239914,0.39795355494907125,0.44304134242069615,0.8548395663047746,1
1.8976813721076813,0.8646653380310924,0,1378,0,7,1,5,0.45160751553396306,0.7908962519249377,0.2796554323331857,0.1110089299326592,1
1.0638868301240778,0.5086593435227916,0,1111,1,5,0,5,0.17340936239339855,0.41892781012059976,0.8797454382334268,0.5398592283139193,0
9.65142117057399,0.5169779889596,1,974,0,10,1,1,0.6152847821956042,0.7947346707304584,0.32569401047135815,0.7021243819057823,1
5.988583701003527,0.005216321064894336,1,41,0,8,0,2,0.7382568038897587,0.8954722941370855,0.7027881565145792,0.9976749796834571,0
4.156834091464291,0.6371040732889721,0,1312,0,8,1,0,0.6548169522915708,0.44729561028910714,0.331847993108056,0.6017393553682141,0
5.890208209102176,0.10781384503042024,0,734,1,7,1,2,0.35579264012817213,0.9863672548241205,0.9457223369470639,0.1406892307416222,0
0.6181196107171538,0.4787484146820543,0,240,0,1,1,1,0.36832939911083007,0.9329112180150937,0.526100358939448,0.9715393764842184,0
8.221272739041067,0.2603168556580989,0,1311,0,10,1,7,0.5490974238793476,0.015358185394933499,0.3197910543453182,0.4587709019123182,1
2.1664553556433597,0.39238296582931487,0,1356,1,8,0,6,0.19339367542904595,0.5641418339547138,0.8224190713510068,0.4882003376428461,0
8.04546006317947,0.5370773556668008,1,744,0,2,0,5,0.8461764529413538,0.6571222243569568,0.06247405239939008,0.25314669866449846,1
5.343784432636106,0.014464114601972833,0,992,1,3,0,3,0.10231904574196349,0.8431643089305957,0.09375796662136782,0.8136290632637523,0
2.7657201365690276,0.2845835832716228,0,915,0,4,1,0,0.4865496794901697,0.6733600023268252,0.836716196476396,0.5292991600028849,0
0.3020994824207046,0.9896119342918649,0,454,1,3,0,4,0.8594390244594677,0.6882510970963996,0.3234139394049975,0.9739017901595163,0
8.158333553266058,0.057399125820559616,0,1122,1,7,1,0,0.5294179970330978,0.2896452196129464,0.17655495826962564,0.5190283355061014,1
1.7646014146930666,0.31939348815736834,0,1496,0,6,1,0,0.760949453996544,0.8205421289429602,0.5871545025491073,0.18055568045247317,1
0.5180511563987344,0.32142147496464823,0,1401,1,3,0,1,0.23957753960735118,0.06328863378644423,0.25457720946693296,0.770306210383826,0
7.558777308258808,0.3793859209327626,0,1030,0,7,0,3,0.44551247027358487,0.6573954023067294,0.9871832580465097,0.1477010189427269,0
3.500432223729788,0.6847809184423453,0,540,0,3,0,5,0.7130601169162104,0.20202395151791896,0.8206009078829458,0.28334839337165263,0
3.8933400559165,0.2477437986829646,0,1362,0,2,0,3,0.8883302288322229,0.7655759827420447,0.8891752210177852,0.9394862691091469,0
2.47067587280719,0.4602693441360528,0,1391,0,10,0,6,0.643045623306515,0.7902413614852474,0.8335864430607582,0.9763657636462955,0
8.59178478696897,0.6448635668524492,0,8,0,4,0,4,0.24276650505324016,0.17478497993993658,0.8858606379534584,0.7766640655592417,1
2.9732952610653207,0.3223220583285886,0,507,0,3,1,7,0.146292814827509,0.7935529742880093,0.33797913065775087,0.20689697514938588,0
2.1019256975102385,0.9487725805032546,0,828,1,8,1,3,0.8415398218392233,0.83749554043252,0.6734121669612714,0.7419211316650907,1
3.092497263361561,0.9796726349426813,0,866,1,8,0,2,0.5540358886255926,0.05303175730962062,0.9069826642727393,0.5940539928833809,0
2.03149575167397,0.11967356768751114,0,1068,0,2,0,0,0.1838720622675819,0.4300067027187059,0.6859505730031977,0.44673949797990853,0
3.1765522080520747,0.3438198844008101,0,770,0,1,1,1,0.4856767356573216,0.19269520256711148,0.9971549178166688,0.4461353203737789,0
0.8293622286817304,0.2079720698064753,0,20,0,9,0,0,0.1263226490888809,0.1264057858252372,0.8655336110314062,0.4530500149052318,0
1.5853002911945835,0.18678959555711516,1,248,0,6,1,1,0.10517164871757756,0.8035550602670816,0.07093800635472725,0.32235778622866285,0
4.1705288339614786,0.4909798383382795,0,1143,1,5,0,7,0.9199769245085224,0.2931787610005093,0.5016653190232986,0.5380334391041753,0
8.794668555898763,0.5638271081348789,0,1040,1,5,1,4,0.5446271720901473,0.643996382027059,0.27554039849268797,0.03653736794907558,1
0.5729074672228585,0.4256520405975992,0,977,0,6,1,4,0.24891262867763098,0.0036814481367616336,0.8750554252589309,0.8484914539216226,0
2.1267470676003066,0.2725548730973607,0,661,0,7,1,3,0.8812667892596683,0.07945410495105387,0.9372474997252896,0.8970411990899892,0
9.083456755415963,0.27862157425363965,0,412,0,1,1,5,0.9988842379989907,0.6102409512141718,0.5666173306677462,0.3908183701663668,0
8.900146741599217,0.9921281563407308,1,462,0,3,0,4,0.8842020207789829,0.370272601530683,0.05814051915920593,0.9485683026424182,1
6.7945083329594125,0.9236773739902505,0,1033,0,10,0,7,0.7475913050663624,0.8797051108890716,0.34667966870058287,0.7761449275827847,0
2.4047355409523794,0.07589884098935717,0,756,0,2,1,6,0.962066908434374,0.08223932426273539,0.18857580391239936,0.8478816669961619,0
4.198105610557858,0.6565506519961256,0,196,0,10,0,4,0.19738723071460085,0.6237576491047954,0.5292736402501259,0.8912786533726018,1
2.1122099443796505,0.4568776074848443,0,599,0,5,0,6,0.8776936229120175,0.7028820015262072,0.9848395221658938,0.3403184406529499,0
1.2858850912520325,0.688814097199162,1,1236,1,2,0,4,0.3587394740443042,0.6112195967845102,0.343261024725511,0.8127145047689416,0
3.799983945138915,0.5969607055405535,0,898,1,6,0,7,0.032237903974605575,0.6807092906761957,0.7339738743303492,0.14512928944686687,0
5.758216050703502,0.8892524000824175,0,1299,0,7,0,4,0.032377942493985734,0.24933040216885782,0.8310543120981915,0.9770361078001816,0
3.599326754648052,0.06698831428882501,1,762,0,4,0,6,0.18783435070188104,0.7671764698741728,0.8301737975632404,0.5952771267892807,1
6.108245504659697,0.3495979120577055,1,728,1,8,0,1,0.7794888613326945,0.5546583654014382,0.14952675137382243,0.6941430374751396,1
2.9625473537930547,0.9854941257755847,0,1424,0,1,0,1,0.8966717768644931,0.7880433710803988,0.23744480675298085,0.30640597456163987,0
3.4585052776079026,0.18228534899061677,0,761,1,2,1,2,0.1279622965578081,0.12176476750575105,0.22327716213042514,0.031865727747919625,0
7.906735916446096,0.12733343950664722,0,202,0,7,0,6,0.8453826082787468,0.1270290461244179,0.29727920753371906,0.16309513218834515,0
8.783147308938581,0.7289720060005754,1,603,1,6,1,7,0.755472435852299,0.39551974650421695,0.046805999222341965,0.14207199854541175,1
3.2203408153105206,0.7774351600174635,0,971,0,7,1,3,0.05222410036391112,0.3898626635283189,0.5393801806480368,0.4424325141735779,0
5.715158013452762,0.6722735476746602,0,518,1,9,0,3,0.7313895513723639,0.12846727043362072,0.7409300375194667,0.29253654619145686,1
2.7816228389226803,0.7761958287599253,0,615,0,10,0,3,0.03837923102201002,0.08120454900273322,0.26081810636947855,0.9443832054871076,1
0.5333464170742752,0.6937215720931722,0,1309,1,6,0,1,0.2625830312919186,0.08077538370342774,0.639829914753827,0.8415249114333775,1
7.37857181360408,0.13577068228917677,0,652,0,6,1,4,0.5309093999604473,0.05237883675042054,0.5455864156531004,0.5398510803904536,0
1.7100348323615033,0.6082218974785071,0,457,0,10,0,6,0.9092589369925613,0.033146237767705866,0.09916979573444673,0.8523820928791238,0
4.257125237469172,0.7768766825595325,0,161,1,10,0,6,0.10535178766953801,0.8077576168094694,0.23977852704383662,0.5850775450653277,1
4.870454933791568,0.8655166063244678,0,604,0,1,0,0,0.34830536039014703,0.934983535105625,0.24148441126179465,0.9200204433603075,1
1.8447158417910592,0.24623524268370767,0,1149,0,6,1,2,0.5769168486008487,0.4256751822812108,0.48867913000399044,0.7451449956988224,1
0.9455535066339626,0.12743076093853856,0,449,0,10,0,5,0.740205253790424,0.1867404477574176,0.6278513436865539,0.7351868458232222,0
3.4801301467107058,0.7810904435825796,0,705,1,1,0,4,0.9153886417078319,0.32836866264994446,0.3013741976103642,0.27489729320780865,0
9.522859075503185,0.25654834503566537,0,985,1,10,1,5,0.46885011766562046,0.8185161037672449,0.12712469787001857,0.7944648016226737,1
6.151355899884214,0.03192947832088733,0,1391,0,8,0,5,0.840899458844324,0.9292514625790086,0.26921872550303405,0.7723644367580457,0
3.8141022840290253,0.8252135636493042,0,1221,1,2,1,2,0.6170216963673738,0.23868600457126954,0.0401867431259203,0.08094305090750109,0
0.38910820774214927,0.50599113381086,0,429,1,7,1,3,0.2040539713505084,0.0306091292308609,0.7486653497189888,0.057893006552959925,1
6.002732813910818,0.32663313242842196,0,246,0,5,0,1,0.5795876156300852,0.3086188137180379,0.6993106079050585,0.8812507583763144,0
0.9225764093537259,0.011429105231549164,0,1006,0,4,0,5,0.3138176084744341,0.38536485503938867,0.6706609851767721,0.9788553135008669,0
5.4254407104752636,0.035327444707947686,0,382,0,7,0,3,0.7036424155065376,0.0030079342165080236,0.6177802182103099,0.6046362385659062,0
7.519505082717429,0.7926232705602947,0,588,0,8,1,2,0.28454087732734246,0.681425213051728,0.29769445877597656,0.1707947380664797,0
4.235853482947864,0.48970588496486445,0,156,0,9,1,6,0.2628441569805845,0.12450244143264921,0.11548327401615865,0.4211890513596016,0
2.994114948165244,0.14972204929646016,0,1161,0,5,0,7,0.9453632864937566,0.08184119139701451,0.5990153445039056,0.021048921577415558,0
0.473842338175986,0.35850562724901813,0,240,1,2,1,7,0.9086994464328946,0.7191353315231587,0.7325754005014523,0.8217270130345846,0
0.24777875161596796,0.1653051475375229,0,570,0,9,0,1,0.45174522105102444,0.770782464457092,0.8108437017651637,0.10315957116850549,0
4.300265696455212,0.11288155318038662,0,610,0,4,0,6,0.765467472902437,0.18402815397920402,0.7265311178516951,0.33515067048892466,0
8.833452707029679,0.2763078206741436,1,63,0,8,0,4,0.9820625157660182,0.7684902291897654,0.6586641716323048,0.5627042726093979,1
2.440627787931904,0.5495085474623974,0,1163,0,8,1,0,0.08862511949156837,0.29748883343290133,0.8243946234411558,0.6980618366704351,0
5.740555057818213,0.2100066078122269,0,927,1,1,0,3,0.6061652495710502,0.3081216728276176,0.7617756837438735,0.9070758322824297,0
6.843058196797617,0.3436710812847671,0,812,0,5,1,1,0.2534975366464651,0.12243235023866739,0.9449016022175425,0.42181417189863435,0
0.6082986750136143,0.47793088395645966,0,266,1,1,0,2,0.8000150391614312,0.22651399553432416,0.006047534688582434,0.19102914204573263,1
1.531003758033771,0.4200297391831519,0,79,0,7,1,4,0.1014108631269024,0.03876897439669913,0.1466692646010569,0.10889801275030664,0
3.3127679341956706,0.12862779912128963,0,83,0,8,1,3,0.7888104614698365,0.6719625164500589,0.5797514321901989,0.6585491562031345,0
6.7009317414857055,0.03886563553588818,0,937,0,6,0,5,0.20060932768329054,0.8513701070760524,0.4010591941172662,0.12880804345335006,0
4.390351122280968,0.03545872694893892,1,1121,1,4,0,6,0.45601935901102997,0.04834389865124189,0.34050540821988384,0.6582277855837144,1
7.341950682182453,0.35017901802786733,0,1192,0,10,1,0,0.8138207809229533,0.25540759317638795,0.7459081157385061,0.4562350701982302,1
8.675978655731925,0.7188020785373228,0,1200,0,1,0,6,0.06746348717609751,0.34620714978241574,0.5356367118173342,0.41652534781107753,0
7.583722765985429,0.13125529872927066,0,590,0,2,0,1,0.9281697750672812,0.39254608936992386,0.5264872994150666,0.2609164662642681,0
9.922472073132491,0.7869801163644256,1,2,0,4,1,0,0.21734836182180828,0.8242066440754934,0.04983510307658123,0.901760692857503,1
7.543610687316496,0.7156743093138368,0,367,0,10,0,0,0.5007280928353267,0.04287710798723432,0.4612964675278469,0.7161869870699322,1
8.521791950074505,0.0039434908856111894,0,1180,0,9,1,0,0.7345691654629237,0.6141133774183463,0.6080212631085014,0.5246756650633215,0
8.32366358465001,0.02674787298184511,0,1145,1,6,0,2,0.12349709520791685,0.5322674620160658,0.28008422230274366,0.42378331804144886,0
7.302657622800465,0.19503321553805164,0,761,0,10,0,6,0.6087456339169459,0.8384742247631991,0.23898234485626713,0.36044593240741307,0
8.018018166558905,0.05612091105058503,0,35,1,10,1,5,0.5155674372423583,0.305863769173526,0.5506126279519115,0.3991642450363365,1
9.346832278674102,0.5313431052703059,0,1165,1,6,1,3,0.5858342287688392,0.10181994771473502,0.9119587084959506,0.85364026865953,1
4.752073785262926,0.039627261458415775,0,1223,0,2,0,7,0.662495313680661,0.13057800655704066,0.1163728046755973,0.42141453797024786,0
6.3828702391254355,0.8026458379953977,0,340,0,9,0,3,0.42062803795677295,0.6305780497033933,0.3091128920804166,0.004400990170606023,0
5.149397215727727,0.4929620689458105,0,1206,0,7,0,0,0.29876920991758305,0.5457563557598293,0.058138629016163956,0.9232454441225705,0
8.51036987192073,0.7279543666724776,0,959,0,2,0,0,0.18385347256820206,0.5922834138561742,0.32538327923663957,0.5928560930059388,0
4.313596028715073,0.7507025509358412,0,1331,1,9,1,4,0.9390659882076371,0.1370913820435503,0.6948409858065661,0.1656779666736704,1
8.19726771144733,0.5067639396702327,0,939,1,4,0,1,0.40137578908054716,0.04248998187711883,0.3186722143554527,0.12658637439681097,0
7.993545750571388,0.9253628762534661,1,134,0,8,0,2,0.2822243375275135,0.5664933610390265,0.3985020857434325,0.37658005345952983,1
9.618861013685905,0.9902407738553081,0,970,0,3,0,2,0.05254666141597841,0.08106178294491917,0.9354960968168395,0.6122345300310646,1
2.4892069925741875,0.35921468601454587,0,161,0,1,0,3,0.7512064230437865,0.9296404594500406,0.34708127608974526,0.9391708303600103,0
7.0961950988591225,0.12586414024923354,0,388,0,5,1,7,0.5277456291919487,0.8033176606477329,0.539552216651757,0.05445281311702832,0
7.569194976474862,0.3632381786478669,1,1309,0,5,0,0,0.1909642075362521,0.17995285747020162,0.9336262186893604,0.3527762712499689,1
9.362784928046658,0.2233538970142701,0,1452,0,9,0,0,0.893373841019668,0.5978445942484478,0.5085125820418687,0.2571716681480898,0
9.06902418055531,0.5310056670617501,0,712,0,2,0,2,0.9337806146546954,0.13202455375963829,0.1701541030455307,0.4211883933729632,0
5.735258617084483,0.37838760125240145,0,436,0,10,0,5,0.8806763111716537,0.9361709421432431,0.14308297873343645,0.7920963658431724,1
5.791531858639798,0.4804494142867909,0,588,0,2,0,2,0.5609710382483363,0.589451748420618,0.8988952444840717,0.15854806163797397,0
1.6729122840422939,0.7631875760760015,0,363,0,10,1,1,0.37327975455212703,0.31775513550803614,0.8856353101583594,0.934973114655569,1
9.74962702423771,0.27402097454185215,0,859,0,8,0,5,0.16188573658305228,0.6804003787428082,0.2510283099279438,0.25644118576333275,0
2.5501746270342682,0.5374747246397255,0,631,0,4,0,4,0.37724331255577204,0.0025384408310948903,0.6232086636497501,0.7527115156503125,0
7.247362184512921,0.3351612493286884,0,87,0,10,0,5,0.6121706299181604,0.28785777390850376,0.16652839922959517,0.6394719347606084,0
7.957950048053125,0.7849608641206614,1,915,0,4,1,5,0.22655336984372487,0.23416919345165776,0.2314943567739285,0.5477795708423544,1
4.41215504611381,0.6395366324076963,0,965,1,7,0,5,0.46396272189699195,0.34617702727901434,0.9206623065800149,0.8438830293135801,1
2.11193720029058,0.008504730510610736,0,1000,0,1,0,4,0.573092869755104,0.08530633657700504,0.40176596003471454,0.6071538633464384,0
1.8896038421968675,0.6600513411052183,0,1417,0,2,0,4,0.7314344888986641,0.9679896628054555,0.2085186495260083,0.7824656378176009,0
8.564960009015918,0.17016200806658233,0,1056,0,4,0,6,0.09135111633596349,0.46788760518503136,0.5241225716213683,0.589153813948479,0
5.107564867485149,0.7244737902030393,0,1013,0,3,0,2,0.8669962603308305,0.8564081470682994,0.851005413328958,0.7204655851102695,0
0.901369820382667,0.5673386668454581,0,317,0,3,1,2,0.4560744078742768,0.05951334019452581,0.8329513206355549,0.04748898088850506,0
7.170194727628887,0.4014826777231747,1,696,1,4,0,1,0.5819310495576577,0.8448240694813541,0.6620182058473775,0.6451085244395494,0
2.501710528050296,0.6940664292072585,1,651,1,7,1,6,0.9403167814502047,0.65303474175151,0.8134479786397179,0.8889967771669279,1
8.763947507508792,0.8565932858687801,0,1441,0,2,0,0,0.16797871338294856,0.678773202235943,0.7795520030115748,0.6503383498354085,0
3.095717860299753,0.7787437138620732,0,711,0,8,1,1,0.8844860215440894,0.8063427160835633,0.9636524036173465,0.8181278100147632,1
2.002708300901431,0.5453792765719075,0,1032,1,9,0,1,0.8044304245358782,0.526073100446634,0.6558402218906421,0.9909716012003962,0
0.8485844355493433,0.7226943202595297,0,810,0,9,0,2,0.9940273663415464,0.6340113705727505,0.5979001169407681,0.1562506697315581,0
5.115311366376475,0.4139145543927536,0,85,0,2,1,1,0.39304228456530543,0.8997846416922314,0.9056663050448313,0.6891117338361247,0
4.507375878182874,0.7890261215631287,1,1403,1,9,0,4,0.12684710646076858,0.12510461569842046,0.3615472196155579,0.8972427805748971,1
7.513121446031429,0.8290518916228181,0,1005,0,2,0,7,0.014176153818666104,0.05566604361902916,0.4928852185678466,0.028746273352176277,0
4.646025871930364,0.13729383687639873,0,345,0,2,1,3,0.7925958880414701,0.9826923657436688,0.8591337532796802,0.1736565663405486,0
3.4381596892437107,0.23803135959394628,1,89,0,8,1,7,0.13659619245420662,0.881497693774474,0.9789669559373921,0.24965138586836155,0
2.616549156329441,0.2699887373491584,1,1405,0,8,1,2,0.3060121177006282,0.5139859729788122,0.4212679414430892,0.880281172616067,1
2.781467454699711,0.16608171898209156,0,460,1,2,0,6,0.9873150375528951,0.780770652443811,0.5897941404418964,0.9772318181720766,0
9.278479018278139,0.3925350068974207,0,25,0,5,1,1,0.4420949489772559,0.8819208701348662,0.8377217532071851,0.9135070020534636,0
1.6507860208781233,0.19303321144961227,0,923,0,5,1,4,0.23120570320663425,0.4668563731774966,0.5187533474515209,0.4740041039827064,0
9.881764245571501,0.5955393109266095,0,24,0,8,1,6,0.7532335579371465,0.0979588579351851,0.40453606293967537,0.6676557812105463,1
3.2691945519222476,0.10161544289761593,0,323,0,6,0,5,0.2715536842602013,0.4806446345179908,0.06486519311129257,0.10395554052117617,0
0.8839023541749746,0.2699191530267564,0,1340,0,7,1,7,0.5310218753516363,0.3513728881108702,0.21205611465831387,0.9790799273912648,0
2.48690380787865,0.6655206459463567,0,57,0,1,1,4,0.1573319874425605,0.023142085129993828,0.3314290939121499,0.944044110629573,0
0.584143795546187,0.3985451231333492,0,1128,0,10,0,4,0.4608329243823198,0.9590471292166544,0.40164509489648637,0.5963155471560764,1
7.9002976916391585,0.4214627418534077,0,926,0,6,0,5,0.10861771004208542,0.7157842627084354,0.7762084615036356,0.14312772157446618,0
5.125529125411054,0.7979252529583892,0,458,1,7,0,2,0.7730947147778755,0.7858184691540152,0.16681149944061702,0.9474404180010243,1
3.3698661886680092,0.9845115532909865,0,428,0,5,0,1,0.36513902047379954,0.596760093869939,0.07239342507992508,0.8957927821378179,0
6.620496046315624,0.5650677832542129,0,712,1,3,1,7,0.31880369204101944,0.2691709874131021,0.587777984837241,0.9906813920558795,1
6.306465259503202,0.07906717146360775,0,799,0,7,0,7,0.9937858051870139,0.5847022906597561,0.008102873125010457,0.5078535816778849,0
9.398720892275902,0.10290297422363592,1,1335,0,3,0,7,0.8297025263741533,0.680271412878036,0.9308643151472533,0.34817455571166134,0
9.612605167483796,0.9685007220294161,0,391,1,3,1,6,0.553925255430436,0.5973400573610538,0.2560174475584339,0.37715745475010587,0
6.806837756654053,0.6792349127484716,0,885,1,6,1,1,0.9442122367443742,0.12714428588788407,0.8336481558697844,0.49710556356519664,1
8.178159272441686,0.7524691183338194,0,1029,0,4,0,1,0.2113987314664718,0.8135519744917451,0.37952990267331554,0.9122888164075942,0
7.9242510033517854,0.6757637576855414,1,18,0,9,0,2,0.5734854315680096,0.2975523675436065,0.9988505882305393,0.12868918975979582,1
4.9130353269989975,0.17961760169515328,0,1343,1,7,0,4,0.9290572538560298,0.3967316774070674,0.5012699411938051,0.6485264694815401,0
7.044582880334169,0.448362160824762,0,1487,0,4,0,1,0.5697065298875211,0.5507132154958831,0.9628620221709878,0.9151770404280241,0
0.7825900768357019,0.7980804376193656,0,129,0,1,0,6,0.3079897827665147,0.9776356884104902,0.46887820704329186,0.2737721501802365,0
7.580210831503069,0.8663629629420733,0,392,0,4,0,0,0.8116560124380227,0.3125245231968079,0.7142500097075498,0.5252167566272548,0
9.618330071923676,0.23733551474637204,0,1179,1,2,1,7,0.13881012685608274,0.041875842689424125,0.06363733930282522,0.7944618964772059,1
0.8497475312573843,0.5959617908338206,0,1213,0,3,0,3,0.1520002981578641,0.9724560602748271,0.4449677461118473,0.5147502689259812,0
8.361157845918544,0.15710190273845337,1,234,0,3,0,3,0.7311248899529007,0.9574792226846263,0.2707867897403561,0.5274726682674248,0
9.329800266492713,0.9582768731217516,0,1376,1,7,1,3,0.06933184951304694,0.19827993764007457,0.7931762827821811,0.766617036109803,1
2.261888898020621,0.2522042889924876,0,494,0,2,0,3,0.05063078275342725,0.8290438640054697,0.5324356815701355,0.16470524460784408,0
5.248111876092038,0.7266351286038967,0,440,1,2,0,4,0.3790747214770791,0.9196171350735408,0.6400078071145936,0.7149158063064599,0
9.278582254629885,0.23111294422685436,0,536,0,1,0,2,0.39790649753475127,0.012992130734700957,0.2538189420537096,0.9138572312467214,1
9.602260045229679,0.6160539428785416,0,1007,1,10,0,2,0.4696503166693635,0.7547497772023026,0.11683185890219472,0.10189882316123,0
1.2788238435231636,0.6592643070226565,0,309,0,10,0,3,0.7407321544429628,0.17988572706770178,0.6805638507542979,0.06019527224441634,0
3.4900422555545063,0.3284281034547527,0,814,0,3,0,1,0.5688529562923557,0.8271806544470953,0.44227112611789976,0.08748650336252073,0
6.981446411508566,0.8188338654260512,0,112,0,5,0,1,0.7135485772625964,0.020946185820474583,0.417030519128444,0.7354004103927562,0
2.215584993859303,0.8853708982474505,0,220,1,4,1,3,0.049894546695185005,0.691241469719319,0.9639393990286164,0.39121702276084425,0
3.2477062863448083,0.855069930253995,1,1152,0,6,1,0,0.3157032531275451,0.8167754370488917,0.11826096531068908,0.46448947755405523,1
0.23291060004693276,0.3307982194647173,0,575,0,6,0,3,0.9664069125188519,0.03563877962470563,0.6438358573436977,0.7283582532944186,0
1.535216809311989,0.744340259012654,0,1190,0,3,1,3,0.4277652523521358,0.7570631491808375,0.06025125329639025,0.5230951900485733,0
5.623294944177438,0.5594907548692242,0,1106,0,7,0,0,0.22249167119906854,0.11876362913175043,0.6849178465459914,0.6001264340813885,0
6.530900663041828,0.5926283244920116,0,1495,0,1,0,3,0.9920861935266173,0.07908576768953945,0.5596430063087361,0.8506380734192446,0
6.48911831095837,0.47742508525846183,0,206,0,7,0,5,0.41131814002340317,0.920664824126078,0.7269085391100588,0.45126008857953903,0
7.783604707782167,0.6002611479688716,0,1401,0,8,0,6,0.47878185431094267,0.923030283704214,0.7508232352388178,0.8748227513482125,0
4.152814137387915,0.13565415803574998,0,1337,1,1,0,3,0.22379719192917757,0.7411405204967721,0.1320442515205571,0.5231969794248394,0
2.734907162411555,0.4088472331174553,0,651,0,8,1,4,0.6563530738832474,0.8902053559686517,0.2746949709785116,0.40186203165064605,1
0.15580700042524986,0.177671761987946,0,202,0,8,0,0,0.20723007323883325,0.016707469994604596,0.25239475050663684,0.26105386096451033,0
2.066298260523869,0.28010553097142576,0,200,0,10,0,2,0.609923569664573,0.511678512766829,0.6080271778464874,0.7303108392093104,0
3.123878122020373,0.12781453592213377,0,766,0,9,0,5,0.7574392449703885,0.871638244151625,0.25835931381639343,0.6219401539530517,0
1.7820685648046553,0.21249560522202005,0,16,1,1,1,3,0.652397832461237,0.8927755685723912,0.5158800127759811,0.8081869697766172,0
0.20144471496602256,0.7819292557877159,0,143,0,1,0,7,0.09038226943944361,0.36702682164726674,0.44213094548497467,0.5467037317391392,0
1.5744760866519159,0.5498364621776702,0,797,0,2,1,6,0.07977409638275212,0.32460971544882244,0.5856531052206698,0.8668429308971782,0
6.660995535675723,0.023643118512234995,0,844,1,6,0,7,0.8423515474236333,0.6999783468927869,0.35135941161510165,0.28744464724627916,0
6.295854164725958,0.7885244838021156,0,1290,0,8,1,3,0.9045591017676167,0.060168749005857,0.9249495533439951,0.7305045592476797,1
9.356836393980425,0.9094683959294906,0,1461,1,7,0,0,0.13566036842237406,0.7805201159525331,0.9650089389928882,0.39332265941611166,0
7.981682913973093,0.8804292757826376,1,401,0,4,0,4,0.37546018725859454,0.24968223437913017,0.35087747621576404,0.11391654065343426,1
5.677561168411912,0.8230168828733218,0,495,1,3,0,7,0.6540668613288417,0.5215724973199901,0.9142585726014651,0.5283132858412812,0
1.3755634749321133,0.9922164428009369,0,298,1,1,0,1,0.8354809515627805,0.19255061759088365,0.7930336024356132,0.23133229456107518,0
5.640718189251569,0.586401955537933,0,336,1,4,0,7,0.9089852090284763,0.7343579078249955,0.2261151265484722,0.06174008441842638,0
0.6159506091418077,0.9625876285149049,0,658,0,4,0,0,0.6986827553998042,0.9564694242179681,0.5628096507497321,0.3632118339547029,0
4.308848974108528,0.9488442325014275,0,1489,1,4,0,4,0.14747451829902058,0.5408336271982347,0.3776222994793178,0.9775389198810176,1
3.9025862894719543,0.3132387305034393,1,1340,1,1,0,7,0.768350960915789,0.9507167898857548,0.8009363022675711,0.894102126503568,1
4.278138093629416,0.8634337560558708,0,1369,0,3,0,1,0.859024933832035,0.40206928840341316,0.8939146350533435,0.9798011379783377,0
2.798259183947872,0.7924726655587772,0,677,0,9,1,2,0.3513059702953275,0.28640151949212134,0.6224123983026763,0.028573621437911423,1
6.858304476238237,0.7757987774010856,0,985,0,3,1,6,0.4941526784803778,0.8386103942441211,0.6301321641072763,0.15285859742744512,0
8.409444672987794,0.896280771291922,0,1084,1,9,1,2,0.16638260911257796,0.03793182503932779,0.7212523981003085,0.2351000483159843,1
7.685169925989776,0.3841900099203077,1,364,1,1,0,5,0.3045194996445164,0.28117537961023575,0.49507189206112956,0.736747163971243,1
6.277520957908803,0.4000549658873819,1,693,0,7,0,0,0.86979961510945,0.6904897612474514,0.47065900057472243,0.9781142559645578,1
5.383447993330133,0.6400523092036364,0,825,0,2,1,5,0.08884723078171508,0.18891170625573084,0.5632037757407284,0.40638053228309134,0
0.3108418000803037,0.7378045378143421,0,559,0,4,1,4,0.7624231229009552,0.8904531267433569,0.8183619268864938,0.5835856714399215,0
7.2293399869192125,0.8797371026576145,0,709,0,10,1,4,0.09763707406401201,0.48217780311992464,0.6474322435558466,0.08844437212486822,0
5.449829395784974,0.8758453206592819,0,661,1,8,1,5,0.29262041550705187,0.24590322581637858,0.1439828290637707,0.629216330859942,1
2.707410506638869,0.7213396243862599,0,91,0,6,1,3,0.582412405812618,0.37125493950710375,0.14040773645986904,0.9000010835675133,1
3.2784203885344168,0.9568927778215227,0,1152,1,7,1,5,0.0033133872473835035,0.283747325158237,0.41589809451855253,0.6592377432486483,1
9.356067864697414,0.17862861894624227,0,1350,0,7,0,3,0.6753724924068534,0.700919134410369,0.6590922430810963,0.6533270090236086,0
6.24362245117227,0.9503398471800862,0,1131,0,8,0,6,0.3161951681550662,0.1099047967399518,0.39110836141814687,0.48747559922212846,0
4.759124346575283,0.06419148203362157,0,1400,1,6,1,4,0.748570310028148,0.8536732553241961,0.3817446125305598,0.4499767271388896,0
6.2092173970840765,0.5556218811919182,0,647,0,6,1,2,0.9752367546799631,0.14881973591671804,0.8954491545826375,0.3698229691399644,1
4.13742324985657,0.09019695700812225,0,83,1,1,0,7,0.4164890910520097,0.28246718683473704,0.8682235443299997,0.8201980590956011,0
4.701822732030162,0.5680009751981364,0,401,1,10,0,2,0.029995894523604738,0.6267048016671259,0.4756620041690739,0.6447209960989779,0
2.903092567076704,0.39010971245571946,0,1280,1,6,1,7,0.8488915768304097,0.3542066176045552,0.7182839672076078,0.29962122852866246,1
4.398533005916445,0.08160943150238686,0,208,1,3,0,7,0.2745783490399677,0.5100534630079809,0.45209535453093574,0.5178807287696303,0
6.8559223243791045,0.6481168050241883,0,820,0,2,1,4,0.14861648413376383,0.5691043114786211,0.6031388080236136,0.1157033966075196,0
0.3994192508646921,0.7311979996228418,0,2,0,7,0,3,0.8792119820592861,0.25902183711450233,0.2745113014369517,0.045764083527546906,0
7.950274072961548,0.1741854136199813,0,485,1,8,0,2,0.23252970318921073,0.5346017854784305,0.4975352030435358,0.13626507537335464,0
2.829795408613128,0.6944367193087689,0,169,0,9,1,6,0.6052852917484213,0.9393639968606461,0.6425390205560805,0.8675641018797772,0
6.825597934324997,0.1790475491477329,0,170,1,9,1,2,0.2539836453077656,0.002475878982804547,0.441778274796079,0.2572231008196292,1
6.4272531468006004,0.1373964493152765,0,246,0,9,0,4,0.712458194983341,0.5962284137249415,0.7593862454102333,0.9630925723663085,0
6.526280491413053,0.14736326652474574,0,807,1,7,0,6,0.6487465921594437,0.3202060731242936,0.2673219706498984,0.33828876263774976,0
6.081289162558029,0.5990784689543349,0,1034,0,10,0,1,0.5091682133374955,0.8620552946744113,0.012876718662196862,0.4097050974248234,0
9.591018380695349,0.7787908081266032,0,432,1,1,0,1,0.5550249037095213,0.09659202875416273,0.914251125048696,0.8120448342386193,1
5.083441626953908,0.5968937014738136,0,1226,0,4,1,7,0.2272435307070615,0.060624470852861045,0.36103367139195996,0.2239439615473785,0
7.3231911551535145,0.8093514530182451,0,587,0,5,0,7,0.02192680408605263,0.4048962763956576,0.2520902416319579,0.9094033138984445,1
7.054493312345777,0.5914773410703692,0,1105,1,7,1,2,0.8007089045041901,0.6737422379145025,0.4760576379997994,0.6534331881297528,1
2.3626757727833034,0.7973212473484868,1,794,0,3,1,1,0.8893012848381766,0.006452069962116558,0.24937002632345528,0.0621250725562319,0
2.8330583918682564,0.9765225011333006,0,1084,0,3,0,5,0.7778692912171227,0.8112338141115121,0.733243677348819,0.9566193787894561,0
4.240170981569679,0.3909598079682246,0,1468,0,10,0,4,0.7079249366028773,0.33651360838007816,0.3067965045338972,0.28748214639728165,0
2.7769793046320923,0.1499421769268947,0,1491,0,7,1,2,0.47192412819695984,0.9202533417266271,0.9916909276151193,0.23196086991986853,0
3.6674309892995973,0.13539681170495765,0,880,0,7,0,1,0.5839031029822721,0.9057656060934864,0.2762282567210338,0.8982323952012353,0
3.9096061392830594,0.597477596656598,0,1443,0,2,1,4,0.6916272054389744,0.7638090388495345,0.3618745196089084,0.32539587815112114,0
6.0386456093834395,0.547103065855342,0,1052,0,6,0,2,0.02622816685257412,0.7370056497375786,0.5383813004193353,0.7226661603236935,0
2.1989004273506163,0.18423537854203076,0,403,0,5,0,4,0.4236705341890681,0.6008121946634913,0.0033332949866607953,0.034157351515201495,0
8.042918658766872,0.8821049626676735,1,1402,1,7,0,5,0.22468650716004823,0.7944875718016767,0.004137006357357809,0.9210445498782273,1
4.375363567715046,0.9567483684541884,0,217,0,10,0,2,0.3644490921463597,0.17808307656049216,0.23377506035393425,0.40921349582191446,0
7.062441116832469,0.2532156431033017,0,702,0,3,1,4,0.7492317117488488,0.8171083334078257,0.08166520355632478,0.17860410730159748,0
0.8144248124081788,0.20688293090106702,1,229,0,9,0,7,0.3633863498077726,0.5652079727508006,0.7600674785077661,0.9812452057892437,0
4.699653941243669,0.21392185230754723,0,1176,0,7,0,4,0.739094746577597,0.7819757701753078,0.8718174124531811,0.7417737253359392,0
0.2821953217732831,0.38742152969135946,0,1343,1,5,0,1,0.9718314877055392,0.49379860736564285,0.4132439138377475,0.793461310537767,0
6.7590999181556475,0.8532271752989463,0,1228,1,10,0,5,0.9233827903109805,0.6309587019383969,0.5165183155262627,0.5008252509412324,1
3.4371007699706957,0.5959606099411179,0,153,0,2,1,3,0.8277248557738056,0.34159673644244315,0.6127435598300014,0.6884854122484414,0
9.492528141058287,0.06755343173266992,0,406,0,7,1,5,0.8529908093798445,0.4244115840646461,0.09488095271763886,0.2908786135269982,1
3.241242146014194,0.4729790851720672,0,510,1,4,1,0,0.3939323195553548,0.3647732267216288,0.46981651917909195,0.5180939964599139,0
5.638058980177268,0.09033168302809258,0,173,0,7,1,5,0.7315823866277725,0.7405912825574157,0.9593741342167357,0.38061016463735575,0
2.573875756946147,0.4062141140084401,0,795,0,2,0,5,0.6670136571657432,0.2005489262525435,0.20788293438268501,0.4251197361734512,0
6.201126289473403,0.403520142303317,0,51,0,8,0,0,0.9828921485123465,0.9305212225648339,0.08405898119857258,0.004284587271739859,0
4.670423501332346,0.6483526657096457,1,920,1,1,0,3,0.574898507927968,0.8292844886632862,0.2805710831958267,0.8108488891394545,1
3.706282615056329,0.549453966963101,0,862,0,4,1,3,0.4297660894329566,0.861734791364287,0.5479248374042617,0.2179469490539656,0
2.036893490801799,0.874754782339086,0,893,0,10,0,4,0.837266840159054,0.9139808564556439,0.8684902302824193,0.47356153013912616,0
1.115213439714553,0.016275182665472343,1,1369,1,7,1,4,0.7495733487742225,0.4360194315478718,0.3548056779208427,0.6589413216225906,1
1.1987913395667327,0.7739988220946491,1,1179,0,5,0,5,0.1248617086010273,0.8919149626159689,0.34480786026013444,0.034442650440346334,0
9.990400175055532,0.022658340955841738,0,389,0,4,0,7,0.5962801891206438,0.4441049475750467,0.34306578824815126,0.3424291245558574,0
4.123107268572347,0.304289828476366,0,857,0,1,0,6,0.5923066744760821,0.10160550100464916,0.8409194016473284,0.26382548777098147,0
0.01929707873339459,0.8796631381795634,0,1203,1,2,0,2,0.6316248546453446,0.04958534609095888,0.4693084024528609,0.13285484140767667,0
9.529287906260143,0.6904141716771217,0,1276,0,8,0,7,0.9414980896332896,0.06358337474579123,0.33137756092781734,0.8134190831329958,1
0.1997992422981265,0.1719966783661433,0,964,0,3,1,3,0.6020356214899649,0.18800661598329638,0.17694999758819696,0.5416277141934743,0
4.185861255545337,0.49078454411194294,0,126,1,1,1,6,0.8700188553448028,0.35980506016918434,0.12560130467613284,0.45626623292471236,0
7.174775859706559,0.7219041809779858,0,651,1,5,0,3,0.3583808148598655,0.9792523713365398,0.9741367657411447,0.13248339062124082,0
9.145992443717617,0.9373433213395294,0,1288,0,4,1,2,0.057378954645949665,0.24119973520540428,0.48642407989655534,0.5140976625353212,0
7.12886291432101,0.6343211992182037,0,110,0,10,0,5,0.37522273919401106,0.9129918124846972,0.07220385851082911,0.2673921728529688,0
4.636257549000118,0.024675411432927286,0,885,0,3,1,5,0.532669407776085,0.8104334532459792,0.9063612020823141,0.12658685689951532,0
9.744420389841034,0.49970185969628356,0,810,0,3,0,0,0.8333213778145903,0.8611228242026991,0.9540815912498091,0.5268282962784198,0
0.3931938303327043,0.15296163917082772,0,334,0,2,1,0,0.6318488086448999,0.7847618919672412,0.23717672115803945,0.6817853762150379,1
9.86892202538008,0.04777955047492133,1,516,1,2,0,6,0.4422020690235805,0.9730935745831069,0.3160700791531754,0.056773565932295766,1
8.493915517084389,0.5985106346815843,1,1466,1,6,0,1,0.46187260774858296,0.11981390852209106,0.9604884550277268,0.056208553592105415,1
9.28930017126359,0.7769219025104245,0,893,1,3,1,3,0.9966572786334504,0.4789780428302637,0.015761278754274355,0.7385831946414841,1
2.5477242409753664,0.0360605554964043,0,1409,0,8,0,3,0.1413438380902714,0.3428355740554725,0.3243133722779237,0.20675513534685297,0
1.4245807228426977,0.7835892709655194,1,706,0,9,1,3,0.20551607784275883,0.2842374850999436,0.430102089776204,0.1536375291342007,0
6.6331527937270005,0.7063878798115087,1,1268,1,5,0,3,0.6252814936879517,0.4468241216253501,0.770388120922468,0.9621399080898678,1
5.1585943798612,0.7519868881683613,1,929,0,3,0,7,0.701405485652306,0.480929616057145,0.3677518966695644,0.17999717648842528,0
5.231679607443795,0.24472837271570047,0,1367,0,9,0,4,0.3949792025162635,0.985946170978925,0.33841069998370576,0.6846067342594041,0
9.246191784832176,0.3935954554934291,0,490,0,10,1,6,0.032131807764422815,0.2646816786062952,0.7293997888892941,0.8149837034935908,0
6.2008090665326225,0.11975082720721897,0,573,0,10,0,3,0.5220119449077615,0.9116812212767732,0.8493060624870024,0.32880479750184055,0
3.110638351045899,0.2388909502344665,0,60,0,10,0,3,0.14436014759100246,0.16697360968379416,0.09326600063807322,0.46307651285396045,1
4.00066556417876,0.3027896714774301,0,341,0,9,0,5,0.05604831153789336,0.6650463023812468,0.1424713147939627,0.5541631917926418,0
1.3349583509185126,0.31943663953678614,0,207,1,8,0,1,0.34475963328940795,0.3054162255256706,0.6597705157927988,0.20057703515723269,0
1.9231404027568932,0.1750398880968118,0,274,0,10,1,7,0.1356527179563396,0.960379806354148,0.31434112901892086,0.2960035564946192,0
1.433500702095385,0.18871179807114336,0,462,0,4,1,7,0.43899696279697464,0.6346130131281326,0.6684357836610088,0.9630832133992088,0
8.102913412113544,0.9014703997921601,0,1310,0,10,0,1,0.7616944636614017,0.06421552480319948,0.17393796805128525,0.27355513145010113,1
7.048734679721188,0.7838936148156058,0,567,0,1,0,1,0.047046036657749424,0.9235399166625244,0.8040229182761474,0.812317944120774,0
5.303450176108519,0.34447770349143736,0,1239,0,9,0,2,0.49989150966851414,0.293817419654407,0.321418226606483,0.5351300091593469,1
3.743678336275708,0.9476435394809607,0,1222,0,4,1,1,0.4969804126758134,0.9273983442001863,0.3351541846051219,0.6457252486707648,0
6.684942903243504,0.2389227127923239,1,1471,0,3,1,0,0.0017753684857230168,0.013485296526656088,0.17886996867283866,0.4572510483995107,1
8.12905347695761,0.4068204534500507,0,762,0,7,0,6,0.7382510742128339,0.21869088608878495,0.21136395608525682,0.5882925480684159,0
8.81233215671709,0.8135253114345706,0,1272,1,2,1,1,0.08973590888213268,0.27839828398754374,0.5983957754053801,0.540099605177817,0
5.4701622820633355,0.44288637020362664,0,629,0,10,0,2,0.9320553315477634,0.6879860178186781,0.5816055779626679,0.48190441132570117,0
8.198851218197008,0.23462532290814597,0,948,0,8,0,7,0.6393645196065534,0.797950748690724,0.8244016959271961,0.8028412724410037,0
5.1130595341269505,0.36853546762148837,0,1216,1,1,0,3,0.28781613176701626,0.6300902089328305,0.6302799960457182,0.8802129177741848,1
4.745300891878909,0.5007210723746816,0,213,1,9,0,0,0.9252810133142174,0.062022983970674184,0.42784638460013247,0.2555531166426189,0
8.654318556221002,0.6206443836603374,1,86,1,2,0,1,0.40046052114841435,0.433638315936953,0.8034266141490324,0.13585493245274294,1
3.8637393626466396,0.4056064995815233,0,247,0,9,0,1,0.26026058239438166,0.4939839146403322,0.016591649660711694,0.8112188057922503,0
3.959126790407023,0.43130433111997424,1,1081,1,9,0,4,0.38450075642420434,0.3587221498771589,0.7017931745071276,0.21189644658517537,1
3.0491134528491615,0.2639436128014252,0,710,0,7,0,3,0.6115869410493199,0.41954582977608335,0.5431877918382538,0.8662267202355404,0
5.187017282946167,0.5353472984174117,0,420,0,7,0,0,0.723596987009108,0.48261576248468496,0.22089315435072188,0.10260172196299744,0
5.448500336894607,0.21945623376954637,0,1151,1,9,0,2,0.661822027574418,0.5540018063015858,0.6374918907542851,0.0910040436790367,1
6.604611453104569,0.8675262181080758,0,22,0,9,1,3,0.9212366954993833,0.6309507189196694,0.9866572080136794,0.18164881843436254,1
4.305023101095705,0.7473670702663014,1,259,1,8,0,4,0.9561712498408729,0.21012235851472705,0.3465084023608791,0.011846864428092019,1
2.1783729188359935,0.4102789884141841,0,704,1,2,0,3,0.197062809222334,0.9016865173076086,0.638504748041226,0.7476358797914703,0
8.668420624138758,0.7472278470328477,0,1373,0,7,0,7,0.9125424013732732,0.8278827912109712,0.43937333002394574,0.3971499753936949,1
3.4600086723801438,0.006995941809373019,0,1123,0,3,0,3,0.10668186575439631,0.786613545713021,0.3924379000211391,0.9452967655421827,0
9.229434198401748,0.34448922264239656,1,1025,1,1,0,5,0.9568917820250953,0.8058541970589621,0.3071615998366761,0.3653184560614461,1
2.0735333302645573,0.44030114814678856,0,1066,0,2,0,4,0.25934484708149275,0.52545767714289,0.22895033560980582,0.7029975009599521,0
5.600574762362305,0.4697985075456973,0,468,0,5,0,3,0.2657891531328386,0.9530570633346673,0.2355855303580704,0.6831263063331049,0
5.366150935294522,0.7487314777103389,0,671,0,10,0,0,0.4215455510509972,0.3659496803741278,0.7742507676007635,0.32471093768694526,1
8.286478479269952,0.9628074275617138,0,1328,1,1,1,5,0.18174228848491158,0.41998275888181713,0.3237869339145355,0.8926466488458284,1
1.3885138675082975,0.37999713044280303,0,1094,1,1,0,6,0.8277186523259142,0.8162787182371545,0.5295758321734796,0.39787655454894255,0
9.099371729174614,0.3505998495278747,0,897,0,1,0,6,0.12473748014382513,0.8690038831991225,0.2135129450302623,0.551379454995644,0
5.314281721720702,0.6105152265803961,0,124,1,2,0,6,0.4392888036621503,0.44898734568408905,0.21246769732451842,0.39819593614240223,0
5.861093839143664,0.2812536141915789,0,1099,1,6,1,1,0.9071560107627624,0.8480117517953625,0.5870790764308386,0.4353418072793024,1
5.101662932977671,0.14135033381518924,0,548,0,9,1,3,0.6353890985942537,0.6332347087401172,0.5827633313522743,0.054691818903899514,0
0.3602490683626647,0.9615408704921987,0,578,0,1,1,5,0.6071648445781025,0.38802090237032727,0.5052634449807275,0.31020126809788284,0
4.970906618065981,0.8095299568090221,0,1010,0,9,1,5,0.9946442239288724,0.9054966638694435,0.6931859844026248,0.9483331127774859,1
2.635496626769905,0.9584995530241278,0,590,1,10,0,4,0.022549082397360753,0.5031815806656262,0.6370256909924323,0.8314399261514566,0
3.4268818037783144,0.21783287868391665,1,859,0,1,0,0,0.31979368510519435,0.8491435591348534,0.20010087577044333,0.8801728274442749,0
6.491015991871399,0.017809214969670584,0,18,0,5,1,5,0.12501821789613998,0.812417827643531,0.05549550840571138,0.7128423458041493,0
4.976971294741059,0.4372615757381064,0,277,0,9,0,4,0.18457727897036447,0.09663189436663389,0.26967319601293116,0.6532471168175032,1
0.9321821266746044,0.9336089629915812,1,806,0,7,1,0,0.21600449852749515,0.8711260730281577,0.4312469531677957,0.898589504105519,1
0.7304127476175892,0.1383253388717589,0,1436,0,2,0,4,0.6268901105673028,0.1624224803016353,0.2082982991027268,0.5378624348328954,0
1.8565769561737033,0.11718552283459838,0,1141,0,2,0,5,0.27210702379371754,0.8138602141978637,0.48240145880868224,0.9159629667946205,0
1.9088514657222366,0.06895278424584206,0,626,0,5,0,7,0.6641845086368747,0.755568618922338,0.036709433021800075,0.41519262217852526,0
6.083007569713649,0.7650179989319748,0,1453,1,9,0,6,0.7380696505355031,0.7371757886114636,0.47712449632981235,0.5976148887507993,0
1.778144640455428,0.7859265338335389,0,413,1,10,0,2,0.4019128021922588,0.9208765764995112,0.35151269265659335,0.47167549525759167,0
8.817194232747706,0.695376055663464,0,1338,1,5,0,5,0.5363272743979308,0.6005593608268871,0.9591059854996424,0.01904744812268122,0
2.097606606134131,0.05329184512233609,0,605,0,6,0,5,0.1320921741025286,0.33860436511600456,0.8766998717290299,0.19895894614737197,0
0.9113144542638263,0.7232883358152038,0,130,0,6,0,1,0.7526393649698798,0.5931924536686012,0.9511181407938475,0.9278606452734206,0
8.75746016359647,0.4486288084616872,1,3,1,5,1,6,0.41911828374851023,0.6961289233165548,0.6588297814441877,0.5981002569218523,1
2.9532757607673297,0.15789442193660497,0,1470,0,7,1,1,0.8346352046368917,0.36461976440027843,0.9719536161093161,0.04656811536682581,0
4.2542262983373575,0.2951260104846021,1,963,0,3,1,6,0.5262195196960935,0.25429601695755244,0.18951880200126514,0.9672257396499653,1
9.590263840124424,0.5011468399329609,0,224,0,6,0,5,0.6967646433946512,0.48969092739207165,0.5323918834492686,0.9280004186771198,1
9.443692191577739,0.32965147226968106,1,1487,0,7,0,7,0.3585826934521421,0.8983068915970536,0.7431800885237287,0.7119908441063838,1
7.149168892649178,0.9697492267415924,0,61,0,6,0,5,0.37176962913221356,0.6304647108962811,0.48234613182708475,0.2831490084615612,0
0.6893895173255471,0.4747417417071993,1,502,1,10,0,0,0.43650844156427726,0.8972556243124837,0.21374664788178566,0.29497653267602997,1
5.933401254113974,0.37215051025214363,0,1123,1,8,0,7,0.6360342056868604,0.47511566332985244,0.653820710070683,0.8652530276967725,1
9.890779350422578,0.6731654289680367,0,79,1,8,1,3,0.5065335814605911,0.946990636257504,0.9712095856163858,0.060597834090965086,0
9.469162284239804,0.6505450568559148,0,1358,1,9,0,3,0.8042764492246798,0.7915582616347627,0.5232004559777758,0.2373606692884701,0
1.0600249251994287,0.002439280405267419,0,1017,0,6,0,6,0.05479738226069664,0.35458327670101597,0.24811107821063139,0.1663996374679626,0
3.9596730309036863,0.618473698300743,0,1424,0,4,0,1,0.9005427252559962,0.4482195978669731,0.04051767077223056,0.7163290729154733,0
3.155367459028393,0.2437689747690337,1,1255,0,6,0,5,0.9260366662777956,0.9977689698579149,0.1041368345975785,0.38175805566209176,0
1.2972810690490555,0.3752336415879216,0,1237,1,10,0,6,0.2440756888571759,0.9537003389804342,0.7772239702627843,0.9159485313345447,0
6.947983112487609,0.7063488907348443,1,341,0,9,1,4,0.10077635024179898,0.41024067458044433,0.4852585684088412,0.8029131715982466,1
2.7384836436023674,0.5573862210106958,0,307,1,4,1,5,0.5718562267871267,0.8335593459850982,0.20865945594715896,0.9846579988472393,0
3.448658031252978,0.3686551441550969,0,363,0,5,1,5,0.06417017058228125,0.9097292777468525,0.860077875040812,0.2989989436307322,0
0.9035887670141796,0.16741035183712405,1,231,0,3,1,4,0.22971564751474494,0.2517479143438529,0.4360760583667551,0.47492506561742476,0
4.979675587786656,0.5054821872477532,0,996,1,1,0,0,0.5075660290149167,0.5176060708613672,0.7957493843709607,0.6598131355361957,0
1.5816786365205648,0.3193660235072032,0,88,1,4,1,5,0.6138114317617724,0.7570853437685175,0.8112925887816186,0.9747436881999291,0
4.320904235794892,0.9129278084080751,0,642,1,2,1,6,0.19430482606999433,0.07686160178735224,0.7179169941635418,0.3446484458094645,1
1.433422221033015,0.5343466402890507,0,872,0,4,0,2,0.9327379620411222,0.8056841343217014,0.9725742498668071,0.32684443515716965,0
9.538498899501457,0.8659639941704125,0,808,0,1,1,6,0.1813230970238695,0.2110461631653323,0.8969005707418124,0.6267584039945754,0
1.449825331971426,0.3901810284835113,0,730,0,4,1,1,0.1536557971401089,0.47897362912606767,0.12543831806644656,0.6652781680316162,1
5.218871538506332,0.8274371637879605,0,334,1,8,1,1,0.16231998452590857,0.3752038488814443,0.34375208261766577,0.18894721747387244,1
1.969798253189875,0.05653690217207863,0,163,0,9,0,1,0.9295247615802847,0.7401692446820319,0.9542476201854836,0.4544741397693034,0
0.7636180347260924,0.29811902556801495,0,1482,0,9,0,4,0.8787710197729073,0.23316456940973707,0.6555692017842455,0.37736705245008806,0
2.0230861884209816,0.07817593304469939,0,697,0,6,1,2,0.03304086425566022,0.46635791039339214,0.4437328758409249,0.4211294235355053,0
0.5477410739043609,0.03165018071487391,0,892,1,6,1,5,0.7266153215673352,0.26557907949811754,0.8621207571259822,0.14046213980532163,1
1.3939738312098882,0.9188622453231189,1,850,0,10,0,5,0.07348872131174611,0.05480222168989246,0.6388904170710016,0.648144993838849,1
4.93484157763217,0.7168687443996798,1,553,1,6,0,3,0.07531054386929492,0.8435119326483705,0.37057296571804144,0.18752375552551825,1
6.518155210575742,0.6251100644684706,1,1084,0,1,0,2,0.07602020213740912,0.2245199855675094,0.271247503054168,0.02541575527433737,0
0.8733981507178346,0.532492809411833,0,564,0,10,0,7,0.8296209783156085,0.2324171565951363,0.8511030885695648,0.49598733201040135,0
4.410186239042685,0.569554036216842,0,621,1,7,1,7,0.42743563258861583,0.04675885453248141,0.8467659060654207,0.03859902359620959,1
5.8124702285335195,0.6386903813864535,0,1205,0,7,0,2,0.5570294881538608,0.5026967745458012,0.9183060216779858,0.6660818044632625,0
2.342256762110615,0.8265797947401032,0,477,0,1,0,1,0.030813666806051465,0.26896399702555274,0.7845436709277651,0.5943597848421298,0
3.720784115160254,0.5968885557955282,1,1049,0,5,1,6,0.9008916991369139,0.5655014442179351,0.18476899941398262,0.566735807134319,1
0.7183486973360864,0.7485807631108824,0,998,0,5,0,5,0.9820226623261704,0.7235292872907126,0.38847819510252324,0.09521062207055753,0
2.201310802330949,0.2809780518297349,0,45,1,9,1,3,0.23517856813508775,0.045929634688410825,0.3280800460758214,0.1238670268135017,0
4.667529259189401,0.9767617378164721,1,1026,0,4,0,4,0.6565151829481533,0.20048975909191247,0.257875839317653,0.665381641819593,1
9.904421789253222,0.03189720843702892,0,1202,0,4,0,5,0.678802955482366,0.3908913605071773,0.7947258599027955,0.03220707703971637,0
9.962650629391334,0.38657659527731547,0,405,1,7,1,1,0.9662802426534581,0.8797635548175021,0.12464052224777211,0.1159069934253586,1
9.796216811242878,0.8820495515037039,0,1371,0,1,0,7,0.4837661488566609,0.1097252132641161,0.47920755239697466,0.7637689296674656,1
4.230863863003275,0.18052296268619017,0,29,0,8,0,4,0.2379145954519586,0.7438301223389164,0.8656390408984548,0.16696801842440379,0
0.8068037841466502,0.14133809293365796,0,269,1,1,0,1,0.36028263428318186,0.9535823875270856,0.7889708351184094,0.49573853361925035,0
3.235734372493335,0.3654307668999135,0,1418,1,3,1,7,0.6396117102293969,0.07766698860799204,0.26737441765043446,0.0985033564365464,1
2.377143753709773,0.4281947005168275,0,1283,0,5,0,7,0.47248711806637456,0.3330093595873702,0.0355471879152498,0.23507865994004218,0
0.14126574909854583,0.9333940606617277,0,1132,0,2,0,7,0.07940743008795326,0.7695678700400258,0.4138770322441473,0.8793664891727212,1
0.952336102883754,0.836119534708821,0,905,0,1,0,5,0.8073662316192718,0.9351817471959545,0.5935057664658762,0.7532029303544695,0
4.531919350490661,0.46408963769051415,0,301,0,5,1,2,0.8642687647162544,0.24672881768863586,0.8547497525977861,0.18852072745842985,1
3.3966246380429697,0.972975100881603,0,733,1,8,0,4,0.4783321673688957,0.6418802329833942,0.528269361808921,0.21455868261052147,0
1.8035372163448304,0.6422784041590643,0,848,0,3,1,4,0.523470382682611,0.731563587681752,0.2658130287377045,0.4737797584522748,0
7.160999706587471,0.8736587319818913,0,134,0,3,1,4,0.4915732796291904,0.4040238533561269,0.6907564252423423,0.6322928895811841,0
3.5711559589661857,0.24605698048682545,0,892,0,7,1,1,0.5297461961251176,0.6695280799144067,0.4016580982440886,0.5823182015575872,0
8.518678557465444,0.4889640742999828,0,133,0,10,0,2,0.10262233850060909,0.5491273968329363,0.8252369281305992,0.28465412930593914,0
2.4097716026311735,0.029717213356433292,0,188,1,6,0,3,0.4336328873248927,0.9371768656865472,0.023725345185734992,0.9467410068118904,1
5.383934900866247,0.008880193266448844,0,255,0,6,1,4,0.44787530189999736,0.5387211042899593,0.41901100528768853,0.8351506153340049,0
1.8413921714918247,0.7054532209394645,0,287,0,9,1,2,0.997714335024158,0.5166139544848567,0.42215832885871274,0.6516133702530901,1
4.95300616385842,0.11829362246560071,1,123,0,1,1,5,0.04865317354471288,0.6692954043074517,0.5875434215105529,0.9079547950086877,1
1.524665089783862,0.5478082371108176,1,1435,0,10,1,7,0.3121389253878656,0.1522975342152897,0.35861120566560234,0.2940131257983368,1
1.6157862437152193,0.69600748221002,1,1203,1,5,0,3,0.4959952682418123,0.530958307405696,0.40217469839119724,0.29977205343665425,1
6.122233770420157,0.03223458622963926,0,762,1,4,0,5,0.8472353454022968,0.05068654088676605,0.7348926796556742,0.30901096903935144,1
2.6378604217576673,0.448741399145682,1,552,1,7,1,1,0.4612371150168152,0.6270239727788172,0.17128260393222627,0.1604031766633478,0
1.723672265642473,0.6841519369858398,0,287,0,10,0,1,0.2910064479004637,0.5346636721659679,0.23836990323939877,0.13993766614759873,0
9.297682501350732,0.88973098785485,0,1423,1,10,1,0,0.5352682120065869,0.8394001479980538,0.10238716029724826,0.9092632265464627,1
0.4300325074005107,0.29923010060165645,1,1196,0,8,1,7,0.2970268042983609,0.7977031616721693,0.25767069792910924,0.8577432699852643,1
5.651481126958871,0.9742165296843303,0,1127,0,5,0,2,0.5483214724575276,0.4325450761262294,0.5053908427698502,0.5489050016820743,0
5.482638418332653,0.8445414996596974,0,705,0,2,0,5,0.6898602588492325,0.6589933716572023,0.1891583838214097,0.6606166591018721,0
2.506088744030598,0.6506350720818543,0,41,1,2,1,4,0.5307823545975189,0.30331496917665257,0.07357738867173513,0.23850635356466887,1
4.527717451128178,0.3919255072461312,0,957,1,9,1,1,0.6096352161598857,0.387837780466568,0.9963666021159988,0.022863377515229377,1
0.8773778308263547,0.7111103761994986,0,731,0,2,0,1,0.03871744169197511,0.07802451744017258,0.45520611424931134,0.44158638994049815,0
7.212701459238856,0.8161932690703534,0,446,1,5,0,6,0.658800079422133,0.10070376837390449,0.831548396453903,0.6695403082256485,1
2.2169714837682317,0.3032998748865573,0,472,1,5,1,6,0.9696753946826037,0.8187451994761149,0.738774128826871,0.6798611052332579,0
1.9338535982655591,0.9928300649070293,0,86,1,8,1,4,0.4916447541069202,0.9719438450129215,0.16544204533493834,0.6042680633551879,1
3.1487847827750306,0.908619369754639,0,1307,0,4,1,2,0.8027082322939683,0.4892213471307306,0.5122782166223382,0.9253723651492232,1
9.02369920263142,0.48550144034292264,0,247,1,8,0,3,0.5489053402797384,0.12796420438706835,0.5678588009474905,0.2093258600596064,0
7.964666482835426,0.7228299157753952,0,1219,1,6,0,6,0.7039987236141416,0.08833837786441301,0.15783642235136386,0.26362298642651805,1
9.468922911337575,0.5240088946187819,0,1459,0,9,0,1,0.309912154570389,0.045406716664095015,0.11189715483523333,0.07962754389902282,0
6.5196234603308545,0.7609305521970262,0,68,0,2,1,0,0.9668641477863484,0.8787799554947897,0.26322776983619434,0.9364170698818846,1
6.629215110320876,0.8269822038779814,0,935,1,8,0,2,0.21514498241379754,0.44219866306696076,0.2612636251597056,0.45465912153597443,0
4.80030999426217,0.023222555157042524,0,100,1,8,0,1,0.1590976228733635,0.8803684871656373,0.2775854654084665,0.40168521379473954,0
9.051863233669755,0.07913202970064925,0,1246,0,9,0,1,0.045524392056562224,0.3628278596882655,0.2524562886722115,0.9856446459114627,0
5.108771492703291,0.336467415876727,0,760,1,5,0,3,0.5411905624282837,0.5880614143014921,0.5468148973014355,0.42774747628319376,0
3.5506007079502466,0.9176136326323495,0,32,0,4,0,6,0.6189009104379619,0.6738384969816792,0.29439531418548526,0.33484220618902194,0
6.403750099176651,0.3982735831433897,0,1158,0,6,1,5,0.6495219730286571,0.05003394996921284,0.7716448922136351,0.20868319204628172,0
5.461394934009634,0.8875122152019242,0,1148,0,10,0,2,0.17223148477344463,0.6815944746652228,0.05238121772494031,0.43989085235021574,0
1.2401981530989548,0.46243391263175293,0,1387,0,2,1,3,0.6514370915596684,0.7997159436481419,0.6215075241996674,0.6856577764016363,1
3.9272541391242957,0.2888529203115734,0,727,0,7,0,3,0.1651065646258748,0.022079760324097086,0.7724450960121576,0.9140955471839345,0
3.1332541109448,0.9006451830624952,1,1399,0,3,1,3,0.7549931560711998,0.058821817879038285,0.43716924918334765,0.19126064068272297,1
8.468337750111317,0.5606707689186775,0,997,0,8,0,7,0.2752445934237374,0.5220884767842899,0.3193246728989566,0.6923294690691696,0
3.7884255697310874,0.3604842950300413,0,788,0,5,0,7,0.4220459174074983,0.9713828459476117,0.30308776064418164,0.006631215786714106,0
8.215552326388927,0.0444070036278168,0,537,0,9,0,7,0.3672270443804896,0.9732449238727028,0.3277930911238367,0.8008839961053142,0
4.423895939009456,0.11093313244822389,0,439,1,2,1,3,0.36772304537987255,0.10957865630068986,0.1173632171215262,0.28014520834255274,0
7.5350056344561,0.1393103276415305,0,931,0,2,1,6,0.7209434823791014,0.7608804140453628,0.5810756573709274,0.03922132215449181,0
1.3528192851118992,0.3648362904106063,0,1109,0,10,1,5,0.9977729200991068,0.7933189253464711,0.623475045655337,0.3942400099948249,0
9.246502196584624,0.607332955744344,1,53,0,4,0,6,0.5273297515463169,0.876955286472345,0.3896818931430075,0.8925196867530251,1
4.805598907989182,0.30759011442192985,0,617,0,1,0,1,0.4010388936637146,0.043518149937524786,0.9558582266764598,0.23283119373265526,0
2.597982456263064,0.0655276337648002,0,68,0,9,1,7,0.29369911278184213,0.9724335632058564,0.9114345777372574,0.28730149379779013,0
2.4148960636480687,0.2648087373173338,1,594,1,5,0,7,0.6244782290911982,0.8217086090534729,0.2978750520672673,0.1677691639637956,1
2.6507728857497193,0.40868165089961017,1,1198,0,10,1,6,0.45118321519771853,0.6076862371340248,0.7323513390835394,0.9816138641617737,1
3.6672417291796764,0.9922699286723291,0,1036,0,5,1,4,0.7728358684199158,0.06682815899485983,0.11631584607057566,0.43269904758375033,1
7.1751953267561674,0.39298690475093867,0,186,0,8,1,3,0.6066891390151041,0.24015825947317615,0.7578138131490837,0.9478208391146374,0
9.496030429007936,0.08919541874744397,0,1075,0,6,0,1,0.4119213882570807,0.34663141163170164,0.7357389494948099,0.09186802911830283,0
6.6903743012363215,0.5811148144739334,0,20,1,5,0,0,0.9530112532826681,0.8573874727249484,0.35662863200597594,0.44862028764424233,0
5.4716627094410075,0.9196400726262897,1,18,1,5,0,7,0.011264575528710408,0.7611203890283625,0.3869506184010635,0.47430136591835814,1
4.485978080171346,0.7866956988617501,0,1368,0,3,1,1,0.6894880246148298,0.9407205985282422,0.5860615093980509,0.25591961901264204,0
8.281944670376165,0.8362183091872366,0,49,0,8,1,2,0.4107914569870236,0.42253745299652345,0.2802212157831431,0.49732998030676634,0
8.496572024460699,0.9282317961023304,0,398,0,6,0,3,0.12162183226154455,0.9167981850406853,0.5727360996851971,0.350552199975646,0
2.9303767443281856,0.636543503385538,0,197,0,1,1,5,0.09269545187965322,0.8957084078815134,0.8876253801380547,0.24657176618454668,0
9.534202486534301,0.9949227306534987,0,873,0,4,0,2,0.6493189868694299,0.0184865658365293,0.44483755861062546,0.36531563753799146,1
3.9511536320638205,0.03328156987965081,0,783,0,5,0,1,0.14777315044372996,0.2392541313562574,0.20420782331217935,0.6351783525643822,0
8.000780691915278,0.8348396761435622,0,1258,0,9,0,2,0.856076045340024,0.7998829813652811,0.5580443594920751,0.4681573777378897,0
9.668198780822333,0.8570106695222617,0,1480,0,5,1,2,0.3109279863048494,0.6650919178961885,0.6528464930918264,0.4092712299052791,0
7.036581008556112,0.916700390761965,0,1118,1,6,0,0,0.34384286073191406,0.22288795806035633,0.5259844104666891,0.8535646094884912,1
1.6155072645119373,0.47816945763584906,0,700,0,1,0,3,0.6601244355587284,0.7814698542373835,0.023628981157697848,0.6449229786790518,0
5.861369551739308,0.7877559236206,0,69,0,4,0,4,0.2201638824117037,0.316555887695092,0.6692808050837364,0.6369673016664285,0
1.1877712309557842,0.1950803991211798,0,1383,1,3,0,3,0.007039209682717318,0.6021449619609384,0.036894441180084,0.2223146389294608,0
7.891420398689263,0.6031302251782144,0,841,0,5,0,2,0.4458293401333474,0.9346577441043964,0.4174237958810868,0.7500562762968216,0
2.8131517387388296,0.3586451523634614,1,326,0,9,0,7,0.5278797783558555,0.23961818157609505,0.4143977195151921,0.036884862799687945,1
6.952148230600185,0.5961736506619755,0,812,0,10,1,2,0.44589553044152963,0.055367494773533754,0.8464061135290624,0.21360065758254843,1
9.10089674130199,0.6755605071583003,0,587,0,3,1,6,0.45799170499566766,0.6601387938367622,0.8626723635668827,0.4128047590493147,0
1.810098506701724,0.34706866674617887,0,525,1,7,0,4,0.6657388981919046,0.7284213979771118,0.7750417578649998,0.8891685981571011,0
3.9285783860116674,0.21623829930287197,0,679,0,10,1,5,0.8456887870960217,0.31257881779311103,0.8197288694135254,0.028040788390282678,0
6.471187880735663,0.32168790885933474,0,1130,0,3,1,2,0.36550556253757394,0.468410953359648,0.2188023944931613,0.4448660071181979,0
4.196585928095011,0.6639572451074426,0,245,1,5,1,7,0.79009355284145,0.5010901482283036,0.716284086137663,0.11981699329294859,0
1.7481894162471523,0.6768742336728105,0,1446,0,6,0,3,0.0626837662453571,0.8159471542108188,0.7492840646287342,0.23004788040856594,0
0.29071614168797,0.7413169360240989,0,93,1,1,1,4,0.4802608558925999,0.6930791563992152,0.7780739958028274,0.4053592221189932,0
4.065981437019629,0.126536608572706,0,220,0,5,0,1,0.3761519210347516,0.2729839055917834,0.7947831552248233,0.09847796657551622,0
6.492090265819204,0.8185173902544616,0,1014,0,2,0,3,0.46594057832446334,0.2730121518966596,0.16324275888165163,0.829488793271702,1
5.739842081524886,0.6881478015409555,0,217,1,4,1,5,0.0914778563957952,0.3249650813196717,0.256925041365366,0.08292215725335184,1
1.5624123976064241,0.030505076690639177,0,1166,0,2,0,7,0.13882932479520194,0.1459528274435561,0.7836865085611515,0.585340929031714,0
4.506934438673866,0.3355978494350508,0,1102,0,8,1,6,0.293479960233318,0.134278505064945,0.14734863277533294,0.16326947362387456,0
3.6947104618125284,0.4667112559064771,0,644,0,9,1,1,0.2735316263118127,0.8174115361960517,0.12396089080283723,0.10652180444224912,0
2.7420240229339985,0.3606174903868148,0,681,1,3,0,0,0.3850965825411844,0.8317052240241787,0.9770134025223478,0.46272399755523175,0
7.292712438603893,0.11741688820841312,0,1499,1,1,0,7,0.4572588771198842,0.26007992387766643,0.9677904102523028,0.3454183376519243,0
3.0965203002718433,0.20734628450500703,0,1192,0,5,1,6,0.22117251603009047,0.8503967839831921,0.33673379468556874,0.04521309584075839,0
5.401419523330292,0.02456139491013254,0,948,0,2,0,1,0.6192204364555247,0.5707349392728889,0.008593109174588887,0.06490675714847371,0
9.232235352696165,0.09307716135256283,0,211,0,5,1,6,0.3758215617077856,0.712157796183099,0.3982465243349377,0.2991823062430874,0
5.392759822535824,0.26630011772454476,0,884,0,6,1,6,0.06013528067568963,0.8804442001747422,0.02587365818105214,0.7828344269726146,0
6.1702291016056074,0.8199702656357306,0,59,0,5,0,7,0.24369671111440916,0.30834419763113274,0.14342780083070827,0.8513934013649782,0
0.732459861675514,0.5266375099372003,0,377,1,6,0,1,0.5601472938529658,0.6622260558529603,0.22411383749125646,0.0663573092802201,0
1.781341437417363,0.424497890691106,0,1046,0,6,1,6,0.606877157943512,0.308533307578688,0.8392199424383938,0.17172878777883083,0
1.0095119929811347,0.662162943958549,0,611,0,2,1,2,0.7996608698402644,0.9029148992290624,0.37530052727940855,0.33909041941332285,0
7.648129483558401,0.5415105603250052,0,1492,0,7,0,4,0.24547866002684893,0.2995857859477714,0.008220983944319582,0.6500807237922531,0
8.359210809168424,0.13151392675562623,1,1409,0,7,0,2,0.5622149460607969,0.6253339678666753,0.6368769032887273,0.2851642247856119,1
1.8645529319457765,0.22262336382418957,0,142,0,2,0,0,0.4761052191011159,0.1910265532824853,0.07062973695358765,0.2218610363120075,0
2.1927175092309104,0.22252236099060763,0,1325,0,5,1,5,0.848515174151812,0.3697795640971928,0.8941046067046237,0.5882722887045696,0
3.232072894927829,0.5999525126123422,0,1296,0,3,0,0,0.7299917353867721,0.3513987111041722,0.2453536902176754,0.681439001631931,0
5.910776169538354,0.46162436618934644,0,159,0,4,0,3,0.13198545774158865,0.750324694363961,0.23774128836703035,0.4874980024436073,1
6.217961938000195,0.3875850625608537,0,577,0,8,0,1,0.9587741511954362,0.2865952562429823,0.3970439129212745,0.6684690371253487,1
6.867539585414576,0.556639172881788,1,1422,0,6,1,7,0.35521463913204776,0.3274086598919538,0.10744608406992018,0.004101259701652538,1
9.051927562134626,0.9701157857825572,0,25,1,10,0,3,0.9545913887922242,0.009414736100236687,0.02313806442156996,0.32785834272570313,1
2.9504014049653815,0.3141934560558768,0,87,0,6,1,1,0.28522104780323,0.31583694285001607,0.9143675162524042,0.6094885433734651,0
6.587589892067757,0.5201954336335173,0,765,0,1,0,7,0.4689388250202996,0.2721474689122385,0.8636083254665524,0.6509451926235927,0
5.597228457776922,0.48037001564411563,1,1429,1,8,1,5,0.5504638143627701,0.5446073935133962,0.9163205825041746,0.19444862725814838,1
3.058372404125671,0.7166430317458448,1,418,0,1,0,1,0.06359170285977689,0.40178046204467643,0.6766394350744827,0.33205697728651806,0
9.074151865936734,0.7302902679829161,1,1159,0,4,1,2,0.7156656356539504,0.9804713318339051,0.013019718596254393,0.22636761039592534,1
0.954834119592175,0.7290707214130405,0,1040,1,10,1,4,0.10471036446364779,0.5461322373259654,0.9731885574948622,0.8985196718981637,0
7.120010268320515,0.2015195799387448,0,219,0,10,0,6,0.16416277711160043,0.0727486728040293,0.7087629327833158,0.29605026495980746,0
7.27873713022602,0.44909313636118775,0,431,1,2,0,7,0.2902422037553465,0.8094852728330464,0.41523220494726376,0.8819971434780995,0
9.153265276899615,0.8111746910291375,0,936,0,10,0,6,0.9607462944212769,0.053264852076112534,0.7324795926499582,0.8836360297424379,1
5.185805923513536,0.38153017054064375,0,722,0,10,0,0,0.9731162814685399,0.837229660511593,0.5670755289649333,0.5257045923591076,0
3.2162233821924593,0.9842551172899289,1,355,0,9,1,3,0.4893164422507045,0.405471185626179,0.6716801546576049,0.8708196664080221,1
8.277406698600204,0.36478674179219917,0,300,0,9,0,0,0.533321106264602,0.06167691665277597,0.8241044404371517,0.0766689178808988,0
7.708102818323926,0.4976668273419682,0,835,0,1,1,2,0.21184311735211703,0.9773655651979121,0.9361831632986415,0.12616337349487827,0
5.003156144194704,0.47452559480254686,0,1242,0,2,0,2,0.4180416455389093,0.49542553616624185,0.7966548517447679,0.40671744536031307,1
7.6785737563381105,0.4336638024692425,0,619,0,7,1,2,0.9844182743532737,0.8548130491311726,0.8958831618333792,0.6917894015134712,0
2.678756020772608,0.8456313683196216,0,1388,0,2,1,1,0.7907920740190956,0.42055798944217293,0.5675034655786557,0.9705488386622684,0
5.895063304034679,0.15527523754801353,1,1000,0,3,1,3,0.6973989921237215,0.46160745742605724,0.33843278669475396,0.46686122761048554,1
8.651834547878755,0.567664706413983,0,605,0,10,0,3,0.2784149142086326,0.36236410505416994,0.6696894587848181,0.007381878806890563,0
3.1798450461651253,0.6186015773554236,0,1060,0,10,1,7,0.7630592490875737,0.3689219832511683,0.5562275303300224,0.1815038556606331,1
4.835499824307432,0.8512213080693708,0,673,0,3,1,3,0.9665539072038332,0.7934552347553363,0.05621189850076247,0.43800525229758747,1
9.510448541728895,0.6092001599261084,0,1135,1,6,0,0,0.9879532548790103,0.030784465309739217,0.5758815617453686,0.689983247477164,1
7.9821184197173665,0.9600203477877807,0,1474,0,6,1,4,0.5997921518233646,0.4898639735056882,0.4174132608742688,0.5865318970289936,1
8.870390203305528,0.8721677122609289,0,1181,0,3,1,2,0.1607320477842158,0.26555712676456944,0.3695719057261878,0.8761065786563706,1
3.8524706089044636,0.3487399483527315,0,213,1,3,0,1,0.964070056863034,0.5567187746469974,0.724460301454222,0.2655821744922625,0
9.965052596345588,0.8599064452908345,0,107,1,5,0,5,0.5413787492257044,0.21521169786672956,0.8851096657114238,0.5399964742508268,0
1.5256560468381297,0.9584778140934557,1,1212,0,7,0,5,0.03834057645936173,0.3487506487975782,0.19714012160523897,0.14425201280638877,1
5.18770583216309,0.2571971809245863,0,1270,0,9,0,2,0.081497025572832,0.533258059505897,0.7948958924573039,0.6452419585395399,0
4.792733822962494,0.6102088066644085,0,850,1,9,1,1,0.5772579352237024,0.7418084858773569,0.16959480093411017,0.7623520264023336,1
7.984321908001345,0.28180391234213553,1,367,0,1,1,3,0.8352938371153756,0.9459687951315365,0.5764461628384959,0.5134163172390328,0
9.086177725150119,0.6495672790822176,0,1321,0,7,0,3,0.941521427935336,0.24312946832605553,0.8482059231224272,0.4481170422435692,0
7.311393769080597,0.0936428045470219,1,672,0,7,0,7,0.9444361109300397,0.48291359903654185,0.9058398530655595,0.1858655904908334,0
6.268162361303028,0.7341880218690575,1,438,0,1,0,0,0.5786144538404644,0.34864742220728107,0.30844484957263973,0.934070262154815,1
4.274291908485037,0.41981982859534284,0,549,1,9,0,1,0.9814092109264907,0.6060368587282837,0.8188808376531442,0.6061695834114256,0
5.103259170757342,0.5873071786764368,0,444,0,6,1,6,0.1495960941212373,0.36648036185433275,0.8787892890773148,0.8151654613764185,0
5.093003132248218,0.02586240252349814,0,423,0,8,1,7,0.09466765067049143,0.09696911726901647,0.17277540574266914,0.024251640394776897,0
0.20368473684377664,0.6954414552103283,0,488,0,7,0,5,0.03027788721554503,0.6143967944558618,0.38472430809290614,0.25130895403384357,0
5.030458048276777,0.4959913541352434,0,1011,0,4,0,2,0.7741321075613072,0.0355631500156387,0.7762494560741492,0.48239301372334276,0
8.55970800174125,0.625251007687842,1,24,1,3,1,1,0.9165969456295598,0.04304245392547845,0.014718684124290782,0.5362284731489959,1
7.092740111422482,0.31566797237617406,0,544,1,4,0,6,0.8398337079769406,0.8842209449927664,0.6257655626474931,0.4049721268096398,0
7.957086221250048,0.1458201734214144,0,254,0,8,0,4,0.9396361905260152,0.8702807389986719,0.41464242647384786,0.3372863089367456,0
3.9048498976852097,0.435428941996142,0,972,1,7,1,3,0.5480678498239974,0.5627141721896852,0.5175135498242761,0.45037084662645044,1
5.289732369129581,0.9439791212863633,0,1491,0,7,1,3,0.7630414423482758,0.01800280481856542,0.41836612766227266,0.3659731005253263,1
0.33483568997100477,0.22779402665380533,0,1181,0,2,1,1,0.336709873295422,0.3431055693299865,0.1953889528116568,0.04004898984520433,0
3.8299794216934355,0.6758390120352517,0,373,0,1,0,6,0.7665788938767244,0.3462676300510643,0.3484553650728266,0.6927464432090941,0
4.74416044892644,0.04984354403454139,0,769,0,7,1,0,0.7530459987565413,0.7208903364093194,0.8610502092309095,0.7712978417210846,0
2.5520889959908164,0.7180997852669284,0,29,0,10,1,7,0.4356028774207583,0.8119086967566366,0.6109617858091705,0.31124914520403335,0
0.31240978990649815,0.23843718680149306,0,619,1,4,0,1,0.04376564957922757,0.35423958295656166,0.47726295696041166,0.9659245237939783,0
6.904081087789521,0.45151706022933247,1,417,0,5,0,0,0.26626295871360073,0.42173945105810884,0.7060524001799148,0.9869193234907944,1
4.350877508488432,0.36775310059477406,0,752,0,10,0,0,0.8851850377029068,0.2246597645206606,0.1837297631813649,0.5685677768832813,0
4.156781931122342,0.11284034331735548,0,612,1,3,0,3,0.5872666587938467,0.7279183743279072,0.0834728987618426,0.7940892095428435,0
2.4998675402850887,0.3455819525117757,0,1023,1,6,1,0,0.40509324798442303,0.34915282694837924,0.5485994045008314,0.5455336976802195,1
5.3783039899801715,0.3501249582931856,0,821,0,1,1,2,0.9473953294562207,0.705480352644849,0.011502057969383528,0.2610999639449788,0
4.380267812707315,0.5221056390297516,1,1408,0,3,0,6,0.36644189651214865,0.7069001708428652,0.14821675563915881,0.07002418846936509,1
4.73984473029091,0.9723515329399873,0,102,1,4,0,5,0.3280829293667179,0.15621369059022117,0.7170583873688253,0.34443353599370885,1
5.80871348436382,0.47001752251063034,0,1416,0,7,0,2,0.7704960215486746,0.8854787601361055,0.9016182017900621,0.18537215067428625,0
0.06324647239735359,0.9144261556326339,0,1185,0,4,0,0,0.35530462989122735,0.8245228099770766,0.2852638838224858,0.9222874490156586,0
9.076959035384226,0.4615576585625554,0,1069,0,5,0,1,0.44623322201283233,0.5830115542133045,0.3826247603328814,0.9712381642826421,0
0.7108739694508126,0.10754330087493946,1,1238,0,3,1,4,0.7224580322894782,0.0863248108166742,0.6810211582434441,0.5317248941156588,0
4.509247473159945,0.23015289527594018,0,75,0,2,1,3,0.4301201813531059,0.16725493169276873,0.8048872527313238,0.5631998019837102,0
2.073728752393814,0.40751767605760025,1,319,1,8,1,6,0.32228794151591766,0.09217851652640097,0.2602119657138665,0.9304833804201365,1
5.237823693698753,0.32536877297018474,0,1,0,7,0,3,0.015388836252816507,0.4636149499511757,0.8261690492267113,0.747453441158963,0
2.8023010879713786,0.8658292875324917,0,1197,1,7,1,3,0.8605696649277076,0.2655126695248309,0.9726840201126457,0.16198910880316764,1
8.600064980626039,0.6786456021965513,0,531,0,6,1,5,0.5267037930126269,0.8307966756815546,0.08795908654504303,0.9519579067511412,1
3.9635983396242027,0.5783084519186734,0,542,0,2,0,6,0.8513318726079298,0.4359563988343317,0.2243199961971235,0.5713510763115404,0
6.387555557684373,0.49122955123669054,0,915,0,6,0,6,0.6178421260483786,0.45209797399089247,0.7261465947935914,0.020661895251807283,0
2.4887972814787895,0.39727061828906685,0,634,0,8,0,1,0.2006663817303863,0.9219254894020933,0.03670376945395548,0.19621713833342325,0
0.19406150494017504,0.6121924398320113,0,955,0,5,0,3,0.3631609510114031,0.5777715141425227,0.28402148730846577,0.7968307907307882,0
4.041545356132761,0.124607165444381,0,1404,1,8,1,7,0.41725817604290005,0.3873462756190281,0.8445254744486403,0.1277657698556508,1
5.364864895582901,0.16253318821690566,0,498,0,4,1,6,0.7397259866162611,0.9834574717044666,0.6816549642801278,0.8512992751458689,0
4.595471512617503,0.30311635339669996,0,1337,0,6,1,6,0.5481731924581585,0.46243578211248015,0.6407064537086362,0.7863250862649275,1
9.6201436381886,0.1711846164610744,0,798,0,4,0,0,0.6365035066058344,0.5796802392833853,0.6119993092772065,0.03525666292136864,0
7.068391738460283,0.6770987190248167,0,562,0,10,0,3,0.7530801693984455,0.38200095576697846,0.5019077925028342,0.3310458545824305,1
9.956698006253951,0.024768321406245297,0,1378,0,2,0,6,0.2738613247557765,0.6692074652118586,0.7667405987940366,0.506877543487779,0
2.9506009031397196,0.1601774916667501,0,732,0,3,0,1,0.8819917982631834,0.7758077430118703,0.8652895375621029,0.07602462931698639,0
7.890532796071465,0.9026081094988033,0,191,0,7,1,5,0.45327694996487167,0.6286422275573299,0.7955351613753564,0.579614194013717,0
5.555584675466139,0.9975431482220869,0,429,1,1,0,4,0.6611218917537421,0.248420897475641,0.48269299150570344,0.9802606773430926,0
6.117603544484994,0.48759047782809306,0,1268,1,6,0,5,0.21820229871079988,0.9422970960626906,0.7785177266972629,0.6001404907360411,1
9.858532004423278,0.4953700730217583,0,773,0,1,0,5,0.23337235998859018,0.5117177862673864,0.7553492793492192,0.49371644037022555,0
6.539871997511169,0.7733987622374382,0,840,0,6,1,0,0.7349894035365088,0.8260227909578298,0.45576325145459684,0.8668488650709197,1
8.988168923369178,0.036189577620575064,0,1022,0,4,0,1,0.35040607674233437,0.008824723287918057,0.3341109387706749,0.9639694187716114,0
7.257502347192471,0.4270214819009781,0,291,0,2,0,2,0.8759577677491623,0.5177638635070336,0.4101356486784006,0.9011895258245989,0
1.2738612172475006,0.09982788181495983,0,139,1,5,1,7,0.664747089635383,0.9355795615581848,0.49320739984562423,0.03695564779656768,0
6.994237103223125,0.40092638265648595,0,660,0,4,0,7,0.6654289181173523,0.6882101142591905,0.1469521493071425,0.09962760534780868,0
4.84315588685482,0.9838218411288748,0,1379,1,1,1,6,0.3802673043948407,0.11418254067718303,0.21848123362736882,0.6154589038686856,1
9.187979929823424,0.7536332808033611,1,190,0,6,1,1,0.9026703197660121,0.7099730003956346,0.10184189076509831,0.2266993333873324,1
8.068344471904553,0.985045875685218,0,1078,1,6,0,7,0.9446394647730155,0.015020672974724092,0.07229439516879499,0.5210505472883138,0
1.0413468760722522,0.7460486256706017,0,1468,1,7,0,5,0.25793924963566806,0.36868080534798664,0.5661192809039849,0.8385085406140831,0
1.3391564365355846,0.6081100718065884,0,145,1,10,0,2,0.5145625708216337,0.23670313328352477,0.6980740099491535,0.9384554776344474,0
0.6961100179860558,0.7542208329272434,0,199,1,8,0,5,0.9069318474651926,0.2518873695620839,0.6136124367199539,0.33360414143230277,0
4.932448747446174,0.6590916729709847,0,1303,0,8,1,3,0.10128054509335549,0.04148073146919451,0.726901353475128,0.848708744782645,0
0.8077175920735302,0.4640660299019084,0,162,0,7,0,3,0.29757899856056613,0.6171322710019581,0.4065001223449298,0.5040020776170098,0
7.23678336574694,0.29254633400521,0,1115,0,7,0,1,0.9544265185453963,0.7419037857391166,0.7991492736541014,0.6585948135801601,0
5.523585814504327,0.5201780593343549,0,1195,1,8,1,5,0.4849735882325059,0.29183401670282394,0.7476833146664672,0.1254338838123824,1
8.358850175531424,0.2584934739014305,1,469,1,7,1,2,0.9515371779086569,0.5868505849311437,0.7110048581053449,0.06335333826829259,1
2.7979578867131627,0.4866763464421453,1,437,0,6,1,7,0.38016827868005343,0.49739376609651886,0.7660006861266304,0.7804032415701863,1
5.191407841611407,0.14613540592108598,0,782,1,8,1,1,0.5274996394611294,0.9931483353542122,0.23144640623101798,0.5984494127988068,0
1.1747968591054436,0.5653950989700408,0,759,0,10,0,2,0.454122888110969,0.8123320921765304,0.5694398925375717,0.823886303733448,0
8.846100026502805,0.24528369081210477,0,1290,0,5,0,1,0.45721417153743826,0.9460379881979524,0.7749368680550862,0.1157833319856596,0
1.750049622898383,0.29360810394156966,1,888,0,3,0,1,0.9177129274501545,0.8243296308808341,0.09886791490282387,0.17187712460536209,0
1.02362251350405,0.4990281417823884,0,1452,0,5,1,5,0.6946428284998079,0.6576716600263848,0.24707168274535063,0.06298859993279116,0
2.0505059852318333,0.16252625302158075,0,359,0,1,0,7,0.9457314762763283,0.07116607547632992,0.4908321377070043,0.6501271744717909,0
8.062314887229814,0.9623798836359191,1,421,1,4,1,1,0.32953200611089906,0.8578942964433837,0.41418440353923724,0.6155814573466413,1
1.058145276846828,0.44694431539287616,1,361,0,9,1,1,0.9938938885103554,0.7610192575603449,0.9142678364763789,0.4255536525261884,1
6.14427494838166,0.35227922962675107,0,975,0,1,0,1,0.7076644510530667,0.28216137571574296,0.7506428213678547,0.135286027106713,0
7.461813006151257,0.02919660509258093,1,50,0,9,1,6,0.13131020659062342,0.2693839419374673,0.04083064355662214,0.02384982772705957,1
7.510811604828711,0.8432543631122329,0,1290,0,6,0,4,0.4129431058347989,0.5242509809003395,0.46530626125946306,0.25896942879464124,0
1.9006088660813114,0.6258339153063843,0,1157,0,4,1,2,0.24866779907561398,0.2830013653327904,0.7625600787881949,0.002806227015395346,0
0.6162399837761201,0.41640515484129725,1,1482,1,5,0,5,0.23545934783501676,0.9706254204052671,0.6690100086971594,0.9487586458648751,1
4.488063837722176,0.24553279933847572,0,1437,0,9,1,0,0.9295528376576221,0.19356919194204247,0.537651059423417,0.17019893339322956,0
2.024853452445461,0.7451374186753852,0,106,1,2,1,6,0.9599494941203847,0.15337839149562094,0.0851947147532569,0.2654907819307708,1
6.99270809013938,0.9454745757416672,0,1121,1,6,0,0,0.01416670010874721,0.04352396625007271,0.915135512304101,0.7985735662052135,1
3.56692799655421,0.3808097056520202,0,755,1,3,1,4,0.1380367387503223,0.5525910174534522,0.41509777874542464,0.9949536673283209,0
4.493539410331321,0.13487606837923127,0,1103,0,6,0,0,0.27784518497125743,0.740328761724564,0.14513473504166674,0.6205476070420943,0
1.1348493310171182,0.10919474727273737,0,1310,0,8,0,1,0.847735340953215,0.5863416203520495,0.08439557861783564,0.25332073390134535,0
5.675502865481917,0.0063619723338859124,0,874,1,10,0,4,0.611105748577191,0.20827614683212137,0.7847947946654042,0.45291479925025013,1
1.855241896319073,0.7439554407717219,0,4,0,3,1,4,0.565427720041853,0.9234280261716639,0.6127472719246421,0.0596506019702614,0
6.78985660914937,0.9813953859016705,1,1297,0,7,1,3,0.5982743571038242,0.3792969675380081,0.25171280700604703,0.10901324785544686,1
0.711688225478937,0.9928177527535682,0,655,0,5,0,5,0.9505870200292742,0.1408013408511234,0.5330312934089256,0.7095934314218796,0
9.758945922813233,0.7841972543429255,0,688,0,6,1,6,0.2757904387450423,0.1910556082971051,0.9464674841334414,0.8294868364729485,0
6.845269785858116,0.16218377829604358,0,876,0,2,1,2,0.12332210914476349,0.43821130046743684,0.49311600592120075,0.27013877914905016,0
1.8172956781192617,0.9777094559131215,0,1367,1,9,0,7,0.6078153681673326,0.544375895695599,0.39063439392403865,0.7383934373952642,1
0.14094645461855793,0.3278134430019509,0,789,0,2,1,1,0.9688690780540622,0.6014487728345022,0.3078433255862424,0.6403698517862199,0
3.3446289220521876,0.33361960949254366,1,311,0,1,0,7,0.710004263342928,0.07323720101857434,0.1822776432042954,0.5096697104506919,1
1.528132640522074,0.6873369528924389,1,1099,1,8,1,7,0.8921163612075109,0.8674945712620815,0.9103493541935106,0.2892609697895798,1
2.1841133311954595,0.049049187074451384,0,949,0,5,0,3,0.8961898451226461,0.3364303763667471,0.17169781825536745,0.9852232580489084,0
8.727502584378895,0.8257697299075593,1,98,0,1,1,0,0.21925709089120937,0.2593968479857016,0.05461617663408036,0.24796484648211492,1
6.032046600508495,0.997297276487744,0,799,1,7,0,3,0.6855984557011864,0.6875679102505108,0.14272740772232573,0.208675380853534,0
1.7645765302889949,0.7750697780899174,0,1178,1,3,0,2,0.8622208919839472,0.6135608642192908,0.18249498569825084,0.10994405274822439,0
5.566594006874488,0.7816764912073332,0,1326,0,10,1,4,0.10134088728801383,0.9928206617383779,0.4248223062292976,0.6589933501544184,0
2.5578065342499325,0.390313670566551,0,424,0,10,1,1,0.6514782929841507,0.4103532442891915,0.909640079597469,0.9012046550285715,0
9.762008643580891,0.06592138901565692,1,783,0,6,1,0,0.27200316446175943,0.18324801965419424,0.13481919700234624,0.1341613083129709,1
0.3275723026369526,0.7926674342344233,0,1236,1,5,1,7,0.8216705097508005,0.9727646112938713,0.14617249208960703,0.10441860288452043,0
7.323184221678151,0.5971580869048005,0,875,1,5,1,6,0.22320761504439446,0.48201676671839655,0.4373354959000153,0.9044239505721903,1
7.729970261914273,0.9093386891220844,0,629,0,7,0,4,0.37342049909143493,0.661526307342938,0.9037741275488724,0.6605515201761476,0
0.6716276395770027,0.11596290016683253,0,276,1,10,0,6,0.6767425913465729,0.0423151214019688,0.9271331650340268,0.9690219125215067,0
1.7186936423135157,0.3051230630941083,0,64,0,7,0,7,0.5558261593708788,0.3358859695612538,0.9508312707894,0.7102928624013004,0
3.843066591039576,0.36065615372338644,1,1035,0,1,0,7,0.11997601853631779,0.9872248338368804,0.1268791157413668,0.7717052974730595,1
8.681548265290678,0.6832797085446914,0,1445,0,2,1,6,0.22529514029731734,0.9643778699776946,0.7055400190859791,0.46172021397910323,0
5.369999384184993,0.787745163103155,0,901,0,7,0,0,0.8858400631088287,0.9841514082894958,0.6473736427147803,0.23831200137779873,0
6.553068500072905,0.9610204085844203,0,1170,1,4,0,6,0.9887795913697341,0.8239309569441101,0.03047359333920041,0.5691405791417123,1
7.830128354568426,0.29540715832415443,0,1015,0,5,0,7,0.6939720400817957,0.5005086520780642,0.6722996615703467,0.35821373017677105,0
8.2812278833752,0.4936364085642473,0,521,1,5,1,1,0.009764672600862778,0.5720193027212902,0.696985159037295,0.46972552634075604,0
4.76284543083681,0.02896093008129841,0,784,0,6,0,0,0.74340065784831,0.07485278537536755,0.6566609382275692,0.5156845204380985,0
5.087931387734813,0.2529878781088879,0,405,1,3,0,2,0.6428255848712067,0.7932747126227417,0.2156994790413551,0.026570743445592848,0
7.180058570877794,0.37400350811964034,0,334,0,1,1,6,0.4118203554438732,0.7490710867382417,0.33236113624133046,0.6085406564455234,0
2.6334235873562637,0.5938062065254482,0,883,1,3,0,6,0.22804581251358236,0.7082972928049035,0.5537602299200798,0.35853480447247954,0
8.544897363655243,0.47084549359917405,0,969,0,7,1,4,0.16569785407255566,0.3825661288071337,0.13842048244417327,0.812104648030829,1
0.2078682447584157,0.36447505977699735,0,1480,1,7,0,7,0.0835368621881235,0.26584897126622575,0.1587527840017794,0.05630036553674722,0
1.9577160220972467,0.6240779665293416,0,354,0,9,1,1,0.639270375506938,0.80991863430146,0.69874900689714,0.5561903875710098,0
8.001999430365032,0.8286156771170003,0,435,0,2,0,7,0.33727457358034496,0.9745375134969028,0.1657086973878963,0.3600193483974631,0
3.4025821189267225,0.24168113298478922,0,249,1,2,0,6,0.51801325910562,0.4234839491590233,0.01668700639804921,0.09329626256321832,0
1.4983283269230596,0.3428758792604123,0,1422,0,2,0,7,0.5252083679841064,0.055514959730845526,0.18510030759925622,0.4136946755649811,0
1.8675475571140332,0.7049236496870199,0,1172,1,6,1,2,0.6073024837908058,0.9007269413500261,0.0755259356746083,0.40927165373139207,1
5.307564019360695,0.7779405987585303,0,495,0,6,1,5,0.5945460109199072,0.6894435927359337,0.2821697669666884,0.7533078698576312,1
8.461815293449877,0.8253968717346473,1,1453,0,2,0,2,0.5190767433523351,0.6714220428725843,0.7603310459177226,0.1520199002343069,0
0.706507157711106,0.20933121889702866,1,1056,1,5,1,3,0.1551177645187355,0.9442579018538231,0.786092013863772,0.830381804145311,0
0.304809091246494,0.5392669612444156,0,714,1,1,0,7,0.027043163774606804,0.6704964107837382,0.0713532710203022,0.04790631468833162,0
4.651681358368432,0.9000110985252844,0,572,0,7,1,4,0.5761848010514415,0.6175094919209541,0.570285691868833,0.5157074791533732,0
9.561874150536347,0.39195045509149173,0,853,0,6,1,6,0.42321999891136264,0.710110908680175,0.08804834886706625,0.6490038106288982,1
2.790098034141264,0.4298830902215557,0,127,1,1,0,3,0.4101186583462576,0.4839440792123362,0.18708620207654691,0.014343188604944657,0
9.591705390670484,0.9848229439006858,0,258,0,1,0,0,0.4300656570287107,0.2869861343747758,0.7842132960248628,0.06913045822880481,1
8.876811765900014,0.11305264603250542,0,1404,1,8,1,1,0.11354202011981784,0.2517876955138274,0.9720083663354617,0.27350320120652194,0
2.831350763875111,0.705601989461636,0,309,0,9,1,5,0.1792679619305957,0.7262451476792189,0.27161932114103404,0.3814524627795156,0
8.169480642561467,0.8501841270408919,0,245,0,9,1,2,0.6621544361894851,0.24260908083061428,0.7767632353973317,0.3465102525089655,1
6.858673025688188,0.1507935166340174,0,1289,1,6,0,2,0.5137814736237526,0.931155634233236,0.3420501002878724,0.9713109879827317,1
5.118223889047572,0.7144532360072374,0,1417,0,6,1,0,0.6096623308122815,0.40299890990600395,0.7845613954577655,0.16694294921366892,0
4.229161430428747,0.46973822201044224,0,1226,0,9,0,6,0.12934062272607505,0.6335688190763069,0.5702654188757759,0.8907355118922158,0
8.155027559254567,0.8528908846746432,0,154,0,9,1,0,0.8141396215565334,0.04279939553857548,0.5463266340983024,0.944576686921442,1
7.930794326950212,0.9074523168359061,0,1258,1,10,1,4,0.37263972554917935,0.44893962991520675,0.8087751227253012,0.17559208935446902,1
7.569363359425592,0.8724849031545734,0,400,0,4,1,2,0.6130719878072383,0.39956103861634673,0.6961702876501902,0.7585878473831829,0
9.982559512152958,0.06438513757901276,1,16,1,5,1,7,0.46565321968004203,0.7546580066280392,0.9707502686484617,0.9981892867554798,1
4.785124609413839,0.7568552768149742,0,1381,0,1,1,5,0.46832307065865264,0.05541989100908917,0.36267002475466814,0.24785331285031875,0
8.069229778199158,0.9215275749858294,1,401,0,2,0,0,0.7785804705451254,0.40235240794648286,0.9550462551079899,0.5027359599000297,1
8.624783669834784,0.621348440670931,1,987,0,4,1,4,0.1103488665065403,0.8581336218714031,0.8276411433419767,0.7588353886497892,0
2.1160258145368394,0.6008760604784902,0,110,0,9,0,1,0.07479021979808564,0.6684987307971607,0.4935371902521156,0.7347768363130014,0
0.4206644205306098,0.045005387398110996,0,284,0,5,0,4,0.1010583034551975,0.7774249518100478,0.5008147606925855,0.833165138962002,0
4.047484021885797,0.8560330222059385,0,1321,0,6,0,1,0.9953001385018342,0.763267356521815,0.9019545917149548,0.34823993530292885,0
8.56736684436776,0.04640356082916153,0,888,0,9,0,5,0.9271481292566442,0.6619459143935266,0.5874448664935443,0.12065995614028413,0
2.8910328119451023,0.31350960638467396,0,1497,1,5,0,3,0.700553475913731,0.3912968538354481,0.3377989542467903,0.6764217102276907,0
7.00010154067424,0.9258630652872155,0,270,0,4,0,3,0.4475458119363861,0.3993932665870106,0.04137516630383242,0.3395619533136204,0
0.07348139064262682,0.9497451427295122,0,1336,0,8,0,7,0.08507121069022161,0.05118210143207913,0.29963062229388715,0.6460646261191981,0
3.553644323202377,0.9919005404759226,0,1311,0,4,0,3,0.8208956917783976,0.19499923489107374,0.2173413324818001,0.4734190639548643,1
6.155166947581511,0.4764022856128862,0,1386,0,4,0,1,0.1894425995166351,0.5580875839565216,0.1290294644576946,0.4586072587349598,0
1.2975719007233688,0.17742954638101083,0,74,1,9,1,4,0.27284204866975015,0.8950794118215754,0.6726231697241828,0.8815115198968385,0
8.966069121474339,0.48794448682908387,0,156,1,5,0,6,0.8407919420444495,0.6122285839359047,0.3956981605822574,0.6404593047573487,0
1.5627397711707924,0.10231292508304923,0,794,1,3,1,0,0.25733440709693345,0.38704788403820956,0.09456660802025652,0.624506324173337,1
9.097935450039946,0.8725361089699698,0,173,0,9,1,2,0.8445764890080142,0.8319342423091445,0.3269825880714996,0.9708517721767622,0
2.163893086829747,0.5605372332665048,0,95,0,7,1,4,0.7859385631940372,0.44876991599676785,0.14041502392782068,0.2697443666306234,0
9.942786739158407,0.4045058991667553,0,1217,1,8,0,1,0.8372902407707585,0.2598813921410964,0.5986040073915992,0.6885141194849576,1
6.047487132955909,0.0795307024808044,0,1042,1,4,0,6,0.674291201976771,0.08007284104433066,0.4269121453183926,0.35552364033723904,0
0.8434489443831128,0.40524067681663045,1,1266,0,8,0,0,0.35212582160049577,0.8285506897485577,0.9342070013332501,0.5989212903085771,1
0.6527723447865985,0.8661916083901089,0,1403,0,10,0,2,0.6531678749685835,0.6159774932194058,0.6087425549317411,0.817110059922261,0
0.7492169625946876,0.7034059324772127,0,213,1,2,1,4,0.829107716096859,0.5808204461858798,0.7651727080266567,0.9227851840276646,1
5.898927472909518,0.08245551751096658,1,1246,1,2,0,6,0.7494195568002464,0.7206701524981141,0.33505616665007654,0.4271016493899361,1
8.095792023273852,0.15990719972617584,0,65,0,6,1,2,0.8620280604987334,0.6050403629272215,0.7544794466720013,0.8320905569573048,0
4.029627417705058,0.3923084907075046,1,557,0,8,0,2,0.983530977034138,0.35052667728635345,0.7347829274188259,0.3350664369843881,1
4.448357592818618,0.10137508268591866,0,446,1,1,1,7,0.6901452673702103,0.6175814039677218,0.9908928943493016,0.6610266733726895,0
5.89287703664628,0.934041191993271,0,355,1,6,0,4,0.9281272054047301,0.14004205276530568,0.6611698811955393,0.8776342124295584,1
5.3304060478635575,0.6522920446308759,0,1077,0,2,1,1,0.27177780511094296,0.29617464453632225,0.9161531352440296,0.6854221232169792,0
6.880617331012702,0.09482300130394505,0,181,0,10,1,6,0.9734827408473072,0.5373135088912893,0.8669156206051694,0.7057337919092503,0
4.717857201630266,0.7880574623804607,1,1213,0,8,0,0,0.9103245665643176,0.06914900674487445,0.918730286019515,0.8376267185671127,1
7.1386068506406755,0.3684059285719429,0,1310,1,10,0,5,0.041242977822186444,0.8217835624318744,0.5731669601537516,0.25244845873430255,0
9.973107425466342,0.24487064455322083,0,998,1,3,1,7,0.5904477871505759,0.04463903805705849,0.2239851017409723,0.7468958268046723,0
3.502978422487649,0.5699849419396911,0,121,0,8,0,4,0.5029716948954321,0.3723663773511354,0.5850272765307822,0.6376440495424733,0
0.12215462915350805,0.013372133120541307,1,894,0,4,0,7,0.8156052526152919,0.4543949974845731,0.9216724257364993,0.5458876066350355,0
1.2562504555165477,0.465397660104255,0,943,1,2,1,4,0.1263401336994917,0.6807068300415052,0.9730185456868207,0.975090915840877,0
5.535141849869538,0.8438049930951695,0,559,0,5,1,4,0.5276392734136568,0.15486939981657277,0.9461670054540584,0.41251353159496473,0
3.4425778714465203,0.9280575959855684,1,550,0,5,0,0,0.5012637962238801,0.8213680314883919,0.44109040389820886,0.23485002470500083,0
9.399825937049926,0.34255470441643976,0,703,0,6,0,1,0.39553902926553497,0.426111018173463,0.8043302271416874,0.8392657439862222,0
6.274460901073829,0.6424365881650443,0,1493,0,9,0,5,0.9921827553347626,0.2511499756438027,0.4885610943215264,0.18512222025374403,0
5.203551859654679,0.22682343836883356,0,5,1,3,1,5,0.5395463960782039,0.09833580072750137,0.6917260704525816,0.7452735492296501,0
7.980395012720187,0.5602130709847091,0,763,0,7,0,4,0.41324440412909014,0.9253131815004008,0.4315370600141939,0.9282198913822428,0
2.5858987104909517,0.254027726153189,0,475,1,2,0,1,0.8564033837242465,0.4033841155238852,0.30257135138189917,0.8215816312158569,0
8.197385402823597,0.5713565086274529,0,823,0,9,0,0,0.13905440036180627,0.38133433146223106,0.44193557853725196,0.6331511959764387,1
0.03061104864092945,0.17172211729323095,1,5,0,5,1,0,0.28756230052547105,0.18024381309474424,0.30697973959747726,0.9231530289612683,0
6.196773621357177,0.9412325567607434,0,1376,1,8,0,0,0.27889192053580825,0.5063382982414764,0.42317846110974666,0.4889087215025395,1
9.34757151045779,0.8869174764072917,0,685,0,3,1,1,0.9337006853109401,0.31988372837971224,0.6776852337150073,0.07567304736143876,1
7.8785995203387005,0.33691824944883986,0,1454,1,4,0,7,0.8803297159983594,0.16592316230788018,0.2007481452108596,0.7349307986511876,1
8.536341921473593,0.7766628889249426,0,231,0,10,1,6,0.6066843502990228,0.7528701932384856,0.6767154668277625,0.7168444275150652,1
3.969546951715005,0.09550413073219455,0,875,1,2,0,1,0.31962942814580897,0.8982657161281149,0.07361987263747005,0.8653761931889768,0
8.242389461001263,0.7403609087054239,0,1019,0,6,1,2,0.46810377191312424,0.3522942345726152,0.0015925803197328614,0.40609933908848705,0
5.508316650302666,0.28245912961270414,0,1194,0,4,1,7,0.5711465389003506,0.28649513876839394,0.2330446864414869,0.14504114823995862,0
6.1854023650319885,0.1356417686758623,1,13,0,4,0,3,0.5400868394517779,0.3733852015106308,0.20235989205392768,0.10267025328187418,0
0.5891533933580351,0.6781912179036137,0,952,0,7,0,2,0.25593534465230505,0.924834806477827,0.8331550603998925,0.3453955615637204,0
2.0155169717439216,0.46980681781938927,0,221,0,8,1,2,0.13048760402031356,0.5836061388954663,0.7560413449385608,0.7929643409897807,0
5.5096441551355255,0.5301396017304439,0,641,0,5,0,3,0.9076363573974575,0.16591179598812,0.6663886232122752,0.521369003417089,0
0.5880105782349765,0.5205297841379208,0,80,0,7,1,4,0.6408473429464795,0.6324852572768319,0.7062529042493678,0.1704355649632825,0
7.4144680658771325,0.05944798210601954,0,85,0,1,1,4,0.14509238342694086,0.40125721227234157,0.6629866540181191,0.24181886535643404,0
8.400570085219016,0.05138024909267702,1,1149,1,3,0,4,0.9898434805537097,0.01740893393556675,0.826451145724236,0.34841089241551393,1
9.203623612948048,0.6011675039480969,0,1076,0,8,0,5,0.4112773161443817,0.9699300692269877,0.5338953928719335,0.48028644179232527,0
1.0176845917980593,0.6238646423554166,0,1342,0,7,0,2,0.7329701180938583,0.11489609739412643,0.017642859835511615,0.8394440580435288,0
9.397202480228001,0.047174556515114596,0,1050,1,1,0,3,0.17671472114371622,0.41349659883678136,0.8633159233802804,0.9923308011511088,1
0.6762000762929499,0.37843933188781775,0,893,0,9,0,6,0.932765696482851,0.6576385424842299,0.4704238268210845,0.5992577656332512,0
4.740562159278153,0.6128512795604274,0,175,0,5,1,2,0.07920730694897904,0.5860233607068743,0.9284259207274527,0.3891824963064727,0
8.402510206278118,0.6566806557530763,0,1147,0,4,0,7,0.9558216431502852,0.004218249411292119,0.8930040218959819,0.18337904823347184,0
0.7031113856445537,0.8282757592765515,0,345,0,5,1,3,0.7271225917233025,0.6078854650101373,0.3993402036535576,0.5110238271698834,0
0.18231072988983632,0.42073228359688086,0,159,0,4,0,3,0.22724457633858008,0.7272714398984355,0.9330729412989961,0.6131209769181214,0
0.2494771870665069,0.5482577811469688,0,1098,1,6,0,5,0.18090574041250518,0.8493223285302791,0.05858408079149924,0.32694084193853545,0
5.112702394360335,0.5785603756088172,0,882,0,2,0,3,0.8371009142205906,0.18394295868222887,0.6623302114129893,0.32392342219602366,0
8.11596744596663,0.312045283300319,0,224,1,2,0,3,0.03992395135105298,0.03675572930282167,0.6814912337633628,0.8285009244093396,0
1.2742667107259964,0.0538254024416116,0,823,1,10,0,2,0.11428011777680736,0.9443799294814708,0.8401305445945535,0.6599641522678769,0
1.2461025407954063,0.0042259262051046464,0,1036,1,8,1,4,0.6728560795241448,0.6804290074908816,0.471444215734653,0.4502669222125203,0
5.685468550497916,0.8361254161185249,0,748,0,4,0,0,0.07736699267712532,0.4549632429995282,0.24056557251174904,0.55771577517018,0
2.342956008119237,0.20023182252238636,0,1076,0,9,0,3,0.5412453950592985,0.7250507895747211,0.04417900903509986,0.5047498979019991,0
7.302137351448739,0.6302546641591356,0,756,1,8,1,6,0.5740528183577376,0.15708024072273807,0.46729074745102295,0.1743750258196718,1
9.496353881767499,0.5770474786439196,0,530,1,7,1,2,0.01787149322306958,0.9583980928457335,0.4532747694033179,0.8703381293418659,1
7.660334066004131,0.39963307674051896,0,335,0,8,0,4,0.3771631807989202,0.654244305532034,0.3563862987307803,0.09099975946987204,0
8.771753663789164,0.8334933087006338,1,387,0,10,0,2,0.02853063743272033,0.8769522874987219,0.6364222665391411,0.21302621602024796,1
5.195860575716703,0.698401595693379,1,1213,0,9,0,7,0.9668853480617849,0.5567083688487436,0.5313806795152562,0.5617186094583138,1
8.323193042175333,0.022741463439172938,1,559,0,3,0,1,0.21532171488504193,0.8008047318199722,0.11555437176417871,0.46113384500629473,1
1.8290318398668237,0.7766940733566847,0,1074,1,8,0,6,0.6897100282719353,0.32767487130138995,0.04812036366863093,0.5953493208777422,0
0.6834789039562739,0.5069988180017623,0,538,1,2,0,6,0.673765625058087,0.1330760550452731,0.8906714332317845,0.9196983106199796,0
6.55953110124686,0.34701928908284685,0,788,0,6,1,3,0.7722318830185967,0.35382067249397875,0.7421706980123215,0.2859977834638492,0
0.5195250375805593,0.7268846565116779,0,910,0,1,1,7,0.33532757818173065,0.8969246165942376,0.4631956676433311,0.15071356460785257,0
8.924814191396806,0.6860656296462694,1,716,0,2,0,7,0.18439800682868435,0.6980915273278379,0.49604636733602203,0.12128799436703841,1
6.915541471074186,0.31058823786894907,0,1115,1,8,0,0,0.5305022121919936,0.4562415772135501,0.1144544675324547,0.059060878801256544,1
9.52200725408912,0.9830388714978814,0,1386,1,4,1,4,0.6943367064807456,0.2352118361297133,0.26351104241593104,0.7907545245132372,1
3.1388665631323565,0.6487084867117533,1,1292,0,2,0,1,0.7553013388756565,0.5980446623623257,0.8247751467170291,0.45746978979460917,0
4.861583092016208,0.6057797124538936,0,1382,0,10,1,7,0.048915402214950054,0.592903216416218,0.12634059164460854,0.2558012227543859,0
7.416903650451189,0.06988036348177207,0,44,1,10,1,7,0.7526597467311449,0.5309202705078404,0.1042967256831473,0.674072348575646,1
2.4277898546082053,0.27931878034473745,0,1138,0,3,1,3,0.11243225432953796,0.7378037441907803,0.5581372149424008,0.7773617993087867,0
5.418488201116669,0.44697400232644147,0,1089,1,6,1,2,0.5246458211574954,0.2428132854024212,0.8403144936966435,0.9371285402925758,1
6.594672750054781,0.6306257043096763,1,618,0,3,0,6,0.5554110557758692,0.5109891956927999,0.37912126786348554,0.39943747118842465,1
9.788086544470412,0.5127636307303778,0,471,0,9,1,3,0.12705019288690322,0.3084061507075716,0.6458745522713104,0.689420400122021,0
7.4470329424238475,0.7630329334713912,0,79,0,7,1,5,0.9639979257625011,0.20560054961989183,0.9021457493109418,0.2706287850649265,0
1.18130850279074,0.2625677124679019,0,1257,0,5,0,5,0.6380164183098064,0.3327814329803267,0.8912555139427539,0.8654806932060988,0
4.753334513833103,0.7021569952824843,1,1260,1,10,0,2,0.2238914438436228,0.8029477919254768,0.4678740683937307,0.9086944981302337,1
5.887707829895721,0.8165970468911625,1,113,1,8,0,2,0.0508976777352963,0.11388766040838005,0.2955824476391854,0.6302503951699634,1
1.4662314286435274,0.7650499755829533,1,873,0,2,0,7,0.7750234245648642,0.27548125706844706,0.573383721715172,0.6589493379847131,1
4.319660569810784,0.7708465845880335,1,826,0,5,0,3,0.8413156418663155,0.5330250723973375,0.9241985095239318,0.659616115986593,0
2.84005816335823,0.8885070572621654,0,258,1,9,1,3,0.09063006519844419,0.40096830225588276,0.6808635360248185,0.5915630446750261,0
1.1882754226202596,0.0841785424804895,0,823,1,6,0,7,0.2574306951579124,0.8276755093412075,0.9551722810966224,0.43878291779837697,0
5.120419334634545,0.697191571374103,1,1217,0,1,0,4,0.6423778799888643,0.7792415731485439,0.5791620925410408,0.7403231357869562,0
1.6563308101234542,0.968678201116461,0,489,1,8,1,4,0.4189771357721638,0.6779189165801028,0.021223070173666314,0.9766226867605202,1
5.9053740858572334,0.5736506498745382,0,1088,0,5,0,3,0.34251228854120375,0.28249784463736616,0.4479241308271399,0.7458044156794079,0
1.6969693224186544,0.2173163119843926,0,1455,1,3,0,5,0.42445128477157734,0.02121884235783733,0.903274738383689,0.3095668389291638,0
7.235949236028211,0.9987538057742129,0,682,0,9,0,0,0.5053045475277316,0.31390510944779226,0.033764524234915605,0.5004362945768391,0
1.952416230296704,0.17467729282147892,0,160,0,9,0,1,0.18466258917294498,0.60095667194426,0.6179936653423691,0.5970619702761657,0
8.962851007761495,0.3355576973748593,1,446,1,6,1,6,0.388063199162446,0.10144751120068884,0.37792926855473663,0.08221316054742256,1
0.2620935654880885,0.1720621884171678,0,204,1,8,0,2,0.06982543971617783,0.8235822454441057,0.40363067153569676,0.49199184360686987,0
5.219973870457359,0.46451286875006825,0,529,1,3,0,7,0.0060556406596573575,0.9865965758407345,0.5675754530902435,0.10245707989683794,0
3.201047658865469,0.4188760096109583,0,966,0,8,1,7,0.9751933316635375,0.7375606918001083,0.4115758402685541,0.5105156486835489,0
2.250765257745908,0.4912408965105728,0,303,1,10,1,3,0.05480786067986376,0.41461254922140667,0.9201406146062617,0.08698263638637105,0
4.716027791651481,0.9279834000554296,0,771,1,3,0,7,0.043477894787325444,0.7972183855250813,0.30369293656849605,0.3613675669110338,0
8.420195363242607,0.4783243858342251,0,1497,0,10,0,5,0.8899619756893257,0.27259659010024395,0.7592813976484317,0.9544851221141152,0
9.152772055266487,0.5146263262136441,0,396,0,1,1,6,0.976036810274188,0.9541100522657393,0.09207949362385881,0.007463520769628196,0
3.0324861814784576,0.8866821059184681,0,1319,1,5,0,3,0.8445348259554439,0.3666091986034018,0.33284342935629285,0.2742701694664581,0
1.5424362209507125,0.8177579940148323,0,456,0,1,0,0,0.13955045272413935,0.6898935855286478,0.15787297373955833,0.37173778411015224,1
7.201404475663073,0.23972203122544422,0,921,0,5,0,4,0.6395316698515748,0.018916153124802215,0.21982457206639183,0.5900230903120581,0
5.819987254559883,0.012925955228850206,0,235,1,7,0,6,0.6969245241400942,0.6307188271482967,0.5644955363855085,0.9654425837324304,0
2.010161486775599,0.6294995922020511,0,402,0,9,0,0,0.7716625054705761,0.2960283771369646,0.3420380955791774,0.6397491025028489,0
7.602957880874365,0.84484982383752,0,1301,1,2,1,0,0.11288886858525293,0.10212547839226249,0.04875282687723359,0.8937808771661214,1
5.189304352421411,0.5528501126104001,0,884,0,9,1,6,0.3907527310334583,0.4335423125046999,0.8634026552273691,0.16260172653254212,0
6.533951995074076,0.21117692001284516,1,854,0,10,1,4,0.27609692378033435,0.10585431972674963,0.675394127574505,0.28859850745046534,1
3.5933903396338875,0.7413550906753068,0,766,1,1,1,4,0.6545160126021791,0.18506251803362306,0.9552153314656417,0.887060172769648,0
4.39097561302376,0.6695392826112699,0,367,1,10,1,5,0.34360151529733685,0.8951362230675756,0.8004477499944269,0.005177284390408987,0
1.803420983749422,0.5650325374085529,0,1393,0,10,1,5,0.5088226033108266,0.0634508311613523,0.5593729790152182,0.4537777499488852,1
7.565158676453409,0.8633361740209837,0,590,1,1,1,3,0.626437458390397,0.6249957284848869,0.4603744671257928,0.4528870585090772,1
1.5701132415179186,0.7842423529390328,0,17,1,1,1,4,0.8658106001180402,0.06028782665525845,0.9466095389289841,0.946254824297458,1
7.783025947510613,0.6679520914227803,0,1360,1,8,0,3,0.920916832417815,0.7180498447070561,0.42398220977459755,0.4492200123757315,1
7.98007854884586,0.6647586690232183,0,69,0,5,0,1,0.6934478402185076,0.9778904828438983,0.5448988140728518,0.9063306180349792,0
7.466009640551217,0.6622026342982749,0,1330,0,3,0,5,0.15639131307354026,0.42952985941470867,0.3337361998845557,0.5853210627171356,0
0.19422788058740426,0.525164744916564,1,399,1,5,1,3,0.8889171436621934,0.9681510799188379,0.28063338771029034,0.2999732010583436,1
2.731332126066736,0.463921644643847,0,103,1,4,1,7,0.20451557355798766,0.6414878307627125,0.8455552579479403,0.1482661612413595,0
4.6833774279181375,0.7096004594987196,1,330,0,10,1,3,0.05318829088752086,0.5954682831554992,0.24701216649486413,0.49020117216720627,1
5.955443787167958,0.6104944814702311,1,981,0,3,1,1,0.43727115131929417,0.17116783104013011,0.1440480659287423,0.017643212077613213,1
9.192220993690501,0.4899805623005431,0,818,0,1,1,6,0.6846382456814136,0.9523588184885574,0.7280389750816969,0.3352094196694445,0
3.7560597212870226,0.1266613539110416,0,229,0,9,0,1,0.1493643471875905,0.8615492224038878,0.8411587706179872,0.5230671539218359,0
8.750233187739541,0.7019287886531655,0,450,0,9,0,7,0.2993657198653682,0.13175668279705277,0.927722862841991,0.5582880928589058,0
1.6342928813683655,0.6459985705779654,0,316,0,9,1,5,0.0800599406170831,0.028637997625840406,0.6670166913076249,0.4439328993861952,1
3.7128048750862694,0.3422484259735036,0,979,0,10,0,3,0.6182064035467875,0.3590528168111362,0.34837890209589173,0.9639698415931375,0
0.52282010821323,0.35632316621507676,0,1296,0,1,1,1,0.7082378125391857,0.15942941796638088,0.5106785880527773,0.14824187420021606,0
7.424892910556222,0.24672238413525227,0,382,0,8,1,1,0.5196867457791816,0.33615296555328633,0.18626970802689125,0.9974931588054187,0
1.5065275743291295,0.9619152563650188,0,1342,1,3,0,1,0.444432088196857,0.9584624087217061,0.2121031517507651,0.6913803576455567,0
2.570200156484578,0.8602013628687226,0,612,0,5,1,6,0.8477016957434929,0.8619027494453438,0.8962612570474395,0.824993050124144,0
7.752332521932148,0.5610490294122168,0,124,0,5,0,1,0.41918575033139827,0.4401209480269783,0.8488367806051672,0.6343254082152674,0
5.3471671742271,0.40165314655851425,1,483,0,10,1,0,0.4417696385413368,0.27583086620499664,0.2789773032570555,0.2149323512464526,1
0.13972719418462565,0.7368252636964233,0,1310,0,6,1,1,0.5773280977186239,0.5778074103056783,0.38041876936157326,0.7506523345894817,0
0.022352047473971348,0.5277281761259972,0,1212,0,3,0,4,0.7038494239145373,0.9374972265060418,0.958792132818273,0.8481900255470469,1
5.10660631739897,0.975851033915114,0,1092,1,1,1,3,0.7770305485216379,0.790652289943967,0.3919846724746191,0.7519335582902482,1
3.0495551374919483,0.05512261392215456,1,598,0,6,0,2,0.04081996893853446,0.8677531537454494,0.3274447297467582,0.8739444224047883,1
1.8031144599517712,0.034285734053475125,0,1163,0,9,0,7,0.8511565765419989,0.7611114688594867,0.20061646541641698,0.06352772089607117,0
6.135939377161109,0.5686110179733733,0,1065,1,8,0,2,0.45132184388929586,0.5036541038392313,0.4076549904534248,0.9619515060822901,0
2.284364717174271,0.20327922268890675,1,1187,1,10,1,6,0.90587246712319,0.14150757780520806,0.36362110414006676,0.9391905660107918,1
5.92207149684948,0.6043041635501925,0,836,0,1,1,0,0.5363432060547056,0.8186099675603151,0.7348078616631109,0.8969930781065882,0
3.792659505862729,0.7814230285471774,0,760,0,5,0,4,0.4758331052862882,0.6509696828367448,0.3469898713639925,0.6374079517853879,0
1.8674621766978972,0.13810976118487284,0,1450,0,7,1,1,0.1953864462339705,0.7726770162733181,0.4583125648435371,0.8466846129186583,0
1.3810473786874866,0.44060822418952794,0,1420,0,9,1,0,0.46960412486761705,0.7340097797846171,0.32135933445148557,0.6049028841158096,0
2.368606031272881,0.6886670834493552,0,804,0,4,1,5,0.4929296626987384,0.2461124634552322,0.3193750965206922,0.4922087200257681,0
0.2983210801298508,0.8338635706729712,0,300,0,7,0,5,0.8944782867139368,0.2856684422154907,0.25122637174659534,0.9310101744179744,0
3.0812696203626846,0.49634409003635727,0,613,0,3,0,4,0.8870861739387651,0.8563771987199228,0.4981130191800123,0.20754272433555887,0
9.019546901817941,0.2061535869060216,0,757,0,6,0,3,0.486414666658902,0.40727499268468514,0.4290226240888235,0.851576418859227,0
8.313621258830283,0.585799255585633,0,1015,1,8,1,2,0.8675673644596026,0.17772414643015855,0.057573327743076885,0.44054594720348594,1
3.720037567196589,0.45451706872499953,1,477,0,9,0,6,0.8543907356601724,0.6427100872419855,0.9305514926197441,0.2919394060235243,0
5.758336185818038,0.7719254270044859,0,68,0,5,0,1,0.9483850740012622,0.2983171832448509,0.3487966825641895,0.5061950903901774,0
5.673605590140585,0.555576064202948,0,1233,1,5,1,3,0.361603313951121,0.642678182067326,0.7575468361950196,0.6372995056522349,1
8.287375391937124,0.2794228449704308,0,1423,0,9,0,7,0.21222813425320097,0.5900635226885114,0.9069288691698061,0.18273447685113653,0
2.362901015169656,0.7543929197211882,0,124,0,6,1,5,0.9439244883421317,0.6631374123944768,0.011396067764782858,0.7511543612064028,0
2.9638748879301238,0.5177470129619597,0,477,0,4,1,6,0.5848613473852097,0.9934337859579191,0.12331587993720994,0.39462999824651657,0
3.0178543374561153,0.1775465522783275,0,650,0,3,0,1,0.4666575997905765,0.27730933429956084,0.19054812926707976,0.7037103852552454,0
0.4086998977167433,0.5630723231419945,0,1140,0,8,0,0,0.41145828969225984,0.975636440238624,0.8858102224000374,0.15714600178011173,0
3.146878632891922,0.9483200598458729,0,1160,0,8,0,6,0.08475207897821047,0.7634625143136599,0.5456676825882182,0.055976909139098696,0
8.779137765880069,0.7055162609377361,0,514,0,6,1,4,0.2040944637531894,0.855399398985732,0.3109426447090722,0.1615581302679735,1
9.11987647571481,0.2988033614579789,0,468,0,2,0,6,0.2915826531359039,0.802496721055662,0.04411758407758215,0.18053843934558422,0
1.0963534576855039,0.7108731752928581,0,607,0,2,0,6,0.551316915700874,0.02296225281921105,0.03549634097961463,0.7615341899276508,0
4.580585416184314,0.2826063110021789,0,360,1,3,0,2,0.516711691628258,0.5036890531862512,0.5775134687013608,0.4925658745100773,0
3.8134890158763914,0.5426888375412618,0,654,1,1,0,0,0.5428664218825594,0.10576554955578221,0.7031234015879366,0.7640241930316948,1
4.893591966233879,0.5265957637875528,0,393,0,5,1,7,0.07646149933574276,0.6734789519846663,0.385569300598645,0.7469699852090373,0
5.547195240586772,0.24739087891180367,0,90,0,5,0,2,0.009773195215062813,0.05964410782651408,0.28758988237733973,0.24525990932881614,0
0.2025876001774607,0.347881199879818,0,1070,1,4,1,1,0.46315196831070016,0.03319848987884211,0.8065557277333399,0.9109071662106479,0
8.422422479211608,0.9421814547860456,0,1180,0,10,1,4,0.19348253189264553,0.906730463812911,0.8655428228736104,0.7690638793645587,0
9.736640731733385,0.2505985364154336,1,430,0,3,1,0,0.8916801343361894,0.9170576210035757,0.38348405705329913,0.08537205161190531,1
6.534048120036423,0.8010270436309859,0,601,1,9,1,0,0.4309125698816718,0.623770657499903,0.7481927250188966,0.572345734594024,1
6.604522384933692,0.66737058001214,0,604,0,2,0,6,0.3519923321723094,0.4599269589645103,0.8694526088904388,0.41271574240978737,1
5.279798578307084,0.5326291325257645,0,33,0,7,0,0,0.5440055325093323,0.8284941413365167,0.3805691206931958,0.45947679445290157,0
3.3427341171438174,0.13751486946516345,0,818,0,9,0,4,0.628601851718008,0.9642207996679507,0.16073694202153876,0.3671195487784158,1
1.489778241795211,0.2045707527063778,0,687,0,9,0,3,0.0819673627339308,0.0542914600807356,0.3684184909544609,0.4962887149542171,0
5.8406334269605065,0.17897762359040392,0,1411,0,6,1,0,0.7413381919183852,0.10352719014331602,0.06220953143321095,0.35560214190417583,1
0.44941403509207056,0.5867942589737524,0,557,0,3,0,7,0.1375788734710689,0.9050880131001008,0.03557056732003694,0.46284314006654015,1
8.24502567691874,0.9733831967184781,0,1191,1,4,0,1,0.3867326515256133,0.0993965535627308,0.8248954873736543,0.5447214167084984,0
4.209116994706155,0.8772392627749948,0,585,0,5,1,5,0.35686762024080076,0.7141693902332499,0.852766387608447,0.7306002135112851,0
4.147542241619748,0.025251882929577252,0,277,1,9,1,1,0.5691618540772051,0.5535103304096777,0.647322960675027,0.1514883988274499,0
3.2717085847590575,0.2737266244623465,0,522,0,4,1,4,0.6894677106705485,0.5216363031102792,0.8567149294199883,0.1335158222488071,0
9.693538886985865,0.15725745893702214,0,1324,0,9,0,1,0.8008184360028818,0.09764208625652859,0.9354665138431706,0.49786865284378523,0
1.7491695277071884,0.9756778418979017,0,384,0,10,0,7,0.52714553121848,0.7287078389550155,0.6864372790250215,0.4749853893596526,0
1.5130782147521116,0.23561023459781505,0,1267,0,2,0,3,0.155391806803295,0.6020104503704167,0.9116375111664443,0.5638613000047865,0
1.6553150154503016,0.20131318503879392,0,998,0,10,1,0,0.6959537881350227,0.9288420128849969,0.9195823110398491,0.6133821567431614,0
6.58527482850764,0.6208752935822592,0,1117,0,6,1,0,0.47879951502343565,0.48099278345839014,0.27446150362091837,0.2741197457438671,1
9.918953187295983,0.5561865835747865,0,1128,0,7,1,4,0.5889333247778459,0.9124161566161313,0.9499415348728011,0.6477330699433179,1
2.3547517040175467,0.22585148378123487,1,775,0,4,0,4,0.44370744699117404,0.18389353171491762,0.9838442992569117,0.49566897258266773,0
9.056173970674879,0.6703648645372422,0,902,0,4,1,2,0.41629399045353666,0.2038908372646967,0.2797579704473615,0.4958898671259647,0
2.786165592081724,0.09700721129468914,0,104,0,6,0,4,0.7013588990787624,0.9489784695915259,0.6274522836760266,0.5939074434875031,0
6.478999201253002,0.019369066030892168,0,1048,0,2,0,6,0.5241085748692956,0.09938103347556448,0.22019886872343852,0.6121213205634537,0
0.4049895193336772,0.08241479070634683,0,1067,0,8,1,5,0.8677975058776247,0.23653943748034756,0.3937553241083226,0.6168972093450661,0
4.95653974576189,0.3648682259757726,0,155,1,7,0,5,0.7434459728665488,0.141353100555893,0.6240585098930724,0.8306091246474037,1
6.545699662789818,0.9750163278748174,0,777,1,1,0,7,0.47631182307738973,0.7097306335557959,0.037438325280435336,0.4995003045969034,1
5.363197772226286,0.5472469988093639,0,763,0,3,0,1,0.21420831992942824,0.7802405175015571,0.6464153439372309,0.941037305383308,0
2.3783538488179112,0.7547261030154672,0,464,0,6,0,0,0.01757462131394616,0.9014754032676285,0.48604245767949217,0.9464152153301447,0
8.284969482679156,0.32149575223155935,0,99,0,8,0,0,0.20539983560064123,0.1468058962779223,0.123773029604764,0.33536363728886065,0
9.701365112382403,0.7193390654833292,0,14,0,3,1,0,0.28126996187390874,0.32173833929882234,0.6845919258137598,0.881252485546694,0
4.591960956920653,0.9661811981223575,0,312,0,9,0,2,0.11811320040476425,0.3171953761689055,0.9424692033289999,0.42094268925820433,0
6.359192651892537,0.35776089028205327,0,346,0,6,1,1,0.669091036501902,0.973472187915084,0.0022510186835541512,0.9743001464730893,1
7.9041326834557255,0.999059434735025,1,317,1,6,1,7,0.32607771991656964,0.5829078655236153,0.4377571175336258,0.9274027629385457,1
2.4148906062179396,0.6384099510316661,0,908,1,2,1,2,0.03024558529840715,0.3374981254419699,0.1261414007707149,0.43950290161509986,0
8.644503819287854,0.7485914124647238,0,631,0,7,1,1,0.4368774322040646,0.29873625879268095,0.20700696480553316,0.3494469679514355,1
2.802009053099975,0.25216723884814995,0,168,0,9,1,4,0.7843138456173323,0.31901496496016735,0.491606911800045,0.6860242958893141,1
7.758308035152388,0.6430907691772416,0,125,0,3,0,3,0.33974785252626716,0.7121811402873026,0.29130413405879896,0.3675580265362709,0
1.1209923242642206,0.5110062514623874,0,983,0,6,1,0,0.9023316718435405,0.5492829324892818,0.6491642469716423,0.660368683879467,0
2.883867034141697,0.956402645477436,0,1401,0,1,0,7,0.8527934035191744,0.6236104994994899,0.26403847201417696,0.42133787184260507,0
5.336199339398677,0.9046750477895155,0,1229,0,3,0,5,0.8893783582476333,0.47050505382003704,0.7762488475419183,0.501877902795995,0
5.249220957043152,0.3966725989250772,0,1136,0,1,0,6,0.667789903853312,0.026255968367898896,0.18347099508953313,0.3787183217544432,1
8.504311844863663,0.9468697515382334,0,477,0,8,0,7,0.8065953156184944,0.6871079026499596,0.9072457573410806,0.7966982513156723,1
9.961272576386072,0.8848125527500097,1,1055,0,10,1,7,0.38897510684590386,0.7241267216183577,0.4001483621308991,0.601374141937236,1
1.0721084586014062,0.5903838503691392,1,122,0,1,1,1,0.6932190306824361,0.18024872444999573,0.05545940519119108,0.683248930760932,1
2.7138813282503707,0.08211790878954028,0,257,1,8,1,6,0.22390063097504942,0.6493731979801891,0.0997207056860493,0.8209267202780809,0
3.575982102230758,0.16079024065953773,0,209,0,6,0,0,0.20471875613217594,0.8775471528288817,0.5329491426436882,0.7962344362521487,0
4.7891840781000505,0.07687424467380022,1,275,0,8,0,2,0.9436150142309763,0.6027685684032276,0.9110334121737695,0.509526441278767,0
4.93909743154399,0.10799311464906103,0,536,0,6,0,6,0.5488170785186641,0.6685409293328257,0.5153425118023336,0.254208917436924,0
8.561950631484166,0.9769523743930777,0,65,0,10,0,5,0.0716775649790351,0.7007123418980362,0.4501778256483975,0.3634002330574633,0
7.705593027850997,0.2121672992161523,1,1220,0,1,0,6,0.19730102139317784,0.3243351604727177,0.7727988918128019,0.5520343369314028,1
0.18851579037953314,0.690854582340663,0,1072,0,2,1,6,0.4613394214627804,0.15429525823322343,0.22679411654010329,0.2387620687334494,0
4.550217605831879,0.6365282576827697,1,951,0,3,1,0,0.8458925546061631,0.4726514057385329,0.6766422970311181,0.7808235719166655,1
6.180738382440888,0.6311448648530038,0,263,0,8,1,4,0.8959531759845535,0.23179610051990363,0.21827060738756543,0.2293607880783216,1
4.603955870930234,0.2067039995960298,1,1301,0,1,0,4,0.11345773337627951,0.6869934181411287,0.84533308525748,0.33520205647297796,0
1.3064525602570232,0.5793465943846096,0,9,0,2,0,1,0.06202860189614379,0.714923860976646,0.8813332317702102,0.6327399630376566,0
3.9747408369064816,0.6255383495849516,0,1491,0,8,1,1,0.12168818594489628,0.008182312715612428,0.1945774520855822,0.697695670118597,1
4.116556951297361,0.5704053166451111,0,1090,0,5,0,3,0.6713951925878322,0.9542012282407931,0.14357192210510328,0.3946425054082471,0
1.8771592244975877,0.18616246727567864,0,303,1,8,0,5,0.5328295187202159,0.925001685612354,0.7233409416537528,0.7556972621206752,0
7.563071144709534,0.7230605970747089,0,295,0,4,1,6,0.7378911179359812,0.13193891023173798,0.6528460559270606,0.9019766126180531,1
3.214006801424768,0.07324316191651103,1,1042,1,1,0,5,0.5933598476524572,0.4777945416813728,0.6216552846827361,0.16439691147276225,0
5.889872905686162,0.5912000118196219,1,1212,0,6,0,7,0.09588529854445393,0.20902298050424983,0.5093872057389439,0.9158987240056071,1
5.1573018095876755,0.4362593324013133,1,699,0,2,0,1,0.2576319635172385,0.9639178590019994,0.129061028044269,0.5380759581324419,0
8.774270792163888,0.25028659313307366,0,90,0,5,0,3,0.3315515258067554,0.5660326646683316,0.7194776757376607,0.4488328690800052,0
1.2201493186283818,0.8073889890261388,0,740,0,9,1,2,0.7076964407615751,0.7001594160759891,0.1623272325699907,0.7958351850329317,0
1.1426300825346014,0.1758925666721839,0,719,0,2,0,7,0.5968520172905838,0.9778854686047291,0.5428395310297062,0.7840756503355143,0
3.0031966912301575,0.932981759897951,0,488,0,3,1,4,0.9468235670118218,0.6730011798932989,0.3466155212892681,0.6825322346052846,1
4.312149681258351,0.884565028321187,0,1354,0,10,0,4,0.14552268164116378,0.8707750613295201,0.3316487990973179,0.40850520459749895,0
2.9854224875213955,0.36058754716208297,0,513,0,4,0,4,0.9386263202879629,0.24055202817772736,0.8322606325053714,0.2672679979617344,0
7.631870823952438,0.3051529308585933,0,365,1,4,0,2,0.22015041888009956,0.22939142515993471,0.45621520076031874,0.36035980791817535,0
2.4526584310929964,0.13748668341890213,0,1014,0,7,1,7,0.3434670086372684,0.4411965758127785,0.49345912745033327,0.5732852390472535,0
0.8477474277224473,0.9163278159339558,0,927,0,2,0,4,0.034579248910882265,0.8814768483142524,0.8961917646843058,0.563974832729752,0
4.137998098841475,0.627531858823272,0,931,0,1,1,4,0.2965273827285604,0.03912021513077446,0.5584470867497316,0.9239471657294459,1
7.73379288138484,0.031783582143403155,0,756,1,9,1,5,0.19970671720532662,0.44138375089940096,0.8013050639149653,0.45666868762526613,1
8.505619435867413,0.5109994145616105,0,477,1,10,0,6,0.2172511608673473,0.8249079200003782,0.8628685719095791,0.6666351895336096,1
7.333448483633508,0.0857989478293869,1,386,0,10,0,3,0.5722038347324372,0.17745259319761508,0.6951820424873231,0.6600455496881404,1
5.578866784997441,0.5737506849528418,0,177,0,1,1,5,0.7807872019326672,0.6157254404718091,0.14402982384259688,0.7316857811822697,0
7.241917017491767,0.5089617183208125,1,278,0,6,1,6,0.7449573120141713,0.06996207777370878,0.11925740389403894,0.9914588934379321,1
6.813895353038614,0.08284604550272201,1,867,0,9,0,5,0.8291477780826594,0.010371590500981687,0.43422474862231963,0.802028557347565,1
2.3436663249506084,0.8158605931167728,0,609,1,9,1,0,0.7313359663734036,0.31890227425520745,0.06318819533898046,0.0396512357695763,1
5.507588922031937,0.26231717716627767,0,1109,0,4,1,1,0.9765055894652503,0.8056434532219616,0.30071693792310195,0.8116081601279793,1
7.70609332638432,0.541484364166699,0,1206,1,5,1,0,0.018473382517667836,0.04133609717302522,0.2084703449430586,0.9998914873699972,1
3.1712066187513823,0.6390388766305344,0,837,0,2,0,2,0.9878960836656094,0.36479924585908974,0.038648304345322626,0.0379182927312518,0
6.5397314671693145,0.9623045335751665,0,156,1,2,0,1,0.4098286456048075,0.7286306342194762,0.39913120559764126,0.597186042837335,0
4.814804275187985,0.49381169287984594,0,5,0,4,0,4,0.47780415763996986,0.36913357557691495,0.24908004471439626,0.5994072565473898,0
5.0315885094502,0.9173157722879235,1,342,0,3,1,7,0.5773500257328434,0.478806597721534,0.10194757281272615,0.5249129934495546,1
0.9005503778215973,0.35485734134769886,0,423,0,10,0,0,0.00852327017583876,0.5003493281139889,0.7302976949310347,0.875307323035325,0
6.6621716530537975,0.8574372016499949,0,110,0,1,1,2,0.1817099831463257,0.9079654333963866,0.9125792010647574,0.8143216321955861,0
8.656870353545202,0.23582622695141675,1,1167,1,6,0,0,0.4459705888790223,0.8758916697444787,0.620759753271692,0.1720447153162934,1
1.414312880258628,0.7074797624354178,1,550,0,6,0,0,0.7695173257391974,0.06362527623737002,0.9293222715004068,0.10299945223599938,1
3.6610566221644936,0.08861199375499651,0,1113,1,1,0,0,0.8700880905675215,0.6922103733506324,0.16646094409356516,0.16658605035968566,0
0.4866745484083501,0.9860503566836593,0,313,0,5,1,4,0.14773358024972616,0.5429194480914306,0.7680885937526507,0.8867222187318577,0
0.29631885976391104,0.953936399862368,1,15,0,10,0,7,0.2629865572749579,0.35452002333817767,0.40860764772449454,0.098409452972407,0
9.896584966717437,0.4422136385173777,0,205,0,2,1,5,0.6073703862539567,0.49254810180716035,0.4895300843374166,0.6461730187512468,0
4.934715083063846,0.5239352179902536,1,705,0,2,1,5,0.36098305168378153,0.8798054373787128,0.6642833402448174,0.6832776906036943,0
3.5551901863524638,0.5977748623180221,0,719,1,2,1,1,0.29791312391588476,0.7730580466839271,0.7835423861591654,0.21812032262441927,0
2.748770766250189,0.27503755968967003,0,655,0,1,1,6,0.3833208868713329,0.5680725944742405,0.05981819310066494,0.22977937529008152,1
9.800126449449591,0.6744714352051626,0,1439,0,9,1,4,0.7015957845078876,0.17560372618576492,0.38818127262264346,0.8357155155939646,1
2.522507855216837,0.698561946604516,0,978,0,1,1,7,0.19860008411311203,0.6186566549690325,0.7649801500106947,0.42008078599635745,1
7.257083957377432,0.5250764923252756,0,1097,1,3,0,3,0.061906006701777594,0.4980240909192686,0.5349500990815116,0.4994732707043694,1
2.837580958059338,0.1477406924852177,0,187,1,9,0,5,0.0034568995356770715,0.44688244615828787,0.3416902364543738,0.3971541998618532,0
0.7048950535691911,0.9191859438916,0,698,1,10,1,3,0.5266699174835004,0.9438298423333321,0.04053105885709862,0.18319292366070894,1
6.832766145179413,0.11504508234561528,0,932,0,2,0,4,0.2500173706230854,0.9926304114225385,0.00736316385286373,0.4392862330459071,0
0.016308476298648733,0.6291721687105114,0,877,0,4,0,0,0.5616386396811954,0.9513593467536794,0.42510224050295986,0.2693192308975523,0
6.757485115605695,0.10308859660975511,0,1420,0,2,1,3,0.8809915193796051,0.7388753764368114,0.48359204361369323,0.3001628446726191,1
2.5037659898982314,0.1461007091329226,0,713,1,2,1,1,0.29365795833251485,0.5988675063110629,0.22919901949518573,0.20171713005297587,0
7.461042320715013,0.020538314028828997,0,557,0,10,0,5,0.1835704626339656,0.3194333123025451,0.7996250336316335,0.6265392341830378,1
7.697501673506494,0.36336408385675956,0,1416,1,4,1,5,0.0015753071587958356,0.9471807574162351,0.7234573415608888,0.28685666812009936,0
7.241072388175379,0.6395825644220379,0,506,1,7,0,6,0.9813529232906857,0.45562025814027807,0.18818648047131814,0.16565972523303385,0
0.2448344146761039,0.521544219732872,0,855,1,2,0,3,0.5168267138614082,0.2016300634333913,0.18799438074734798,0.8084242741865032,0
7.037366196437684,0.6745391512484857,0,42,1,3,1,6,0.8020944688477823,0.11074039467582741,0.8648483654519473,0.5758577799875103,1
9.901456140557631,0.6750188608709529,0,248,0,4,0,7,0.8580994614040948,0.8357844467091534,0.9191411354272365,0.8588859413530976,0
2.4262536852562286,0.14017374399423865,1,86,0,6,0,3,0.9952144831846805,0.32816470491672867,0.984555235184087,0.7814337820189258,0
2.7423857222533856,0.05733740342171556,1,626,0,10,1,7,0.8596329593839768,0.7662220028370292,0.6863899104782943,0.37181921683085495,1
8.135265495805395,0.6253581404346699,0,1397,0,3,0,6,0.2940587875693236,0.6273917152698852,0.9289221029009539,0.5616708437154926,0
1.6039680505608056,0.6532243049752426,0,106,1,7,0,2,0.5643666106845482,0.2835226839558672,0.14850311132023886,0.9869953525675998,0
6.605836755045516,0.5567037351417045,0,1463,0,5,1,3,0.9627355126803355,0.8506693520367185,0.15570886045002275,0.3580243279743295,1
7.550263775005784,0.24576246632407073,0,1303,1,8,0,0,0.6333780250448929,0.8448747901522491,0.04153669864464493,0.23950395687720527,1
0.37160661819357177,0.8107652169822539,0,8,1,4,1,3,0.769063764918937,0.1718232407297139,0.5385255747171132,0.16317039233547237,1
5.537620942652262,0.07568601549625709,0,23,0,5,1,2,0.9066618591642623,0.12174642002582803,0.22127413714995348,0.9399258115571654,1
5.7587725853588285,0.6323117893213593,1,1351,0,7,0,2,0.6136530046142664,0.6005102967468762,0.5688120648883611,0.24957957175532508,1
3.034428973917942,0.12041153587937214,1,877,0,5,0,2,0.692466555884671,0.23340820723085298,0.007681700011249237,0.9276217898698694,1
8.763446693975173,0.6544477164332296,0,260,0,8,0,0,0.5882736626855685,0.33218784879334673,0.5289585978537036,0.5918302089477003,0
1.6274971929985638,0.41772578782349645,0,1430,0,1,0,3,0.3386375108680476,0.9367161364517543,0.8889113637132166,0.5900768998066683,0
3.6419470950586055,0.7181030554376714,0,842,1,4,0,1,0.24879518383525123,0.17555469281258285,0.7259126788135768,0.40022315594373514,0
8.486686871473294,0.05219220247693468,0,952,1,2,1,1,0.6335343046021957,0.4704928414354549,0.36700658361563376,0.395948830245046,0
1.906427566059925,0.555082988480368,0,1017,0,2,1,5,0.9811237479197745,0.29490412311429093,0.06824410852266194,0.32076456655283525,0
8.21374136327675,0.14487789888007963,0,302,1,1,1,7,0.9161374895035903,0.34793065243123467,0.24512812691556884,0.7294228619763425,1
0.7906917736795571,0.6823816316104737,0,538,0,4,1,1,0.20985927475607702,0.3700920592306751,0.5033578696312434,0.7387560679114036,0
4.8922906718999,0.11995563131168241,0,193,1,3,0,4,0.8427571125372099,0.25999673723064265,0.2573651503480304,0.5312241324567253,0
0.7533066244570341,0.07358332295192582,0,793,1,8,0,7,0.02110770882921098,0.7634915205896621,0.7763936759802729,0.4489364195447416,0
6.779035850615143,0.7131227981836126,0,1480,1,6,0,4,0.5894488360874336,0.8118711222345852,0.9351699588392239,0.6356272100682554,0
7.906014890556002,0.06353193456828232,0,941,0,8,1,0,0.9303361235333604,0.5395172718620012,0.176216893528915,0.4914080816579325,1
8.498585482468028,0.22453081793151608,0,1037,1,9,1,6,0.9593354279883249,0.8993034387774729,0.005577430074845013,0.8241677185119531,1
9.812622507439887,0.8247351971256721,0,290,0,8,1,0,0.6030579129823503,0.13665085316802572,0.08407215598423545,0.06514992143517917,1
6.720157222995868,0.8096883078082263,0,812,0,5,1,4,0.6308142722959196,0.5065962676385123,0.802855973544857,0.9026087371115191,1
7.690619138400203,0.854125757780776,0,1491,0,10,0,3,0.38990657510345195,0.8284296193289966,0.053707719533506504,0.524496834395511,1
5.057582783213293,0.3260998895887137,0,132,0,4,0,4,0.7236384479511064,0.6209134476955648,0.7463057941867269,0.509214946408178,0
9.127369011811261,0.5280480287502093,0,305,0,9,0,1,0.24570859789513455,0.9850032791399864,0.40520842882175967,0.3909765324034151,0
6.437583821994625,0.773347352606152,0,1079,0,2,0,7,0.033871188614315484,0.595744077216542,0.42606401784646375,0.5322837452280303,0
8.835514062513434,0.13698551501108047,0,15,1,10,0,0,0.8353038601092183,0.9600286664292238,0.7307713489694564,0.22032748054783702,0
2.3545201701388088,0.7243908792157182,1,309,0,4,1,7,0.06036222975965111,0.09870624486633206,0.32003010583415503,0.497319160674511,1
4.967377807180643,0.09748634939465461,1,1416,1,7,0,0,0.6647077718121182,0.04262484583469228,0.8104905327744649,0.3982254924668591,0
7.298189210638039,0.9132506086268677,0,28,1,4,1,2,0.43693087551070575,0.35651404329708325,0.0943613073447912,0.29398961761845777,0
2.027217545626833,0.6373101825116259,1,643,0,3,1,4,0.0432569240192715,0.8413333626188371,0.7186578202045844,0.21219374765461352,0
2.1133979326197827,0.49330531268975586,0,494,1,4,0,4,0.15981585111244379,0.050509417687643166,0.9036811329922203,0.8602124612094395,1
9.780427404056374,0.4847292546671642,0,597,0,7,1,2,0.10071908769415328,0.2522958267717169,0.16425306839341725,0.8501749239370411,1
4.3461036073720605,0.1813620478449104,0,387,0,2,1,2,0.21440538298092204,0.9850184362014363,0.5548586190099463,0.4851180962611612,0
1.8181545292377166,0.3459173724546537,0,413,1,2,1,4,0.6352769523784653,0.6409651133523367,0.6409784681662928,0.23146158471918366,0
3.31463881981506,0.7271236653171491,0,1141,1,10,0,0,0.5706212066696409,0.39310954348349414,0.1327605987525241,0.4503758687596676,0
3.973761482659256,0.5409436208543885,0,38,0,1,1,1,0.432936023523138,0.07786169776691176,0.5432594136299661,0.9256406128454605,0
6.230852574702212,0.5293062041002629,0,194,1,8,0,3,0.8430534837145797,0.755242085700588,0.2522964344595148,0.7793980118021558,0
9.230146590477524,0.1952458945455794,1,396,0,4,0,0,0.7530779157431237,0.9253060448374024,0.7535780946923036,0.8075605829451824,1
9.86590075922091,0.690362311953684,0,1239,1,4,0,0,0.6827070154346504,0.7415435837894,0.5680222812480874,0.7027428287975245,0
6.516987589111125,0.3920339010613503,1,589,0,4,0,0,0.5988639016597095,0.1164113714625662,0.41056748729516934,0.7240119491984514,1
6.999223607977248,0.18275333843853414,1,52,0,4,0,6,0.6961098122053317,0.531862264195692,0.7425312985806994,0.14962767508218222,0
3.21829169696589,0.9437847515963292,0,780,1,8,1,0,0.22659387424437671,0.4027710323495395,0.7318230560604708,0.34684651155730184,0
8.57158595448749,0.5067987468656051,0,941,0,9,0,1,0.25982172318905017,0.9040438607690583,0.21047607334165508,0.8319614841143141,0
2.1779833522031486,0.5280366475123655,0,686,0,4,0,6,0.29811530770625594,0.7623058149971234,0.025618611099659128,0.1772735476711298,0
1.0638064931096758,0.9813719102148061,0,132,1,2,1,3,0.7410627268279695,0.801971412734942,0.24829052426100284,0.07516006178564405,0
9.732559900976508,0.3664061371704934,1,1318,1,1,0,3,0.43227468451709705,0.413738496600629,0.8825858199757176,0.8464095348040283,1
8.641386768205322,0.9430206845624496,0,1287,0,8,0,5,0.9595038161179595,0.024874674040482603,0.39683783977889886,0.7807538091383808,0
3.0364513453813338,0.69492536113548,0,1366,1,10,0,4,0.04020186558484218,0.7593985857911132,0.2014610340445805,0.15813076965429163,1
6.751707163810492,0.6330956327447999,0,1445,0,1,0,3,0.3831667977080323,0.6333197562959074,0.3688621304660663,0.5281202307817067,0
4.670183574131995,0.2344183019424806,0,475,0,6,0,6,0.15472682828060724,0.14148259494938797,0.3831525283432491,0.04169984846690411,0
3.231282061454709,0.05175567238779011,0,632,0,3,1,1,0.8163206857049825,0.7567746462352866,0.4540707264355921,0.14852011722124225,0
2.8677421076029486,0.4377838382851388,0,1439,0,3,1,1,0.47960875769934763,0.14930055411811105,0.4500299037597628,0.25726416338374924,0
1.3602744522090648,0.010170961995725092,0,674,0,9,0,4,0.6200169450708167,0.7396846155081422,0.29809210786126594,0.7040065346906554,0
5.493180822758392,0.07100251077038344,0,1297,1,3,0,6,0.5979496023481015,0.7136140613017897,0.29948382602923507,0.30493995007175356,0
4.4659669011750776,0.595326755694373,0,971,1,4,1,7,0.0790662037406421,0.007517346297286842,0.799753422373249,0.8104791910249081,0
5.1218642029994434,0.7244718330730274,0,1391,0,2,0,5,0.7837381827180155,0.7747763796407279,0.6630293213998694,0.023544116292036454,0
2.153571674794045,0.16794833192427694,0,15,0,10,0,0,0.8219767874385513,0.40765935664973585,0.6793962510594165,0.004324597887837456,0
9.386106707732477,0.7325004126737739,0,1059,1,10,0,5,0.6074392956013942,0.5065831306824398,0.1905167039859681,0.2997960491075501,0
6.385911963305415,0.9497258265947518,1,1201,1,10,1,1,0.2809473434100239,0.9646920613043015,0.9918619771163434,0.7309489149868582,1
8.996006573833368,0.7431760807261967,0,297,0,3,1,6,0.7240918254529269,0.9198492767807833,0.08692667844288404,0.9515401471077055,1
1.0927116603275544,0.7847152195750329,1,1103,0,2,0,0,0.7006657884258192,0.38266808238697225,0.6825289091762581,0.3154419532376971,1
6.228509658561748,0.7007125802683718,0,292,0,10,0,1,0.9125389066045535,0.7095732980068319,0.7434167197256586,0.5569127727187131,1
8.494618186441611,0.2247374404547512,0,1357,0,7,1,4,0.11733353829057258,0.5130857323079172,0.2671760066465082,0.04134926829106533,0
3.3092077981446666,0.36088994215583603,0,1362,0,3,0,4,0.909803718011701,0.8221994166238764,0.07709219924197075,0.001261723539559112,0
1.951431691359864,0.9492669627698173,0,5,0,1,0,2,0.8870720346513793,0.31965701013395753,0.737403891309692,0.015758518755901507,0
2.6502130580561967,0.6612105789701187,0,760,1,8,1,3,0.29752740411326384,0.4709375395958131,0.5655643441474096,0.0973271248460501,0
2.72933726749799,0.7890247339340722,0,573,1,9,0,5,0.7161977662443216,0.11240965237966738,0.9656275070107374,0.8743482924764878,0
4.4719896492353515,0.9686946188446773,0,1335,0,1,0,5,0.26370815632469247,0.9266806483522106,0.7276875712158745,0.6413930202960421,0
3.2596360277933156,0.23143692051266573,0,480,0,5,1,5,0.2350958208105287,0.9007189150124789,0.9296826554051019,0.8983120910222595,0
2.712740727079913,0.3216866673265535,0,1080,0,5,1,1,0.6415349359972083,0.2760623814297586,0.6342959861041636,0.8348978077051483,1
6.4851229840513795,0.6448016528344996,0,175,0,5,0,4,0.05003333423533807,0.5829732893406452,0.49801073429230935,0.7650923774790316,1
0.5303237167188446,0.024357473784007322,0,318,0,4,0,1,0.09647725790914718,0.3783621887482369,0.9447345710988473,0.3537043338841147,0
3.4036377813972996,0.5712190773337057,0,1477,1,4,0,1,0.6601436229856382,0.15579526550897416,0.8188462930630516,0.13401526108195483,0
6.8975196594047485,0.8086883795144988,0,577,0,4,0,7,0.9518691910755592,0.045023026994753246,0.03505321565042918,0.10336404147373712,0
1.7584974928100594,0.6104433738241252,0,1148,1,10,0,0,0.034038777433263445,0.8228322448405585,0.5830480131208223,0.025012521290402767,0
2.2092786221291236,0.29539328389611086,1,1451,0,10,0,3,0.022918440282009178,0.2891383189310063,0.1494167377477934,0.17777487871058562,0
2.0066662541291747,0.7241040833360617,0,1447,0,2,0,3,0.07477168780779642,0.5154418584656767,0.9479851004040702,0.019138701768489086,0
0.009261067314049187,0.14603162467994557,0,29,1,8,0,1,0.0016644542983893507,0.9026829399495103,0.6758777597984239,0.6878041326964642,0
4.737677518315727,0.8947734692785168,0,349,1,6,0,0,0.9283124550969786,0.01988559661445477,0.4513485959278366,0.38884569292432103,0
0.38958789416123185,0.1009150310404554,0,1071,0,3,0,1,0.4740419588485114,0.5473952873473221,0.9598712590722609,0.528156009089795,0
2.7293981177490014,0.8634911337624348,0,1390,1,2,1,5,0.6921135479398972,0.955493065567245,0.3363516676558883,0.4788469212120712,1
9.948034245919716,0.4978094277362325,1,1468,0,8,1,4,0.4163868794997889,0.8092844759453763,0.4441461503605516,0.2834316958672959,1
9.183962113902998,0.4286470034878018,0,1080,1,4,1,4,0.9972450115260402,0.21931120853995112,0.3990602216168694,0.11453092109987806,1
2.150758081563342,0.5006617605754313,0,156,0,2,1,1,0.47993138621287124,0.20087588859849081,0.13186472537584137,0.5422945605957091,0
3.1000243191393273,0.2002063030929212,1,1113,0,10,0,4,0.939265886392317,0.7624865159743541,0.14988717767427107,0.8637446584459239,1
4.637045822685515,0.4576855795588136,0,407,1,10,1,1,0.6496104511001496,0.07973056348685936,0.5910067451062485,0.7497031628041108,1
8.444135466592435,0.8497198158986585,0,1212,1,5,0,2,0.9477381874311893,0.5993623536360873,0.06952909880569713,0.9314716714316209,1
8.026459413930912,0.800955242218799,0,820,1,5,1,7,0.4951417581335025,0.23410246519766253,0.931083184007197,0.3559775929290657,1
1.2624143656628217,0.16304853449132928,0,275,0,5,1,3,0.8788800944340146,0.8392572037844545,0.3276421516117418,0.8457050167975138,0
1.2444884834835213,0.6734209781290618,0,1265,1,2,0,0,0.33388672705585376,0.3794161310577917,0.3209639514589162,0.7225657642091902,0
4.1673225389404465,0.8568372649654253,0,1483,0,2,1,4,0.6611983764539381,0.414972430417339,0.1396807527551046,0.9430044525979479,1
8.70095389613772,0.8197675886188093,0,759,0,3,1,1,0.6171847938552875,0.7944153655517987,0.35095280504097626,0.2877639589558776,0
8.820849990955024,0.4256324432971814,1,1218,0,4,1,0,0.48683615473212727,0.08808768021154667,0.6911490715989257,0.80363030221354,1
1.0736584968653018,0.04809284034611583,0,89,0,2,0,5,0.5014826020874438,0.6009613117511647,0.9573257893596331,0.5081580926254686,0
5.7429728796555155,0.9311694229737492,0,406,0,1,0,5,0.17012113060538392,0.9626197926324276,0.19258739426320703,0.4367403407334485,0
1.556751971251129,0.39588511584806196,0,190,0,10,1,1,0.9060271135009452,0.650375741509366,0.17759677210163827,0.46575474270586725,0
6.861293100027828,0.36097663725634377,0,425,0,9,0,5,0.4542098101873062,0.08179202075995373,0.13901453715710965,0.4325837914710897,0
9.164332479289065,0.759514944478813,0,563,0,4,0,1,0.15146915035065833,0.9085327269826057,0.573992247852446,0.8770661247197984,0
4.547692924755936,0.26397221549202254,0,647,0,7,0,4,0.70432850540442,0.1289470068656554,0.11693306192523811,0.944413082916147,1
0.830827746920515,0.834747923167292,0,483,1,2,0,4,0.7271610981954427,0.3688467190907373,0.08812422571683276,0.6629917566248991,0
5.792541958945455,0.07605156081931563,0,817,0,10,1,0,0.045117213877146956,0.18167859097903805,0.7439337377488255,0.19277809813689073,0
4.085166701358547,0.7407112007162109,0,329,0,9,1,5,0.3328202188189828,0.721852752928727,0.793180435093197,0.4205112110195173,0
8.108987523339602,0.9657894904415316,0,521,0,2,1,4,0.584260677339978,0.26489170777073967,0.31456371212343925,0.3555926048452702,0
3.4034446392638773,0.9957687968741735,0,1260,1,3,1,3,0.8215825686203359,0.2611090850083907,0.5814630727136639,0.6709855322229041,1
8.748972004725893,0.9238043600641663,0,843,1,4,1,5,0.3106051715432292,0.4135594637449612,0.7423750650049925,0.07034470521805536,0
2.7370040763478487,0.8707624054063094,0,40,0,1,1,6,0.2996549507709736,0.2860946163306005,0.04895523308996008,0.654128484402881,1
1.5751763588868595,0.2788802244577302,0,492,1,4,0,3,0.7365679654899477,0.7845575176371596,0.6347008279652352,0.466806484415636,0
3.0648037731857993,0.9666483626297641,0,1244,0,7,1,6,0.21920440580839318,0.5266832306532706,0.28619749357883373,0.261044449933053,0
0.3491579182274651,0.9278965938143529,0,270,1,8,1,0,0.8959986987297648,0.5559207892646867,0.4091171427650667,0.06352408427725031,1
2.812459668742413,0.5343725070251866,0,1382,0,1,1,4,0.7904155516498932,0.16162619928572153,0.3562274572284001,0.05297745304321766,0
6.6011763388203075,0.4020776543936796,1,443,0,4,1,2,0.8930553102186077,0.9134895461576679,0.7183407655909662,0.8921790246246251,1
1.4228297855659233,0.10926725355818823,0,945,0,9,0,4,0.3537457188612748,0.3488855872876909,0.4687760626202294,0.5767272450408636,0
1.1136497278658797,0.5906340778251248,0,712,1,9,0,4,0.16573593425650035,0.3773800459912747,0.7600678473838854,0.5515797604398137,0
1.323852912543504,0.7005459485221976,0,938,0,6,1,6,0.5850577483858523,0.24238925803251832,0.31500255110005204,0.017501707527878052,0
0.7755167426146636,0.403996583181529,0,1196,0,8,1,4,0.18996896640684058,0.9601875838397951,0.541275445050581,0.7709938708677192,0
8.746354118429396,0.40602956063053186,0,223,0,3,0,0,0.26611315965579274,0.6070527391629915,0.9069910093767767,0.21062690952325835,0
9.441151154965281,0.5733113907143038,1,528,1,9,0,7,0.4005676026173486,0.06095619727505397,0.4380772751935811,0.3834038262988456,1
0.46561151728786276,0.0277840959071618,0,852,0,5,0,4,0.46272847754038704,0.192611886100586,0.5763039225852867,0.6466038134991484,0
7.600717815435402,0.957865896386749,1,390,1,7,0,0,0.32241331254734795,0.480446396959188,0.6705048432002738,0.1345287821332649,1
7.371517467171977,0.2899057070967094,0,562,0,3,0,1,0.284719938108412,0.18785227270092875,0.9123115964762789,0.796694407118369,0
9.969094246100404,0.1408908617688801,0,1328,1,2,0,0,0.24672695603955663,0.6050355883674707,0.636135280608495,0.8352872531137093,0
3.4787066172106815,0.005488396134590401,1,343,0,6,0,1,0.6901359022785855,0.30789722067961256,0.6123935834831158,0.5194936665471328,1
2.855089916904162,0.8568915413857133,0,284,0,6,0,2,0.3058784239274882,0.3496143170869406,0.8335262683596876,0.3654166646636623,0
4.530821208098272,0.8632073757996691,0,874,0,6,1,7,0.6943978134841691,0.7866567457367423,0.9918294364989629,0.25189486478478984,0
8.565751771491906,0.09530660451771011,0,149,0,9,0,6,0.7428847432309108,0.5243727382723925,0.8989346499505289,0.723961914628222,0
7.2859364253789884,0.152241302888801,1,1,0,8,1,0,0.7142298730480774,0.11302838613384769,0.12487882647810344,0.340563163126422,1
4.716238139675028,0.44790223125776796,1,1304,0,4,0,2,0.914437332941912,0.3718946745802041,0.676448591727268,0.8095240887244698,1
2.445628432858732,0.1857041730663156,0,414,0,5,0,2,0.954485663355453,0.89634197106539,0.32857621201884424,0.732443966679785,0
7.2701574126837105,0.7358211368367569,0,180,0,1,0,3,0.14686060563378633,0.8461588435172208,0.4144675858752551,0.3529287596884805,0
8.54526868042196,0.058039745705722345,0,984,0,8,0,1,0.3205871213494662,0.7598421853017254,0.6453445868128481,0.22888414048178163,0
3.9995123106749086,0.5497093323858661,0,721,0,2,0,2,0.7876666966378284,0.8435270991516364,0.14511288732827876,0.35774075876387323,0
6.6858544582098425,0.3827915651139041,0,682,1,1,0,4,0.781803147991412,0.09150894015976296,0.6926788469336094,0.3422945424372933,0
4.002120211765981,0.46494648369225156,0,657,0,6,0,4,0.07094304245982275,0.12217414137993221,0.29350420313723946,0.9566559801987077,0
4.784934381414848,0.42475711769560176,0,218,0,10,1,6,0.962037091238831,0.018636949259979274,0.8192332678802443,0.6273159576773701,0
5.249103799549136,0.15315918253465366,0,1287,0,4,0,7,0.8562045729686018,0.125027354280574,0.37169577681323596,0.6575567649369574,0
7.757258140222779,0.22028148530856229,0,1,1,2,0,3,0.8992041721574597,0.8235474751961035,0.04996221788581412,0.2835609417714611,1
9.77505984128931,0.06480769891042659,1,724,1,2,1,6,0.20438479503124807,0.037928863683989955,0.5987814552333649,0.3642877357464329,0
4.443661626382323,0.11528557529907124,0,405,1,9,0,6,0.5009199653053141,0.4651790347131841,0.7497800889885,0.4661654233525222,0
3.423150062476059,0.9778948224189149,0,962,0,7,0,2,0.44054221066646315,0.2471163215827189,0.6167036600596666,0.9767131069515751,1
3.735910064723913,0.27978681167725195,0,823,0,5,0,3,0.36029869615624777,0.8324988627516464,0.7787829482130239,0.6675814387108249,0
1.3388906937518164,0.3070255393395642,0,577,0,10,1,5,0.22735514674139023,0.8028653475558326,0.8041270981583726,0.15405308062324075,0
2.9693873781772275,0.12710633043212105,0,801,1,2,0,7,0.13960656391403548,0.7659947248849972,0.042258668826099965,0.9909468981695123,0
0.8644741326880623,0.7551642044967515,0,340,0,7,1,6,0.8705084267703845,0.37825639439977254,0.001847369739724436,0.2692948374439812,0
4.2789426317924715,0.924142810187282,0,196,0,4,0,6,0.5304356476308569,0.9255907815709237,0.22431001829291786,0.621728875832245,0
1.6735726931104888,0.789750537066651,0,1357,0,3,0,6,0.6008266210070659,0.895858433137935,0.22471053385695416,0.8751623532861188,0
3.464067459744087,0.6126158294341718,0,920,1,10,1,1,0.2616011618276479,0.6508149066735311,0.5629486687141019,0.6157599991063649,1
7.9357774939160635,0.8132329156105762,0,980,0,10,1,1,0.935053081258486,0.61259238189703,0.2290992332023204,0.92592126534756,1
2.45927650589136,0.4042302329328584,0,1498,1,9,1,7,0.9363766489348357,0.3369456492633127,0.364847457728404,0.8480949826698087,1
6.118946213420689,0.8594973550806875,1,1356,0,2,1,3,0.6714500906046408,0.7358886290051275,0.45366049785433926,0.03500679180490862,1
9.011814192486128,0.798518849638182,0,877,1,8,0,1,0.32055298314683833,0.9384895017100091,0.6008268341451003,0.6868149355104534,1
5.669291870295469,0.001724644256319019,0,1188,0,4,1,2,0.2328441707447152,0.3162151525457473,0.9967441961957848,0.7208519919874925,0
1.9379261277241266,0.487794134917517,0,791,0,4,0,3,0.5952713227818793,0.28592959343806457,0.6885069559038616,0.3718012204997816,0
3.447661939659543,0.2646165760792262,0,356,1,2,0,4,0.8328790927604286,0.26358272863297105,0.2657914252546446,0.9095311968504503,0
5.903692071840661,0.08623291636769548,0,933,0,6,0,1,0.9669838002189793,0.9831570390869778,0.35079832197786476,0.8009210720295417,0
5.066111397598535,0.8461960427477748,0,1369,0,9,0,2,0.06819040477933214,0.540317638743148,0.04365659740607897,0.3670714607079345,0
1.4861983627690378,0.007949684301122306,0,1319,0,3,1,3,0.3341965058071453,0.9675687558507867,0.4195240949270307,0.22308310676819976,0
4.4679634469056895,0.7301635020553603,1,757,0,6,1,1,0.39114938151240075,0.6173794517255069,0.589138371460013,0.21258147905210645,1
5.430666949102484,0.9881921209971861,0,1418,0,7,1,7,0.3690253742763554,0.2934611748027144,0.9494324997045901,0.2205390340372172,0
2.6733271445757243,0.4820197667062357,0,296,0,7,0,0,0.6677761959573135,0.5863959054237461,0.26794395662788884,0.5892231140047272,0
6.124455153398519,0.37124052994143464,0,61,0,3,0,6,0.5472064855406021,0.15544640655386122,0.24350196522897283,0.6427670793824465,0
0.7016009948520985,0.6058329544747134,0,604,0,1,0,2,0.8913741670717047,0.44810030711301196,0.01723390242787015,0.14887500680110255,0
3.366070335655168,0.8046978276476722,0,307,0,9,0,4,0.22255120364332348,0.4428756143026158,0.5746627180636807,0.5485301687017561,0
8.042768327775745,0.24025199377527884,0,1436,0,6,0,2,0.39933178881635845,0.5765387630544204,0.9958702307776276,0.2502835849143521,0
2.592848009081554,0.2507014291535362,0,173,1,8,0,7,0.5411597175113455,0.38724179538824255,0.37109238976819137,0.9104082205757641,0
6.051768500030782,0.6071780140868468,1,801,0,6,1,7,0.8167967528186586,0.4551365118553118,0.49784736694121856,0.8563063659048856,1
4.100297137103119,0.9398798208543053,0,1158,1,4,0,2,0.823239651586755,0.8761551946628269,0.05823683467035512,0.11562488441804875,1
3.164601424152468,0.29843997575876346,0,166,1,3,1,0,0.8593722290084309,0.18039125645620746,0.5710867208857652,0.2522867003865311,1
9.16131687910027,0.3767546632290131,0,68,0,7,0,1,0.5191347277723984,0.9226490567956721,0.21007109369489319,0.9445177303425298,1
3.4326171808038355,0.9933333014602895,0,830,1,9,0,5,0.2415994179028681,0.5385415771830346,0.015458219340287349,0.2989833556437056,0
2.3667590148701834,0.1762221652065158,0,1353,0,4,1,6,0.726255516907066,0.6288732786103199,0.6838447658205287,0.8158263291065093,0
9.093013156402705,0.07696816837530407,0,24,0,1,0,0,0.9546735249783204,0.1042650562824946,0.14774036965462356,0.050464243262964725,0
7.4594435593581485,0.5897552388806061,0,30,0,2,0,0,0.28529966458346867,0.145257918301412,0.10115134082692845,0.3877963657646567,0
6.817997136981973,0.024266988421632996,0,1388,0,6,1,3,0.19838148592965033,0.7325706764133266,0.22817274131098952,0.6147954939375231,0
0.4953494206687581,0.1804332312748227,0,903,0,3,0,6,0.022475839601019065,0.9006603387812747,0.1375374740039853,0.3995447065066736,0
1.312049607157758,0.622209180690468,0,1052,0,9,0,6,0.6664678646047542,0.51885543571899,0.6228643992941548,0.7906507680616766,0
6.383399638096629,0.659512400691333,0,413,0,3,0,0,0.5450150835516635,0.1675262643103611,0.2670660079562953,0.9799202229312116,0
2.0943283652626024,0.5104252496476197,0,468,0,5,1,7,0.13471436329420283,0.796915332504131,0.6709913472820936,0.513532372056263,0
2.2563798563035906,0.3837480462293833,0,705,0,3,1,2,0.19951571826704673,0.9175312500743915,0.5459715013240256,0.46363161448185486,0
7.7913851534361065,0.5761975844218483,0,321,0,5,1,1,0.6622225822337952,0.670177787618894,0.3536331787917393,0.7045109048599019,1
2.8592494883694264,0.6433857530332387,0,662,0,7,1,2,0.43601748978891,0.18286340337425733,0.19347663464184517,0.7537047702110365,1
0.71587302151916,0.8034820462916507,1,1430,1,8,0,6,0.2332309114127381,0.4124700863858096,0.6727365990325034,0.059797966780155365,1
0.364319473098611,0.7927508282098474,0,1123,0,8,0,2,0.6058232203637262,0.9398359395626684,0.5244298935666307,0.4375893715270438,0
4.431779872452878,0.6648007655149478,0,1303,0,6,1,5,0.05266577216727364,0.1915803856419257,0.7208498748052041,0.4997437403779922,1
6.17128577684646,0.8942325832284657,0,744,0,5,0,1,0.016202813979795172,0.17075329801297112,0.5061254889872313,0.30741672898372396,0
8.688852333918028,0.8380252535954188,1,1181,1,4,1,0,0.2608777351052569,0.7017905173630823,0.8020666643853535,0.7590870183917953,1
1.1080439503263928,0.1332460082179402,1,631,0,10,1,0,0.28951875064483856,0.5431055300277255,0.5497408128769186,0.8869790377932902,0
1.966728262882963,0.9566794413234834,0,926,0,8,1,3,0.10436842365891752,0.20473336778205053,0.8133422084308503,0.8453362700893216,0
5.298006109074711,0.8917423023179204,0,1095,1,9,0,0,0.11486633117199563,0.6165191878077689,0.549719384302707,0.6337817915428696,0
3.6410836224197505,0.3209271795079598,0,1237,0,8,0,4,0.16780302950944714,0.9366747120726832,0.9617429979186725,0.7942014846105518,0
4.825374512454946,0.020184418607039456,1,1388,1,1,1,6,0.7246087808140059,0.8551967138029222,0.853191696586332,0.23262731008948645,1
9.241246489842155,0.6039759467582875,1,158,0,3,0,4,0.8061657775713519,0.006531984732846441,0.2541174745148427,0.025679770430839355,1
5.448916538646872,0.43841757686638805,0,1190,1,5,0,3,0.18160495568196888,0.8767800924673723,0.7281429840313776,0.513455046730281,0
4.1512061061207595,0.7495666625861319,0,1064,0,4,0,1,0.656770078390036,0.6269020223972015,0.13198493893480812,0.40998787797661185,0
9.894399066997448,0.5245997645086226,1,1105,0,10,0,1,0.2336525024862971,0.2671257121717344,0.9110933440878477,0.8817136791416503,1
0.6521566989953631,0.07649043525094679,0,22,0,5,1,0,0.8800585974983528,0.0934197735394161,0.3455457882649954,0.7891047622966004,0
9.32113448371172,0.24468742025477586,0,731,0,3,1,0,0.2689277841083506,0.971206373809002,0.47742761803004163,0.3818519227454231,0
5.01661842065483,0.8825237561265296,0,1441,0,6,0,4,0.12977141287336935,0.029037676815689806,0.02056957115378988,0.017431937634820982,0
5.037563377671381,0.0376896957150501,0,1350,1,4,0,2,0.4391459794318032,0.18461939242821568,0.8676250744973653,0.27487497242065495,0
9.219643342032093,0.736669669398287,0,346,1,2,0,5,0.154212865351386,0.671247576016628,0.948013961772194,0.3604398111214935,0
5.073239795930695,0.2919435079514323,0,729,1,10,0,2,0.19836685003108145,0.7579487288774396,0.4705014848047391,0.6758356899055992,0
4.384070905301488,0.45263980304249707,0,1295,0,10,1,2,0.3390628292308828,0.2666634891690425,0.1879049453571925,0.9032772571955933,1
2.72488592117199,0.5310054319116085,0,1395,1,8,1,3,0.660720519825315,0.7370704969870588,0.6937935545096331,0.22095355113001347,0
6.588167668174209,0.25008135730720105,0,496,1,4,0,2,0.11685410879999447,0.765173070258924,0.296960527074677,0.7859110403266756,0
5.6964509097976155,0.6519604429976628,0,1204,0,9,1,0,0.28410901363854,0.8027268950225491,0.9600058240812949,0.7285771088164498,0
2.1434543694778307,0.6934422180978762,0,1252,0,3,0,0,0.8583646281032988,0.7539218658599656,0.3111558363108481,0.3531533865109091,0
7.094129150613248,0.0850594796707751,0,225,0,9,0,7,0.27376936724695533,0.03266255992449574,0.575723231527335,0.016168169786934472,0
6.440868573366405,0.3739270758514206,0,47,0,9,1,0,0.16844683204861,0.8923077472208589,0.04944487358274219,0.032704238008020026,0
3.973338842065408,0.7443773012062915,0,70,0,2,0,2,0.5336164394834164,0.5627795506947317,0.9898084668852216,0.6192447174452101,0
0.0440092190355057,0.7216375598411319,0,218,0,4,0,3,0.0333158797811981,0.43104779970973683,0.5761596332216516,0.8471219402236962,1
4.465811501761877,0.5446033439052391,0,1111,0,7,1,3,0.8039511665690746,0.024433552562149963,0.9753145305538429,0.631963237125692,1
0.06058117130251728,0.7776747798680141,0,584,0,3,0,5,0.22246163144610664,0.5908005800238055,0.3007189084678221,0.773677744971805,0
0.7499848929903985,0.10764489303984326,0,1028,1,9,0,5,0.13285800443878115,0.16275961107828807,0.5271604123703302,0.5028659134529169,0
4.306099024808341,0.11821126784453007,0,134,0,7,1,4,0.8082027631861803,0.5476744332043878,0.018387052989050745,0.26286203428667554,0
0.819198841853277,0.6574893002963448,0,903,1,3,0,2,0.8427549127008771,0.18921454107345104,0.7708215886219427,0.03976025461693289,0
2.7566543378716624,0.6933338678951289,1,1117,0,8,0,7,0.7347315114245511,0.6879156936648098,0.16650021488701605,0.8173452926303777,1
6.554913685589684,0.8145268553210703,0,1464,1,1,0,0,0.23459686969871363,0.08884566640339464,0.42532891242323756,0.47423137796219517,0
3.0861534260941905,0.18103687777325705,0,478,1,4,1,2,0.5269889043032501,0.6003819324817825,0.6700360106069939,0.8764682127745014,1
9.976485941215104,0.5167716594311051,0,818,1,2,0,3,0.969066007480236,0.6438013419096376,0.08212167865490305,0.3701891659133659,0
9.163020339149812,0.6608312971355824,0,724,0,1,1,2,0.4777660989163611,0.3952451955465257,0.783625394714319,0.27597874806630385,0
5.853099045855236,0.22369957382901506,0,521,0,8,0,4,0.9496397266610477,0.9171553566809796,0.8057954190156766,0.6670480483246727,0
9.669471386349304,0.5169278655939907,0,959,0,2,1,0,0.6763683834966874,0.526549586721796,0.5312962985100427,0.6043465262463431,1
8.680172944325221,0.638445024390596,0,847,0,7,1,6,0.844995860578231,0.7505180729921013,0.6049612712590439,0.7042409236224465,0
3.18898518840487,0.21444951147768032,1,1249,1,1,1,1,0.19240000957345438,0.444515111229855,0.09421538304488308,0.09107990664020604,1
7.495962459853094,0.3755634102501414,1,42,0,9,1,2,0.9267348415692727,0.7917143432523691,0.44881189020315393,0.0833527406122726,1
1.3683178400394735,0.216338810135708,0,332,0,10,0,4,0.8533444743760259,0.8974000649761122,0.841145075928455,0.5709247227875811,0
6.84551424378741,0.9029429044285987,0,868,1,4,0,7,0.7850496561087821,0.4129887836279702,0.08931314818255454,0.548272843934391,0
4.910818264945805,0.23679888192999177,0,860,0,5,0,4,0.9412230853567137,0.9673610737208738,0.9887086932304696,0.09292139067612448,0
0.16825939252824718,0.12083462598579697,0,1353,1,7,0,4,0.7888788560401006,0.15312873626657098,0.4859172476427336,0.43018966845383877,0
2.7422982239037075,0.035155311527143684,1,1012,0,6,0,1,0.5767471118326892,0.8461689023795058,0.012792457183867456,0.6336059439366999,0
9.553822174042486,0.04495347241135017,0,6,0,1,1,5,0.6486902045219194,0.5258347946478075,0.3399045992248303,0.542027482719665,0
3.158314850884807,0.19158623496681693,0,733,0,10,0,4,0.8208942693185127,0.13841225893090991,0.5006146318982349,0.18650414960570028,0
1.8145445530144066,0.6082085113069523,0,1267,0,10,1,0,0.7491579183179664,0.625332342292223,0.9589879486315577,0.9278124575876261,0
1.8753144657220833,0.017649874511122654,0,1309,1,5,1,3,0.5917915412263226,0.13131531537265673,0.7052322152373093,0.034362608520788096,0
4.79213264641949,0.28674392475714716,0,1202,1,6,0,7,0.598079341994024,0.8874851627345255,0.5810359242663531,0.272575538423216,0
8.42649240670535,0.05816689132329933,0,716,0,2,0,6,0.8802821203788584,0.8159874996068008,0.9665163592921466,0.06754545092427966,0
7.580017651333465,0.40365877029916764,0,159,0,8,0,1,0.009911614249032197,0.6543148269216851,0.2949767392841802,0.2833701039152181,0
4.368520075377743,0.04857673782985761,0,319,1,6,0,5,0.7179535824639705,0.2329853682400589,0.379702392345747,0.6852990269783822,0
2.0872688343696053,0.607541776620828,0,1270,0,3,0,2,0.5656609841528235,0.9628031000992252,0.7682138516922105,0.023808656814624074,0
0.4606490010219111,0.6884242655190153,0,510,0,4,0,6,0.8382939929223647,0.8531637355241476,0.5944836928329567,0.03876425944054218,0
4.62630319482731,0.7313375496437635,0,1145,0,1,1,4,0.2054369630867613,0.7152110551564097,0.2189941949441544,0.20585736276531386,0
8.147753485181916,0.22434339864625508,0,54,1,8,0,2,0.5253435657395932,0.3653683234250116,0.7510654161876034,0.027682735340261555,0
7.296819935943137,0.8685001619617433,0,736,0,1,0,7,0.12764431262685227,0.48416717780384066,0.2672107383613366,0.39005567001848596,0
4.086007676272503,0.6902881673309265,0,1425,0,6,0,1,0.6593746731785877,0.33806305888049537,0.5588784814941925,0.23014814168410058,0
5.947026719176003,0.05665021929982039,0,367,1,9,0,2,0.7637678588179754,0.8493863648894987,0.8562386932453943,0.3221510576037059,0
4.362465209462176,0.4407667087014271,0,45,1,1,0,7,0.6235324717858617,0.30888291300325443,0.27510413055258776,0.8372137292943812,1
5.790161097901779,0.7677564933724812,0,432,0,2,1,1,0.5547712797466968,0.23831121509403108,0.7611650218797216,0.43220047331239675,0
5.175052443935492,0.31089392672022975,1,94,0,8,1,1,0.34337895961919707,0.2143461626504335,0.861334371265527,0.01504877666144866,1
6.80966600125159,0.3815587739072648,0,918,1,9,0,7,0.6397842836771119,0.4011626152558849,0.317148477585139,0.546815284212859,0
5.077088435331239,0.6296038272965429,1,287,0,1,1,3,0.8995054362345185,0.6229682595660306,0.19660902256061685,0.10938380117923296,1
9.406109981675586,0.0554808801158978,0,369,1,3,1,6,0.7214182819003859,0.8316488396739329,0.8657579011873119,0.05934105927117994,0
4.280281815816862,0.9669350405079173,0,881,0,7,0,0,0.022953040978348938,0.9247075814171032,0.46640175589798427,0.32731435120539787,0
0.15916303039710922,0.17448101060972787,0,488,0,6,1,5,0.5087214255619901,0.08008732154373821,0.3113548999972485,0.27210572060959526,0
2.3637353540898456,0.026671999646260325,0,975,1,6,1,0,0.7364169444711562,0.047188801667219504,0.01038146819241903,0.11169080959994282,1
5.006068581066559,0.005322982040420254,1,1396,0,3,0,3,0.5041630279012718,0.3627350076086101,0.19400648012694732,0.29843284126810676,0
5.405718518886619,0.3995543749993957,0,1396,0,6,0,1,0.5913500455222321,0.8101033334025264,0.5127078600237299,0.4840631394562437,0
5.523847893120535,0.8842533654753777,0,1093,0,1,1,3,0.9115844089420951,0.9074029476090318,0.828973643428393,0.25114116492316985,0
7.1455209827008215,0.819762079217929,0,1453,1,9,0,3,0.8739500644340581,0.1684508775454937,0.502300016436469,0.032299247370958906,0
2.7464814261752792,0.912045798249695,0,1104,0,6,0,7,0.08131440802114998,0.28575972056892474,0.27646576498560693,0.8926001499596666,0
6.649036790414772,0.533782319328899,0,101,1,4,1,5,0.5105532072546003,0.9019617710427077,0.9291348267141065,0.6514041317510046,0
7.040322731192128,0.4487462338751643,1,1433,0,4,1,0,0.6223163158112995,0.5758163552780046,0.36923964015437527,0.7066526203763265,1
4.112807526208263,0.3858609761067945,0,850,0,4,1,3,0.8520313730619095,0.40769631609755197,0.1628782658773641,0.4080911010225844,0
4.02169099146322,0.04641807579130586,0,8,1,5,0,6,0.2655006140029387,0.24353486004671088,0.9453453788329241,0.5733394926115352,0
1.7892478565644976,0.9095212563051536,0,930,1,2,0,3,0.13985393976737004,0.11289516060948257,0.39643139871739597,0.7029829718182967,0
4.139873762553737,0.4961760922847275,0,366,1,7,1,4,0.5971546036792518,0.10844937509169661,0.482409939129953,0.35669278660787895,1
7.868162917070124,0.45506743105151015,0,801,0,2,1,4,0.4676121283828386,0.6740742573635015,0.829823409956369,0.8312791850941801,0
9.089730055498839,0.5151674870141173,1,986,0,4,1,7,0.25770520141837316,0.7204143021995975,0.2877410128507627,0.7723647653619595,1
5.936131913179654,0.7941545181142005,0,41,0,9,0,5,0.942928141465273,0.36568451593042106,0.528720275727282,0.28708428239516603,0
2.993703433542988,0.22447108598256393,0,657,0,6,1,4,0.31755598042657207,0.6060002646203979,0.8662859229932239,0.33279650129442195,0
6.822897186597315,0.7099006789949233,1,83,0,10,0,7,0.05528592977251967,0.1560346055864944,0.2561117040787023,0.18392089858828153,1
7.401462086960039,0.7107697408540329,0,169,0,7,0,2,0.058799229905223904,0.020953578565168884,0.8942921409306275,0.5026201724047082,0
3.3221277878066235,0.8495527822581829,1,316,0,8,1,6,0.20108224165202937,0.099825842346144,0.1914802759302342,0.8113205223537808,1
8.265478614895468,0.008683598463870013,0,1171,0,1,0,6,0.11673582487278933,0.1058604407146585,0.8543949883934009,0.5640146767981937,0
0.7369583213834008,0.17039554323513206,0,619,0,6,1,2,0.3946887070844889,0.984770607250151,0.393469868817813,0.3546843983742447,0
0.10753717600025525,0.4710468520447555,0,70,0,4,0,7,0.08046471631592589,0.2360136413761138,0.5481528318505806,0.41023550143735854,0
1.2297077263205258,0.8505403874614784,0,1120,0,1,1,2,0.561165201994346,0.1341246119266587,0.5514039362627243,0.692585212660107,0
1.5600834782750972,0.965116861627984,0,815,0,1,0,7,0.4083912245044856,0.7953869135188011,0.20491083784775954,0.5142670973781214,0
8.789290329477213,0.5948686146794013,0,212,0,2,0,0,0.5979251587831639,0.3666601211299103,0.1729947424321262,0.5527187429569911,0
4.249817022212809,0.21213397542302015,0,843,1,1,1,2,0.9892365469240254,0.2062608800494541,0.7114177291980899,0.6096760810792408,1
2.749316919703817,0.18458469582464565,0,373,0,5,1,2,0.9919015940028594,0.22037334795864394,0.8254183066213633,0.7385431346016155,0
4.2907511598681936,0.6394439539862674,0,953,1,1,1,2,0.41702904163046794,0.13903829426831793,0.13694425089311546,0.6256572565930283,0
3.948408927006323,0.2100691470594046,0,1421,0,9,0,3,0.36705393369006034,0.07990537220593674,0.7515411081794124,0.6843271274080024,0
3.01461667988017,0.5530874239208862,0,473,1,6,1,6,0.6815528820499044,0.680136102043478,0.32691244375638995,0.6661274839900254,0
1.3789958241196532,0.8348119291439021,0,1118,1,10,0,3,0.3676796142531522,0.4399833321691732,0.5944290413941646,0.9264653317992491,1
6.559154619738806,0.38981964846209005,0,35,1,1,0,4,0.7782815759829156,0.14843966422401456,0.5346336142608399,0.7364489660469429,0
1.3660440277965535,0.3784721897419292,0,610,1,1,0,0,0.601645991963359,0.7924453720630766,0.7433809537978651,0.5465618159278525,0
7.754244526726744,0.036140336891073765,0,1333,1,9,0,0,0.19948722291655607,0.019125089622585856,0.5419249430270072,0.8979581048514955,1
2.016880132804536,0.2540845784245549,0,111,0,4,0,3,0.41483381987916246,0.4306378662348882,0.09341668093901756,0.9003973854500343,0
7.313713071333117,0.6981914596192744,0,1393,0,8,0,1,0.8636580487009713,0.12730552423499664,0.2792012068182099,0.35151467386296753,0
8.055861056954669,0.36039124513219645,0,140,0,2,0,0,0.5533532832297948,0.02777122682802169,0.39792264769809726,0.8053032239175696,1
1.2532600977445074,0.15829891728992196,0,722,1,1,1,0,0.7099187250713644,0.5506622969105741,0.5720214353158932,0.9824681111349555,0
0.8674576828800407,0.10576773376032711,1,271,1,5,0,2,0.7098507031284216,0.155433016431884,0.16950044596142944,0.20684485084761084,0
9.495727706536599,0.09505337815070891,0,30,0,6,1,1,0.4821552720780704,0.06851742291924057,0.3374315100990697,0.3969651158653724,0
4.630468067525807,0.6591334331178952,0,523,0,2,1,1,0.29549137747594134,0.4787720409162798,0.06321449634042198,0.41545102506846876,0
6.302354949729883,0.6126214787935487,0,871,0,1,0,2,0.5963388398078464,0.8436361171154982,0.3225627053189696,0.6105745024903672,0
0.23260440121767756,0.5185210056020849,0,1083,0,3,1,2,0.11305806283179087,0.4856288497777719,0.5121998547162784,0.9626704988459508,0
2.787101805563399,0.5003264481591394,0,473,0,2,0,7,0.5973706197881318,0.07965427475910503,0.9364508199622841,0.3056083939835642,0
5.053976545593862,0.15313685268787158,0,738,0,10,0,5,0.10273863557185148,0.304356773932413,0.1777408188301769,0.7537405249642075,0
8.862183133894039,0.5006042247600873,0,273,1,10,1,5,0.9017980302351681,0.44609250474883766,0.02761990821945448,0.7785621322888714,1
2.714394175643763,0.05993777660037991,0,1094,0,1,1,5,0.7438714942580089,0.28115575550989347,0.37719409508251034,0.6961636957967221,0
7.751913198587196,0.9258584586026879,0,253,1,5,0,0,0.18120997779621917,0.33753644674244754,0.6075887174856545,0.5882738373989254,0
6.622129282587018,0.05802755400260684,0,1291,0,4,1,3,0.7846603658308698,0.5001682706641224,0.6076318267906988,0.571720462335494,0
1.1527076780574497,0.4235301948939185,0,268,0,1,1,4,0.7258528126205601,0.9424699973358847,0.34555426907380893,0.28205233319420253,0
2.933751727919965,0.000571056403172232,0,996,0,7,0,7,0.7284447549159266,0.8048499143229629,0.037607848319943904,0.1372501868567335,0
2.3786403643861975,0.7861504387832445,0,496,0,9,0,3,0.33528178348960636,0.20437642904458153,0.9189112486481886,0.33406005308331055,0
4.425275875732854,0.16617018853563004,0,1494,0,7,1,2,0.5227408931155286,0.7852583237851092,0.5017826108191079,0.2295899041230277,1
6.353342430475842,0.9249160178216781,0,420,1,10,1,6,0.5857748050918329,0.3945445422889281,0.776526902666137,0.652624136679841,1
4.334197555085066,0.04397774786056452,0,1423,0,7,1,1,0.3769782861185007,0.8157161947828842,0.3969021279399487,0.8531375088473944,1
2.4453657575180596,0.8207873345644269,1,1254,0,6,1,7,0.5603988801805411,0.6171071318656394,0.8314306820680106,0.1586929007685467,1
6.958787682282754,0.6566378128155882,1,701,0,10,0,2,0.24401640606649833,0.6789843135317291,0.7846879252508555,0.6594683208540488,0
5.844710947114899,0.24973571888589052,0,742,0,8,0,0,0.8748846879526664,0.36210221409181775,0.0952914953406917,0.12187036371881343,0
5.193139074156919,0.20241960923059488,0,530,0,8,1,2,0.9603365292107457,0.7131916067797838,0.051265901873155495,0.38009788785257503,0
5.544195974459783,0.35767793337702236,0,641,0,8,1,7,0.3267329508280227,0.5656903550395463,0.14950287427514664,0.17318443535777417,0
2.2190064629382356,0.8284028831753549,1,698,0,1,0,3,0.34239758754014127,0.6185719314627205,0.8228415177476478,0.2995427204503994,1
6.804310610924562,0.8619565483354555,0,218,1,8,1,0,0.2162101230132788,0.5470450774788495,0.2695215985818661,0.8585750032624574,1
3.8750053553876826,0.17528537952432577,0,484,0,8,0,2,0.8647793273290132,0.05579068270181786,0.39578465469271396,0.4197395118620808,0
3.6346781973001963,0.3534480396843307,0,1313,0,5,0,5,0.16336179480360646,0.4742476828706117,0.578380848035311,0.10859941289366382,0
1.4973420826677053,0.23749138390225388,0,1468,0,6,1,0,0.7988588495238007,0.05125566166249007,0.6518790569306813,0.198949716835077,0
5.968373345504464,0.1226428476378979,0,82,0,9,0,7,0.832328638344919,0.16850130899203053,0.42635825288730755,0.8436446484452413,0
6.026644105465065,0.646449387528928,0,1098,0,2,0,6,0.3162189665541978,0.4755923076688702,0.44916527955000163,0.4101597216319721,0
3.4030064366652835,0.3458710232355353,0,359,1,6,0,6,0.7767915940096597,0.40617439758356044,0.32813080453105414,0.9359792969389967,0
8.598500568655341,0.2253840447763341,0,980,1,8,0,6,0.45297199224137097,0.04793693030505908,0.09403153841914758,0.5612248702588404,0
8.454578987154283,0.8659977735019763,0,932,0,3,1,1,0.3484526076992056,0.1372248398616569,0.14831578929930955,0.5070799997779344,0
1.090543064824313,0.7483179309035665,0,1318,0,3,0,6,0.8933784212621251,0.46529383070357666,0.889899213660638,0.4561763121980479,0
6.950383878099182,0.7737611486963425,0,1053,0,1,0,1,0.453528093687228,0.9676595503992743,0.9748507656261496,0.773456270904324,0
3.9383475618502226,0.03919589118328015,1,1235,0,4,1,1,0.055229689609469945,0.48639587081280466,0.8254541471016326,0.835705174465634,1
9.997148510628929,0.9151304492310662,0,1201,1,4,1,0,0.6345214009056577,0.7725535095826439,0.3057978902511037,0.12704926045970655,0
2.250236296846524,0.5747383779742352,1,971,0,10,1,1,0.6580023254565164,0.44305818355335547,0.17834965543912207,0.40841467396438624,1
2.805242054144894,0.5038028046845188,0,615,1,1,1,1,0.6346504859365889,0.1917248145424194,0.509191059266808,0.2827688939183638,1
4.421062945557274,0.010585346027781162,0,505,0,7,1,7,0.36031883977761325,0.02118211237569867,0.09461040033228896,0.8993829974791648,0
2.6871514868066315,0.8976622104341047,0,520,0,1,1,0,0.6786148213680994,0.3754930424338606,0.9149634862552096,0.7347087562148904,1
6.919933663865142,0.5438904704860006,0,537,1,8,0,5,0.29109431968291943,0.9194912019632153,0.7680035464889156,0.2923266563445459,0
4.809081121814805,0.8251534623405353,1,432,0,5,0,0,0.46436217594114937,0.3248246070722576,0.9736144131370454,0.4083731210317003,1
2.2087883484954016,0.6555109607382937,0,466,1,5,0,7,0.2167067199762941,0.36852738033842025,0.8559096843552391,0.41920670272014016,0
5.063740694865626,0.7966936135108804,0,852,1,10,1,4,0.613252436142649,0.692719538060294,0.40881084990697614,0.9318132314141346,1
8.887877663650384,0.6929317485578024,0,405,0,8,1,4,0.8105007646210093,0.736912837670748,0.3142156906069622,0.47368352602791963,0
7.923956468500528,0.9209639023358267,0,522,0,2,1,0,0.0976665629539174,0.6083845200026012,0.8342132398920294,0.01842796353065357,0
4.98828924426821,0.2254841863395497,0,1063,0,3,1,6,0.027012342981862614,0.3382274146862133,0.587898623796049,0.7300854700194284,0
2.884926031419477,0.20210010473290718,0,492,0,3,1,3,0.7611344035653149,0.9452558807088358,0.8786912024894822,0.09654346007479453,0
1.7988646470252778,0.712541561945122,0,159,0,7,0,1,0.32287981584266523,0.352510391515124,0.3251984449270712,0.6307399092855047,0
8.783828771868954,0.501394800583469,0,25,0,9,0,5,0.32382547858953037,0.29200980875018456,0.5464658865492534,0.5134998324202049,0
7.101669404986963,0.59916117033487,0,1147,0,7,0,7,0.564739531087537,0.8431596538314663,0.4623370394084212,0.7627089109180791,0
5.7216330314745845,0.708542469191227,0,1422,1,5,0,0,0.48673756470209883,0.9352221518953959,0.18324192496516445,0.5501442939495816,1
8.794346459536683,0.5474281970000026,0,1023,1,8,1,1,0.12156003019799944,0.9565632663782248,0.5410737744675937,0.17523384252503005,0
1.216902873740895,0.7876934476661962,0,90,0,8,0,5,0.7604351313986152,0.5332182339973006,0.08340336367810264,0.8939616049134561,0
6.824892860020682,0.31886735593585247,0,845,0,1,0,0,0.1762714770530096,0.869491390930578,0.37499702976618166,0.9033280065129106,0
2.1671231241323197,0.8589904435996921,0,406,0,6,1,6,0.8260282238168117,0.1837101795845536,0.533429083706426,0.42068366117820566,0
1.20577441015987,0.10767635292560074,0,481,0,8,0,4,0.7643476425442703,0.8889990944332524,0.14524073452812603,0.609418191116257,0
4.6560851000693315,0.6340039769611868,0,1382,1,7,0,4,0.16722660512267162,0.7581918095182556,0.75364987560681,0.5524219687214759,1
3.873929297643537,0.8901325075267976,0,1236,1,3,0,2,0.758213670540954,0.3991872293316061,0.19081194085692754,0.5342375734846776,1
9.411736093251854,0.25269412790170465,0,1103,1,2,0,3,0.6609395288607538,0.24518445159921332,0.7285437192831759,0.09019961590079584,0
3.2397954675181637,0.32683467492391294,0,751,0,3,1,0,0.9818201228208365,0.7596497927232738,0.023955507718375735,0.49398078227338604,1
8.149022590520024,0.3054417784927389,0,867,1,4,0,5,0.7118288935648162,0.43058499470895606,0.688880993490869,0.22514842385337253,0
7.488270004683447,0.5642637117750338,0,1373,1,10,0,4,0.39021745315347867,0.9786154590364375,0.40041594404128233,0.7978479837803246,0
6.679238700585363,0.4128718155651485,0,991,0,7,0,4,0.6200576431032383,0.8546002754349399,0.7901104408947768,0.8488001053349012,0
9.204004729600596,0.10795928499490237,0,868,0,9,0,6,0.6618722242886221,0.7904310025364837,0.5619663040916895,0.018686179722960605,0
4.0792459438134205,0.89128722175646,0,145,0,1,0,4,0.7456503331863745,0.33379216770392073,0.38004259265411977,0.7367347732972711,0
3.8967118598286565,0.20467662915867413,0,1494,0,8,0,3,0.4686258464820481,0.7116517303062689,0.6638019433013462,0.11484650931139406,0
1.6094742358150937,0.5340800109885296,0,1212,0,2,1,6,0.8276944308676665,0.7559248562107664,0.3879066327695687,0.009851346488759738,0
2.7576207549506915,0.5948048959372615,0,547,0,6,0,7,0.286941774106135,0.40944813628873966,0.35620087893383157,0.013679652103055884,0
8.797764560608707,0.0407518436475417,0,375,0,4,1,6,0.963340305787683,0.09458398281747449,0.425627357265449,0.46600731623048974,0
4.74382132911368,0.09571232765433724,0,1451,1,9,1,4,0.310430637050514,0.7352837541109939,0.7103982185812563,0.8141127893750816,0
3.4135332219071044,0.9716897104295517,0,1434,1,7,0,2,0.03754615660679639,0.2944659158729601,0.6149410760767986,0.3114039097590525,1
2.1611205508217113,0.6645123401493824,0,630,1,5,0,1,0.20013491895340407,0.13276198611356937,0.9165111317249867,0.9246292297329685,0
4.84960250243615,0.03356517704642692,0,347,1,6,1,3,0.9274404214954216,0.04268288123476016,0.0003729699422090338,0.4211341892804583,1
7.166653704645288,0.7941992206529987,0,1196,0,8,0,6,0.7900513802047434,0.3272579614754605,0.16095303937315963,0.18865479232401305,0
2.866920254570754,0.5085428092774855,0,938,1,8,1,6,0.43937087790180007,0.5099431839549319,0.4940199775469216,0.4590784567870547,1
7.577165208126542,0.07519957207847561,0,1350,0,6,0,1,0.9051552956136079,0.038396274508964656,0.6696513297023462,0.6269599364861922,0
6.297877747249184,0.6807520980477912,0,817,1,8,0,4,0.24663305038124128,0.5634014471684962,0.08963610672710332,0.5057061396502056,1
7.875625625397042,0.4993518058684685,0,827,1,8,1,5,0.2335582438407614,0.8953868408258422,0.29420411694457704,0.4406663419756863,1
2.509096288749123,0.20491980111092323,0,214,0,1,1,5,0.12895830281975396,0.5979237598819092,0.9885714657173107,0.18845539753027785,0
6.310281447330453,0.8777022720888196,1,904,0,4,0,7,0.4424322983233545,0.5245871616260439,0.3276448909023605,0.6993404827846672,1
1.5373527948884191,0.29137985830025415,0,544,0,10,1,0,0.5141256062777371,0.23226538700425248,0.38012048707264057,0.35039739576726636,0
3.6379698216463674,0.2845566354533078,0,308,0,4,0,3,0.14514118577802126,0.4392489258702118,0.23878577657835154,0.9705778126547694,0
7.243600948428012,0.27277358179227873,0,1171,0,9,0,0,0.11460549588310509,0.6005661506476536,0.01743904959462783,0.40063332668726537,0
6.316683855799359,0.7674557770890512,0,518,0,6,1,5,0.3904518855390856,0.8651006048081177,0.2853950522980182,0.22155850043284597,1
1.8786072533752196,0.7061186703805321,0,318,0,3,0,4,0.23261887098555245,0.8818387732861517,0.16105731971934178,0.8596474231987118,0
8.583426720925292,0.9031456854703575,0,1440,0,4,0,3,0.5742639988926158,0.45192856667965164,0.3810243498656831,0.20868813476080306,0
0.5335098234518187,0.22933921958427972,1,1444,1,5,0,6,0.5243351902892015,0.18366425108171724,0.23244088015288566,0.16811534570271203,1
5.952156885166495,0.7863645955428084,0,741,0,2,1,6,0.16248350489611585,0.7073730589406255,0.4038585012128203,0.7185129560552818,0
9.838205002316062,0.573045576528096,0,443,1,4,0,2,0.013277009681242347,0.9505698347971235,0.26945460239513397,0.29814960980440897,0
5.315047318427486,0.30867960965266783,0,242,0,7,1,6,0.6447896631361855,0.9579031208861107,0.9156079439729075,0.41734865645523944,0
8.006718199594207,0.03545413240775064,0,940,0,10,1,7,0.7728854980792053,0.9956526711536313,0.2913859102474643,0.4510522438778889,0
5.9518097318910215,0.8189475498511101,0,916,0,10,1,0,0.4882727079107657,0.25223406636485346,0.18861042968456665,0.7835498864379631,0
7.830883149229926,0.24107137151335634,0,928,1,4,0,6,0.5755009427363602,0.8369236514331369,0.7620322469123517,0.5742938995680184,0
6.555941353552872,0.6317430362149195,0,1151,0,8,0,0,0.9617114298971953,0.05170408274395333,0.8117457090286927,0.7413872074384806,0
6.911320145375287,0.5488679360598125,0,706,0,4,1,6,0.7677038870168659,0.015037876424899399,0.5630062464298634,0.9874938424876304,1
2.2781115108638406,0.004449538646783879,0,1024,0,9,0,5,0.3338098704812119,0.6737668056919998,0.3448549605727834,0.7109636197073402,0
7.418209135729176,0.9943436299397624,0,983,0,10,0,6,0.8503016738624661,0.11988168443756175,0.8342192927541415,0.2788538137175509,1
2.3790988666433077,0.8143293558001288,0,1193,0,5,0,4,0.5484922386316943,0.38835985257870587,0.6698696146207512,0.7669491165860373,0
9.806402751425882,0.48647127063668205,0,1115,0,7,1,2,0.521934439252935,0.012452456879107121,0.38103546108083997,0.8499220699090819,0
2.277871909612047,0.6803413702423831,0,53,0,9,1,5,0.6918719228842253,0.08679135199621835,0.3916623923319209,0.43079490735732595,0
2.366840035976563,0.4765942365907726,0,928,1,2,0,2,0.42948497897007454,0.2086563115321841,0.002446052374587171,0.6595361059345918,0
8.58673120483864,0.7445862712787308,0,1463,0,3,0,0,0.8807725361728636,0.5544670647247848,0.05776717356831973,0.4903961949600125,1
2.4298586196281913,0.13432854581889409,0,839,0,7,1,0,0.167284430255898,0.3319407742879006,0.13481676084202343,0.12755120430645595,0
3.6090279349128296,0.4463509952340303,1,794,0,2,0,6,0.421913292194381,0.5638568087199622,0.2472789204371202,0.7288045569183864,1
7.146401611790269,0.33553717707286,0,909,1,8,1,3,0.06486363440669385,0.6489731618124333,0.9260706531449167,0.4436470913626861,0
1.5874858019476323,0.45965524349403486,0,839,0,3,0,1,0.7053942892632754,0.0033655199790918466,0.8216166576333677,0.34641156148576535,1
1.5907175482750224,0.4504726528603642,0,602,0,4,0,0,0.27029522568132636,0.8476990645473023,0.0407750770732801,0.46773629242672077,0
4.86358423266619,0.14309394977919432,0,1490,0,9,0,0,0.4254246725235322,0.05774556526246977,0.014919209104176323,0.5820503321811923,0
2.4369675423272685,0.9764885707090291,1,106,1,6,0,6,0.886362206172885,0.8730546090143685,0.586003791831002,0.7568683814325143,1
2.3565795556903355,0.01549214278812805,0,1221,0,8,0,1,0.1862855387106468,0.9760599938274767,0.376481814106184,0.9086919847209929,0
0.0923892141851268,0.010072944817398843,0,239,1,7,1,6,0.0022515283356350224,0.9035202729287805,0.8017750314970088,0.6842529911079115,0
3.7044959119794796,0.3734413185336578,0,309,1,6,0,4,0.5781198003438713,0.5421742382928318,0.9728809093013772,0.9942925940108583,0
3.182505546184032,0.6203763493468175,0,910,0,6,1,1,0.43754524036749387,0.7696654995615909,0.4942574650810063,0.15748805967982105,0
0.31155810826670405,0.17965322681492824,0,956,0,9,0,7,0.05496072712397437,0.17268213749279826,0.17740779893936054,0.15433590059928215,0
6.212331782136635,0.533194003904161,1,1390,0,10,0,3,0.2962456738633735,0.9370924705227666,0.8927728072133063,0.7904329407714181,1
6.26655182003354,0.7227719679634789,0,441,0,1,0,3,0.23910602223064992,0.02332906050067063,0.4222051780340952,0.6335136563379363,0
0.7080047177365889,0.09406060904015112,0,38,0,6,0,5,0.2606181319215207,0.5514791699642002,0.4171374278996234,0.8621146428391772,0
3.1704156290945305,0.9844224080159334,0,382,0,8,0,5,0.789662383240353,0.4611889582341243,0.7039192982822374,0.6789441828959433,0
8.728055319953977,0.3367006477392943,0,816,0,7,1,5,0.304749804247191,0.7968955619195475,0.36991704474376896,0.012595928454181005,0
5.8216706824457845,0.642415413787249,0,536,1,5,0,4,0.48962650325466006,0.7450331541504724,0.23484529696272527,0.6726958197183421,1
4.119747240119879,0.1107198581865757,0,378,0,8,0,7,0.2655200843501361,0.33017896792632784,0.7416968525888876,0.2116542540482792,0
4.6510192846409595,0.7094863887213264,0,1371,0,5,0,3,0.9505401743900457,0.16352854456133437,0.18583989781224441,0.4469387920269743,0
2.0827999443580514,0.840456347062486,0,842,0,2,1,1,0.7742138183858339,0.7942734599370193,0.03927187980098201,0.6915123409257197,1
8.118815007079279,0.10528514233062236,1,1008,0,3,0,1,0.42328261320897886,0.9774775273436533,0.4976242444153266,0.6562879174186516,0
9.140047054509676,0.12586315437006623,0,1124,0,1,0,1,0.7269833744293747,0.09786988465440905,0.03393601898643628,0.382539335808756,0
9.106640422500437,0.2810474143872277,0,613,1,8,0,6,0.31482521759521076,0.7328870828564684,0.790943185014738,0.7130665926611102,0
2.239343916922997,0.011935815375329284,0,1103,0,10,0,6,0.08222988822649036,0.5156870493079526,0.977405412543885,0.9441563116624558,0
3.1074026777645694,0.9860512943372298,1,1445,0,4,0,2,0.4305222037381311,0.3119861845396352,0.9486383762391226,0.23077217340979927,1
1.606227748095368,0.5983840749526497,0,1087,1,8,1,0,0.5645853549298914,0.01444722953147759,0.14891095700247248,0.11943574001815327,0
3.072011336323132,0.6075894499635455,1,445,0,10,1,5,0.3493546691890299,0.7240671123981679,0.9319871503395217,0.1350186602278204,0
3.328053721226003,0.958962169651636,0,1168,0,4,0,6,0.40153838819989984,0.13203028991984922,0.11183577056946403,0.45761101943707383,0
6.331057370646355,0.8320292543194271,1,354,0,9,0,0,0.7144288238428329,0.8508157302913627,0.3544088252200779,0.2982385546357126,1
1.8964638154812463,0.8142429309683494,0,108,0,1,0,1,0.895447382059497,0.2645907104003,0.08433301037035046,0.467475542812659,0
9.193969243677437,0.33950236990162563,0,666,1,7,1,2,0.8941060429549513,0.5923441107008409,0.8226746433470952,0.08434306816985127,0
1.0309947008530995,0.33486339346464544,0,764,1,2,1,3,0.575691813806857,0.2842413218679337,0.22374258785841405,0.2469323209169203,0
0.06878011034333054,0.29173795981264683,1,704,0,8,0,0,0.6294903572890259,0.7022597176991295,0.6649003476258492,0.3471644126124257,0
8.549451286305331,0.3466957617763199,0,392,0,1,1,4,0.5328112653478542,0.1171504573037957,0.7626879698833088,0.9338423665835512,1
7.037698077660497,0.36950876135985056,0,409,1,9,0,3,0.3712357187716151,0.3430185089063451,0.38076191538076287,0.29703794760327396,0
3.5535987035599845,0.14000368898059334,0,1381,0,4,0,6,0.7381596960372582,0.5089592632752118,0.7892857473489322,0.04820113401575987,0
5.9549970591011805,0.35594786270209355,0,437,1,3,1,7,0.11124528373300213,0.5854570657291069,0.3255870980798846,0.31103179109656887,0
2.2354410083923337,0.4467470352447276,1,1174,1,6,1,0,0.8940141708902414,0.579577835561214,0.14822903777623375,0.936883254027861,1
1.6838964864537598,0.30934733874665854,0,386,0,10,0,3,0.28371946912397916,0.07939591186145878,0.4598536597964974,0.42723682569310373,0
4.711491351387228,0.1653469681575478,0,161,0,2,1,6,0.21882215143711414,0.0337763147351432,0.7103204074221513,0.818568914569695,0
3.5318782972096088,0.37341039817849764,0,94,0,4,1,0,0.27399420734481583,0.2371915868675879,0.039702108516393775,0.26726200562109537,0
6.152300505352921,0.48090777321643585,1,364,0,7,0,6,0.8117169346276453,0.03770632869344903,0.8062447034983169,0.1357786796896855,1
